name,position,team,xP,assists,bonus,bps,clean_sheets,creativity,element,expected_assists,expected_goal_involvements,expected_goals,expected_goals_conceded,fixture,goals_conceded,goals_scored,ict_index,influence,kickoff_time,minutes,modified,opponent_team,own_goals,penalties_missed,penalties_saved,red_cards,round,saves,selected,starts,team_a_score,team_h_score,threat,total_points,transfers_balance,transfers_in,transfers_out,value,was_home,yellow_cards,defensive_contribution,GW
David Raya Martín,GK,Arsenal,,0,0,24,1,0.0,1,0.00,0.00,0.00,0.20,1,0,0,0.0,0.0,2026-08-21T19:00:00Z,90,FALSE,7,0,0,0,0,1,1,3347153,1,0,3,0.0,6,0,0,0,60,True,0,0,1
Kepa Arrizabalaga Revuelta,GK,Arsenal,,0,0,0,0,0.0,2,0.00,0.00,0.00,0.00,1,0,0,0.0,0.0,2026-08-21T19:00:00Z,0,FALSE,7,0,0,0,0,1,0,7415,0,0,3,0.0,0,0,0,0,50,True,0,0,1
Illan Meslier,GK,Arsenal,,0,0,0,0,0.0,3,0.00,0.00,0.00,0.00,1,0,0,0.0,0.0,2026-08-21T19:00:00Z,0,FALSE,7,0,0,0,0,1,0,2971,0,0,3,0.0,0,0,0,0,50,True,0,0,1
Gabriel dos Santos Magalhães,DEF,Arsenal,,0,0,21,1,0.0,4,0.01,0.06,0.05,0.20,1,0,0,0.0,0.0,2026-08-21T19:00:00Z,90,FALSE,7,0,0,0,0,1,0,2647984,1,0,3,0.0,5,0,0,0,80,True,1,4,1
Jurriën Timber,DEF,Arsenal,,0,0,0,0,0.0,5,0.00,0.00,0.00,0.00,1,0,0,0.0,0.0,2026-08-21T19:00:00Z,0,FALSE,7,0,0,0,0,1,0,11200,0,0,3,0.0,0,0,0,0,65,True,0,0,1
William Saliba,DEF,Arsenal,,0,0,0,0,0.0,6,0.00,0.00,0.00,0.00,1,0,0,0.0,0.0,2026-08-21T19:00:00Z,0,FALSE,7,0,0,0,0,1,0,26559,0,0,3,0.0,0,0,0,0,60,True,0,0,1
Myles Lewis-Skelly,MID,Arsenal,,0,0,15,1,0.0,7,0.11,0.17,0.06,0.20,1,0,0,0.0,0.0,2026-08-21T19:00:00Z,90,FALSE,7,0,0,0,0,1,0,55656,1,0,3,0.0,3,0,0,0,55,True,0,7,1
Riccardo Calafiori,DEF,Arsenal,,1,0,31,1,0.0,8,0.09,0.13,0.04,0.06,1,0,0,0.0,0.0,2026-08-21T19:00:00Z,80,FALSE,7,0,0,0,0,1,0,3542684,1,0,3,0.0,9,0,0,0,55,True,0,5,1
Piero Hincapié,DEF,Arsenal,,0,0,3,0,0.0,9,0.00,0.00,0.00,0.15,1,0,0,0.0,0.0,2026-08-21T19:00:00Z,9,FALSE,7,0,0,0,0,1,0,165924,0,0,3,0.0,1,0,0,0,55,True,0,0,1
Benjamin White,DEF,Arsenal,,1,2,37,1,0.0,10,0.21,0.39,0.18,0.20,1,0,0,0.0,0.0,2026-08-21T19:00:00Z,90,FALSE,7,0,0,0,0,1,0,401419,1,0,3,0.0,11,0,0,0,55,True,0,5,1
Cristhian Mosquera,DEF,Arsenal,,0,0,27,1,0.0,11,0.00,0.00,0.00,0.20,1,0,0,0.0,0.0,2026-08-21T19:00:00Z,90,FALSE,7,0,0,0,0,1,0,571606,1,0,3,0.0,6,0,0,0,55,True,0,6,1
Bukayo Saka,MID,Arsenal,,0,1,36,1,0.0,12,0.08,0.72,0.64,0.06,1,0,1,0.0,0.0,2026-08-21T19:00:00Z,67,FALSE,7,0,0,0,0,1,0,819914,1,0,3,0.0,9,0,0,0,95,True,0,7,1
Declan Rice,MID,Arsenal,,0,0,10,1,0.0,13,0.08,0.15,0.07,0.06,1,0,0,0.0,0.0,2026-08-21T19:00:00Z,67,FALSE,7,0,0,0,0,1,0,1604406,1,0,3,0.0,3,0,0,0,75,True,0,6,1
Eberechi Eze,MID,Arsenal,,0,0,4,0,0.0,14,0.00,0.04,0.04,0.15,1,0,0,0.0,0.0,2026-08-21T19:00:00Z,14,FALSE,7,0,0,0,0,1,0,188164,0,0,3,0.0,1,0,0,0,65,True,0,2,1
Martin Ødegaard,MID,Arsenal,,0,3,41,1,0.0,15,0.10,0.31,0.21,0.06,1,0,1,0.0,0.0,2026-08-21T19:00:00Z,75,FALSE,7,0,0,0,0,1,0,717252,1,0,3,0.0,11,0,0,0,65,True,0,8,1
Noni Madueke,MID,Arsenal,,0,0,8,0,0.0,16,0.04,0.04,0.00,0.15,1,0,0,0.0,0.0,2026-08-21T19:00:00Z,22,FALSE,7,0,0,0,0,1,0,30442,0,0,3,0.0,1,0,0,0,65,True,0,2,1
Mikel Merino Zazón,MID,Arsenal,,0,0,5,0,0.0,17,0.02,0.16,0.14,0.15,1,0,0,0.0,0.0,2026-08-21T19:00:00Z,14,FALSE,7,0,0,0,0,1,0,62671,0,0,3,0.0,1,0,0,0,60,True,0,2,1
Gabriel Martinelli Silva,MID,Arsenal,,0,0,0,0,0.0,18,0.00,0.00,0.00,0.00,1,0,0,0.0,0.0,2026-08-21T19:00:00Z,0,FALSE,7,0,0,0,0,1,0,21290,0,0,3,0.0,0,0,0,0,65,True,0,0,1
Martín Zubimendi Ibáñez,MID,Arsenal,,0,0,3,0,0.0,19,0.02,0.02,0.00,0.15,1,0,0,0.0,0.0,2026-08-21T19:00:00Z,22,FALSE,7,0,0,0,0,1,0,107568,0,0,3,0.0,1,0,0,0,55,True,0,3,1
Max Dowman,MID,Arsenal,,0,0,0,0,0.0,20,0.00,0.00,0.00,0.00,1,0,0,0.0,0.0,2026-08-21T19:00:00Z,0,FALSE,7,0,0,0,0,1,0,8920,0,0,3,0.0,0,0,0,0,55,True,0,0,1
Ethan Nwaneri,MID,Arsenal,,0,0,0,0,0.0,22,0.00,0.00,0.00,0.00,1,0,0,0.0,0.0,2026-08-21T19:00:00Z,0,FALSE,7,0,0,0,0,1,0,1260,0,0,3,0.0,0,0,0,0,55,True,0,0,1
Fábio Ferreira Vieira,MID,Arsenal,,0,0,0,0,0.0,23,0.00,0.00,0.00,0.00,1,0,0,0.0,0.0,2026-08-21T19:00:00Z,0,FALSE,7,0,0,0,0,1,0,892,0,0,3,0.0,0,0,0,0,55,True,0,0,1
Reiss Nelson,MID,Arsenal,,0,0,0,0,0.0,24,0.00,0.00,0.00,0.00,1,0,0,0.0,0.0,2026-08-21T19:00:00Z,0,FALSE,7,0,0,0,0,1,0,853,0,0,3,0.0,0,0,0,0,55,True,0,0,1
Viktor Gyökeres,FWD,Arsenal,,0,0,0,0,0.0,25,0.00,0.00,0.00,0.00,1,0,0,0.0,0.0,2026-08-21T19:00:00Z,0,FALSE,7,0,0,0,0,1,0,816962,0,0,3,0.0,0,0,0,0,75,True,0,0,1
Kai Havertz,FWD,Arsenal,,0,0,34,1,0.0,26,0.03,0.29,0.26,0.20,1,0,1,0.0,0.0,2026-08-21T19:00:00Z,90,FALSE,7,0,0,0,0,1,0,468616,1,0,3,0.0,6,0,0,0,75,True,0,2,1
Gabriel Fernando de Jesus,FWD,Arsenal,,0,0,0,0,0.0,27,0.00,0.00,0.00,0.00,1,0,0,0.0,0.0,2026-08-21T19:00:00Z,0,FALSE,7,0,0,0,0,1,0,31403,0,0,3,0.0,0,0,0,0,60,True,0,0,1
Ezri Konsa Ngoyo,DEF,Arsenal,,0,0,0,0,0.0,31,0.00,0.00,0.00,0.00,1,0,0,0.0,0.0,2026-08-21T19:00:00Z,0,FALSE,7,0,0,0,0,1,0,1206127,0,0,3,0.0,0,0,0,0,45,True,0,0,1
Bruno Guimarães Rodriguez Moura,MID,Arsenal,,0,0,0,0,0.0,452,0.00,0.00,0.00,0.00,1,0,0,0.0,0.0,2026-08-21T19:00:00Z,0,FALSE,7,0,0,0,0,1,0,391151,0,0,3,0.0,0,0,0,0,70,True,0,0,1
Christos Tzolis,MID,Arsenal,,1,0,30,1,0.0,557,0.14,0.33,0.19,0.06,1,0,0,0.0,0.0,2026-08-21T19:00:00Z,75,FALSE,7,0,0,0,0,1,0,2247384,1,0,3,0.0,6,0,0,0,65,True,0,6,1
Emiliano Martínez Romero,GK,Aston Villa,,0,0,0,0,0.0,28,0.00,0.00,0.00,0.00,7,0,0,0.0,0.0,2026-08-23T13:00:00Z,0,FALSE,5,0,0,0,0,1,0,388040,0,0,4,0.0,0,0,0,0,50,False,0,0,1
Marco Bizot,GK,Aston Villa,,0,0,1,0,0.0,29,0.00,0.00,0.00,3.77,7,4,0,0.0,0.0,2026-08-23T13:00:00Z,90,FALSE,5,0,0,0,0,1,3,10183,1,0,4,0.0,1,0,0,0,45,False,0,0,1
Lucas Digne,DEF,Aston Villa,,0,0,0,0,0.0,30,0.00,0.00,0.00,0.00,7,0,0,0.0,0.0,2026-08-23T13:00:00Z,0,FALSE,5,0,0,0,0,1,0,13780,0,0,4,0.0,0,0,0,0,45,False,0,0,1
Matty Cash,DEF,Aston Villa,,0,0,-8,0,0.0,32,0.00,0.00,0.00,3.77,7,4,0,0.0,0.0,2026-08-23T13:00:00Z,90,FALSE,5,0,0,0,0,1,0,789072,1,0,4,0.0,-1,0,0,0,45,False,1,7,1
Tyrone Mings,DEF,Aston Villa,,0,0,5,0,0.0,33,0.00,0.00,0.00,0.22,7,0,0,0.0,0.0,2026-08-23T13:00:00Z,16,FALSE,5,0,0,0,0,1,0,29034,0,0,4,0.0,1,0,0,0,45,False,0,1,1
Pau Torres,DEF,Aston Villa,,0,0,-14,0,0.0,34,0.00,0.00,0.00,3.55,7,4,0,0.0,0.0,2026-08-23T13:00:00Z,73,FALSE,5,0,0,0,0,1,0,38472,1,0,4,0.0,0,0,0,0,45,False,0,5,1
Lamare Bogarde,MID,Aston Villa,,0,0,3,0,0.0,35,0.00,0.00,0.00,0.22,7,0,0,0.0,0.0,2026-08-23T13:00:00Z,16,FALSE,5,0,0,0,0,1,0,5822,0,0,4,0.0,1,0,0,0,50,False,0,1,1
Ian Maatsen,DEF,Aston Villa,,0,0,-9,0,0.0,36,0.00,0.03,0.03,3.62,7,4,0,0.0,0.0,2026-08-23T13:00:00Z,81,FALSE,5,0,0,0,0,1,0,71952,1,0,4,0.0,0,0,0,0,45,False,0,9,1
Victor Lindelöf,DEF,Aston Villa,,0,0,-13,0,0.0,37,0.00,0.00,0.00,3.77,7,4,0,0.0,0.0,2026-08-23T13:00:00Z,90,FALSE,5,1,0,0,0,1,0,24630,1,0,4,0.0,-2,0,0,0,45,False,0,3,1
Andrés García,DEF,Aston Villa,,0,0,0,0,0.0,38,0.00,0.00,0.00,0.00,7,0,0,0.0,0.0,2026-08-23T13:00:00Z,0,FALSE,5,0,0,0,0,1,0,157304,0,0,4,0.0,0,0,0,0,40,False,0,0,1
Kosta Nedeljkovic,DEF,Aston Villa,,0,0,0,0,0.0,39,0.00,0.00,0.00,0.00,7,0,0,0.0,0.0,2026-08-23T13:00:00Z,0,FALSE,5,0,0,0,0,1,0,29043,0,0,4,0.0,0,0,0,0,40,False,0,0,1
Emiliano Buendía Stati,MID,Aston Villa,,0,0,4,0,0.0,41,0.09,0.22,0.13,3.62,7,4,0,0.0,0.0,2026-08-23T13:00:00Z,85,FALSE,5,0,0,0,0,1,0,120830,1,0,4,0.0,2,0,0,0,60,False,0,7,1
Leon Bailey,MID,Aston Villa,,0,0,0,0,0.0,44,0.00,0.00,0.00,0.00,7,0,0,0.0,0.0,2026-08-23T13:00:00Z,0,FALSE,5,0,0,0,0,1,0,12940,0,0,4,0.0,0,0,0,0,55,False,0,0,1
John McGinn,MID,Aston Villa,,0,0,8,0,0.0,45,0.01,0.05,0.04,3.62,7,4,0,0.0,0.0,2026-08-23T13:00:00Z,81,FALSE,5,0,0,0,0,1,0,290994,1,0,4,0.0,1,0,0,0,55,False,1,6,1
Ross Barkley,MID,Aston Villa,,0,0,11,0,0.0,46,0.02,0.12,0.10,3.55,7,4,0,0.0,0.0,2026-08-23T13:00:00Z,73,FALSE,5,0,0,0,0,1,0,20508,1,0,4,0.0,2,0,0,0,50,False,0,1,1
Boubacar Kamara,MID,Aston Villa,,0,0,9,0,0.0,47,0.00,0.00,0.00,3.77,7,4,0,0.0,0.0,2026-08-23T13:00:00Z,90,FALSE,5,0,0,0,0,1,0,31172,1,0,4,0.0,2,0,0,0,50,False,0,7,1
Amadou Onana,MID,Aston Villa,,0,0,0,0,0.0,48,0.00,0.00,0.00,0.00,7,0,0,0.0,0.0,2026-08-23T13:00:00Z,0,FALSE,5,0,0,0,0,1,0,2081,0,0,4,0.0,0,0,0,0,50,False,0,0,1
Samuel Iling-Junior,MID,Aston Villa,,0,0,0,0,0.0,49,0.00,0.00,0.00,0.00,7,0,0,0.0,0.0,2026-08-23T13:00:00Z,0,FALSE,5,0,0,0,0,1,0,394,0,0,4,0.0,0,0,0,0,50,False,0,0,1
Bradley Burrowes,MID,Aston Villa,,0,0,0,0,0.0,50,0.00,0.00,0.00,0.00,7,0,0,0.0,0.0,2026-08-23T13:00:00Z,0,FALSE,5,0,0,0,0,1,0,60228,0,0,4,0.0,0,0,0,0,45,False,0,0,1
George Hemmings,MID,Aston Villa,,0,0,12,0,0.0,51,0.00,0.00,0.00,3.77,7,4,0,0.0,0.0,2026-08-23T13:00:00Z,90,FALSE,5,0,0,0,0,1,0,60759,1,0,4,0.0,2,0,0,0,45,False,0,5,1
Alysson Edward Franco da Rocha dos Santos,MID,Aston Villa,,0,0,5,0,0.0,52,0.00,0.00,0.00,0.14,7,0,0,0.0,0.0,2026-08-23T13:00:00Z,8,FALSE,5,0,0,0,0,1,0,3792,0,0,4,0.0,1,0,0,0,50,False,0,3,1
Johan Manzambi,MID,Aston Villa,,0,0,0,0,0.0,53,0.00,0.00,0.00,0.00,7,0,0,0.0,0.0,2026-08-23T13:00:00Z,0,FALSE,5,0,0,0,0,1,0,26624,0,0,4,0.0,0,0,0,0,60,False,0,0,1
Joao Gomes,MID,Aston Villa,,0,0,-2,0,0.0,54,0.01,0.01,0.00,2.58,7,4,0,0.0,0.0,2026-08-23T13:00:00Z,39,FALSE,5,0,0,0,1,1,0,6573,1,0,4,0.0,-2,0,0,0,55,False,0,7,1
Ollie Watkins,FWD,Aston Villa,,0,0,0,0,0.0,55,0.00,0.00,0.00,0.00,7,0,0,0.0,0.0,2026-08-23T13:00:00Z,0,FALSE,5,0,0,0,0,1,0,898121,0,0,4,0.0,0,0,0,0,80,False,0,0,1
Tammy Abraham,FWD,Aston Villa,,0,0,0,0,0.0,56,0.00,0.00,0.00,0.00,7,0,0,0.0,0.0,2026-08-23T13:00:00Z,0,FALSE,5,0,0,0,0,1,0,11764,0,0,4,0.0,0,0,0,0,55,False,0,0,1
Alejandro Garnacho Ferreyra,MID,Aston Villa,,0,0,2,0,0.0,160,0.00,0.00,0.00,0.14,7,0,0,0.0,0.0,2026-08-23T13:00:00Z,4,FALSE,5,0,0,0,0,1,0,54802,0,0,4,0.0,1,0,0,0,60,False,0,0,1
Brian Madjo,FWD,Aston Villa,,0,0,0,0,0.0,582,0.00,0.00,0.00,0.00,7,0,0,0.0,0.0,2026-08-23T13:00:00Z,0,FALSE,5,0,0,0,0,1,0,46241,0,0,4,0.0,0,0,0,0,55,False,0,0,1
Matteo Ruggeri,DEF,Aston Villa,,0,0,3,0,0.0,596,0.00,0.00,0.00,0.14,7,0,0,0.0,0.0,2026-08-23T13:00:00Z,8,FALSE,5,0,0,0,0,1,0,7884,0,0,4,0.0,1,0,0,0,45,False,0,2,1
Zion Suzuki,GK,Aston Villa,,0,0,0,0,0.0,597,0.00,0.00,0.00,0.00,7,0,0,0.0,0.0,2026-08-23T13:00:00Z,0,FALSE,5,0,0,0,0,1,0,61739,0,0,4,0.0,0,0,0,0,50,False,0,0,1
Triston Rowe,DEF,Aston Villa,,0,0,0,0,0.0,606,0.00,0.00,0.00,0.00,7,0,0,0.0,0.0,2026-08-23T13:00:00Z,0,FALSE,5,0,0,0,0,1,0,0,0,0,4,0.0,0,0,0,0,40,False,0,0,1
Luka Lynch,MID,Aston Villa,,0,0,0,0,0.0,607,0.00,0.00,0.00,0.00,7,0,0,0.0,0.0,2026-08-23T13:00:00Z,0,FALSE,5,0,0,0,0,1,0,0,0,0,4,0.0,0,0,0,0,45,False,0,0,1
Đorđe Petrović,GK,Bournemouth,,0,0,13,0,0.0,57,0.00,0.00,0.00,2.25,8,2,0,0.0,0.0,2026-08-23T13:00:00Z,90,FALSE,15,0,0,0,0,1,4,288326,1,1,2,0.0,2,0,0,0,45,False,0,0,1
Fraser Forster,GK,Bournemouth,,0,0,0,0,0.0,58,0.00,0.00,0.00,0.00,8,0,0,0.0,0.0,2026-08-23T13:00:00Z,0,FALSE,15,0,0,0,0,1,0,283903,0,1,2,0.0,0,0,0,0,40,False,0,0,1
Will Dennis,GK,Bournemouth,,0,0,0,0,0.0,59,0.00,0.00,0.00,0.00,8,0,0,0.0,0.0,2026-08-23T13:00:00Z,0,FALSE,15,0,0,0,0,1,0,16822,0,1,2,0.0,0,0,0,0,40,False,0,0,1
James Hill,DEF,Bournemouth,,0,0,0,0,0.0,60,0.00,0.00,0.00,2.25,8,2,0,0.0,0.0,2026-08-23T13:00:00Z,90,FALSE,15,0,0,0,0,1,0,72436,1,1,2,0.0,1,0,0,0,55,False,0,6,1
Adrien Truffert,DEF,Bournemouth,,0,0,0,0,0.0,61,0.00,0.00,0.00,2.25,8,2,0,0.0,0.0,2026-08-23T13:00:00Z,90,FALSE,15,0,0,0,0,1,0,392050,1,1,2,0.0,1,0,0,0,55,False,0,7,1
Bafodé Diakité,DEF,Bournemouth,,0,0,0,0,0.0,62,0.00,0.00,0.00,0.00,8,0,0,0.0,0.0,2026-08-23T13:00:00Z,0,FALSE,15,0,0,0,0,1,0,15573,0,1,2,0.0,0,0,0,0,50,False,0,0,1
Veljko Milosavljevic,DEF,Bournemouth,,0,0,0,0,0.0,63,0.00,0.00,0.00,0.00,8,0,0,0.0,0.0,2026-08-23T13:00:00Z,0,FALSE,15,0,0,0,0,1,0,1122,0,1,2,0.0,0,0,0,0,50,False,0,0,1
Adam Smith,DEF,Bournemouth,,0,0,4,0,0.0,64,0.00,0.00,0.00,2.25,8,2,0,0.0,0.0,2026-08-23T13:00:00Z,90,FALSE,15,0,0,0,0,1,0,8561,1,1,2,0.0,1,0,0,0,45,False,0,5,1
Julián Araujo Zúñiga,DEF,Bournemouth,,0,0,0,0,0.0,65,0.00,0.00,0.00,0.00,8,0,0,0.0,0.0,2026-08-23T13:00:00Z,0,FALSE,15,0,0,0,0,1,0,1775,0,1,2,0.0,0,0,0,0,45,False,0,0,1
Julio Soler Barreto,DEF,Bournemouth,,0,0,0,0,0.0,66,0.00,0.00,0.00,0.00,8,0,0,0.0,0.0,2026-08-23T13:00:00Z,0,FALSE,15,0,0,0,0,1,0,19739,0,1,2,0.0,0,0,0,0,40,False,0,0,1
Rayan Vitor Simplício Rocha,MID,Bournemouth,,0,0,9,0,0.0,67,0.03,0.07,0.04,2.06,8,1,0,0.0,0.0,2026-08-23T13:00:00Z,88,FALSE,15,0,0,0,0,1,0,242374,1,1,2,0.0,2,0,0,0,65,False,0,1,1
Marcus Tavernier,MID,Bournemouth,,0,3,32,0,0.0,68,0.08,0.48,0.40,2.25,8,2,1,0.0,0.0,2026-08-23T13:00:00Z,90,FALSE,15,0,0,0,0,1,0,139421,1,1,2,0.0,10,0,0,0,60,False,0,8,1
Alex Scott,MID,Bournemouth,,0,0,17,0,0.0,69,0.01,0.01,0.00,2.25,8,2,0,0.0,0.0,2026-08-23T13:00:00Z,90,FALSE,15,0,0,0,0,1,0,134668,1,1,2,0.0,2,0,0,0,60,False,0,11,1
Justin Kluivert,MID,Bournemouth,,0,0,15,1,0.0,70,0.00,0.11,0.11,1.94,8,0,0,0.0,0.0,2026-08-23T13:00:00Z,74,FALSE,15,0,0,0,0,1,0,96045,1,1,2,0.0,3,0,0,0,60,False,0,9,1
Lewis Cook,MID,Bournemouth,,0,0,8,1,0.0,71,0.00,0.00,0.00,1.94,8,0,0,0.0,0.0,2026-08-23T13:00:00Z,75,FALSE,15,0,0,0,0,1,0,13065,1,1,2,0.0,3,0,0,0,50,False,0,7,1
Ben Gannon-Doak,MID,Bournemouth,,0,0,3,0,0.0,72,0.00,0.00,0.00,0.19,8,1,0,0.0,0.0,2026-08-23T13:00:00Z,1,FALSE,15,0,0,0,0,1,0,7889,0,1,2,0.0,1,0,0,0,50,False,0,1,1
Tyler Adams,MID,Bournemouth,,0,0,4,0,0.0,73,0.00,0.00,0.00,0.31,8,2,0,0.0,0.0,2026-08-23T13:00:00Z,15,FALSE,15,0,0,0,0,1,0,19512,0,1,2,0.0,1,0,0,0,50,False,0,3,1
David Brooks,MID,Bournemouth,,0,0,0,0,0.0,74,0.00,0.00,0.00,0.00,8,0,0,0.0,0.0,2026-08-23T13:00:00Z,0,FALSE,15,0,0,0,0,1,0,4610,0,1,2,0.0,0,0,0,0,50,False,0,0,1
Ryan Christie,MID,Bournemouth,,0,0,0,0,0.0,75,0.00,0.00,0.00,0.00,8,0,0,0.0,0.0,2026-08-23T13:00:00Z,0,FALSE,15,0,0,0,0,1,0,1007,0,1,2,0.0,0,0,0,0,50,False,0,0,1
Alex Tóth,MID,Bournemouth,,0,0,5,0,0.0,76,0.00,0.00,0.00,0.31,8,2,0,0.0,0.0,2026-08-23T13:00:00Z,15,FALSE,15,0,0,0,0,1,0,1238,0,1,2,0.0,1,0,0,0,50,False,0,2,1
Amine Adli,MID,Bournemouth,,0,0,0,0,0.0,77,0.00,0.00,0.00,0.00,8,0,0,0.0,0.0,2026-08-23T13:00:00Z,0,FALSE,15,0,0,0,0,1,0,3087,0,1,2,0.0,0,0,0,0,50,False,0,0,1
Junior Kroupi,MID,Bournemouth,,0,0,0,0,0.0,78,0.00,0.00,0.00,0.00,8,0,0,0.0,0.0,2026-08-23T13:00:00Z,0,FALSE,15,0,0,0,0,1,0,42378,0,1,2,0.0,0,0,0,0,75,False,0,0,1
Francisco Evanilson de Lima Barbosa,FWD,Bournemouth,,1,0,17,1,0.0,79,0.21,0.21,0.00,1.94,8,0,0,0.0,0.0,2026-08-23T13:00:00Z,74,FALSE,15,0,0,0,0,1,0,200122,1,1,2,0.0,4,0,0,0,60,False,1,8,1
Enes Ünal,FWD,Bournemouth,,0,0,0,0,0.0,80,0.00,0.00,0.00,0.00,8,0,0,0.0,0.0,2026-08-23T13:00:00Z,0,FALSE,15,0,0,0,0,1,0,3581,0,1,2,0.0,0,0,0,0,55,False,0,0,1
Álvaro Rodríguez,FWD,Bournemouth,,0,0,0,0,0.0,81,0.00,0.00,0.00,0.00,8,0,0,0.0,0.0,2026-08-23T13:00:00Z,0,FALSE,15,0,0,0,0,1,0,9051,0,1,2,0.0,0,0,0,0,60,False,0,0,1
António João Pereira de Albuquerque Tavares da Silva,DEF,Bournemouth,,0,0,5,0,0.0,566,0.00,0.00,0.00,2.25,8,2,0,0.0,0.0,2026-08-23T13:00:00Z,90,FALSE,15,0,0,0,0,1,0,23702,1,1,2,0.0,2,0,0,0,50,False,1,13,1
Juanlu Sánchez,DEF,Bournemouth,,0,0,0,0,0.0,573,0.00,0.00,0.00,0.00,8,0,0,0.0,0.0,2026-08-23T13:00:00Z,0,FALSE,15,0,0,0,0,1,0,18342,0,1,2,0.0,0,0,0,0,45,False,0,0,1
Daniel Jebbison,FWD,Bournemouth,,0,0,6,0,0.0,608,0.00,0.10,0.10,0.31,8,2,0,0.0,0.0,2026-08-23T13:00:00Z,15,FALSE,15,0,0,0,0,1,0,0,0,1,2,0.0,1,0,0,0,50,False,0,1,1
Caoimhín Kelleher,GK,Brentford,,0,0,34,1,0.0,82,0.01,0.01,0.00,0.57,2,0,0,0.0,0.0,2026-08-22T16:30:00Z,90,FALSE,19,0,0,0,0,1,4,513912,1,0,3,0.0,7,0,0,0,50,True,0,0,1
Hákon Rafn Valdimarsson,GK,Brentford,,0,0,0,0,0.0,83,0.00,0.00,0.00,0.00,2,0,0,0.0,0.0,2026-08-22T16:30:00Z,0,FALSE,19,0,0,0,0,1,0,9667,0,0,3,0.0,0,0,0,0,45,True,0,0,1
Nathan Collins,DEF,Brentford,,0,0,21,1,0.0,84,0.04,0.38,0.34,0.57,2,0,0,0.0,0.0,2026-08-22T16:30:00Z,90,FALSE,19,0,0,0,0,1,0,156847,1,0,3,0.0,6,0,0,0,55,True,0,3,1
Sepp van den Berg,DEF,Brentford,,0,0,0,0,0.0,85,0.00,0.00,0.00,0.00,2,0,0,0.0,0.0,2026-08-22T16:30:00Z,0,FALSE,19,0,0,0,0,1,0,14391,0,0,3,0.0,0,0,0,0,50,True,0,0,1
Keane Lewis-Potter,MID,Brentford,,0,2,37,1,0.0,86,0.12,0.89,0.77,0.57,2,0,1,0.0,0.0,2026-08-22T16:30:00Z,90,FALSE,19,0,0,0,0,1,0,38558,1,0,3,0.0,10,0,0,0,55,True,0,10,1
Kristoffer Ajer,DEF,Brentford,,0,0,29,1,0.0,87,0.02,0.13,0.11,0.57,2,0,0,0.0,0.0,2026-08-22T16:30:00Z,90,FALSE,19,0,0,0,0,1,0,318142,1,0,3,0.0,8,0,0,0,45,True,0,10,1
Michael Kayode,DEF,Brentford,,0,1,36,1,0.0,88,0.00,0.50,0.50,0.47,2,0,1,0.0,0.0,2026-08-22T16:30:00Z,75,FALSE,19,0,0,0,0,1,0,282611,1,0,3,0.0,13,0,0,0,45,True,0,4,1
Rico Henry,DEF,Brentford,,0,0,0,0,0.0,89,0.00,0.00,0.00,0.00,2,0,0,0.0,0.0,2026-08-22T16:30:00Z,0,FALSE,19,0,0,0,0,1,0,22322,0,0,3,0.0,0,0,0,0,45,True,0,0,1
Aaron Hickey,DEF,Brentford,,0,0,2,0,0.0,90,0.00,0.00,0.00,0.10,2,0,0,0.0,0.0,2026-08-22T16:30:00Z,14,FALSE,19,0,0,0,0,1,0,5416,0,0,3,0.0,1,0,0,0,45,True,0,0,1
Ethan Pinnock,DEF,Brentford,,0,0,0,0,0.0,91,0.00,0.00,0.00,0.00,2,0,0,0.0,0.0,2026-08-22T16:30:00Z,0,FALSE,19,0,0,0,0,1,0,7000,0,0,3,0.0,0,0,0,0,45,True,0,0,1
Kim Ji-soo,DEF,Brentford,,0,0,0,0,0.0,92,0.00,0.00,0.00,0.00,2,0,0,0.0,0.0,2026-08-22T16:30:00Z,0,FALSE,19,0,0,0,0,1,0,1635,0,0,3,0.0,0,0,0,0,45,True,0,0,1
Jannik Schuster,DEF,Brentford,,0,0,0,0,0.0,93,0.00,0.00,0.00,0.00,2,0,0,0.0,0.0,2026-08-22T16:30:00Z,0,FALSE,19,0,0,0,0,1,0,15125,0,0,3,0.0,0,0,0,0,45,True,0,0,1
Kevin Schade,MID,Brentford,,0,0,17,1,0.0,94,0.01,0.53,0.52,0.57,2,0,0,0.0,0.0,2026-08-22T16:30:00Z,90,FALSE,19,0,0,0,0,1,0,330810,1,0,3,0.0,3,0,0,0,60,True,0,9,1
Dango Ouattara,MID,Brentford,,0,0,6,1,0.0,95,0.29,0.34,0.05,0.47,2,0,0,0.0,0.0,2026-08-22T16:30:00Z,66,FALSE,19,0,0,0,0,1,0,105835,1,0,3,0.0,3,0,0,0,65,True,0,6,1
Mikkel Damsgaard,MID,Brentford,,0,0,6,0,0.0,96,0.11,0.11,0.00,0.10,2,0,0,0.0,0.0,2026-08-22T16:30:00Z,14,FALSE,19,0,0,0,0,1,0,52929,0,0,3,0.0,1,0,0,0,55,True,0,4,1
Mathias Jensen,MID,Brentford,,1,0,22,1,0.0,97,0.34,0.42,0.08,0.47,2,0,0,0.0,0.0,2026-08-22T16:30:00Z,66,FALSE,19,0,0,0,0,1,0,16245,1,0,3,0.0,6,0,0,0,55,True,0,5,1
Vitaly Janelt,MID,Brentford,,0,0,35,1,0.0,98,0.17,0.56,0.39,0.57,2,0,1,0.0,0.0,2026-08-22T16:30:00Z,90,FALSE,19,0,0,0,0,1,0,9018,1,0,3,0.0,9,0,0,0,50,True,1,13,1
Antoni Milambo,MID,Brentford,,0,0,0,0,0.0,99,0.00,0.00,0.00,0.00,2,0,0,0.0,0.0,2026-08-22T16:30:00Z,0,FALSE,19,0,0,0,0,1,0,187,0,0,3,0.0,0,0,0,0,50,True,0,0,1
Fábio Freitas Gouveia Carvalho,MID,Brentford,,0,0,0,0,0.0,100,0.00,0.00,0.00,0.00,2,0,0,0.0,0.0,2026-08-22T16:30:00Z,0,FALSE,19,0,0,0,0,1,0,1459,0,0,3,0.0,0,0,0,0,50,True,0,0,1
Yehor Yarmoliuk,MID,Brentford,,0,0,7,0,0.0,102,0.00,0.04,0.04,0.10,2,0,0,0.0,0.0,2026-08-22T16:30:00Z,23,FALSE,19,0,0,0,0,1,0,123741,0,0,3,0.0,1,0,0,0,50,True,0,6,1
Josh Dasilva,MID,Brentford,,0,0,0,0,0.0,103,0.00,0.00,0.00,0.00,2,0,0,0.0,0.0,2026-08-22T16:30:00Z,0,FALSE,19,0,0,0,0,1,0,2396,0,0,3,0.0,0,0,0,0,50,True,0,0,1
Jaidon Anthony,MID,Brentford,,0,0,9,0,0.0,105,0.35,0.38,0.03,0.10,2,0,0,0.0,0.0,2026-08-22T16:30:00Z,23,FALSE,19,0,0,0,0,1,0,14244,0,0,3,0.0,1,0,0,0,60,True,0,8,1
Igor Thiago Nascimento Rodrigues,FWD,Brentford,,0,0,-3,1,0.0,106,0.08,1.08,1.00,0.50,2,0,0,0.0,0.0,2026-08-22T16:30:00Z,82,FALSE,19,0,1,0,0,1,0,1509299,1,0,3,0.0,0,0,0,0,80,True,0,5,1
Kaye Furo,FWD,Brentford,,0,0,0,0,0.0,107,0.00,0.00,0.00,0.00,2,0,0,0.0,0.0,2026-08-22T16:30:00Z,0,FALSE,19,0,0,0,0,1,0,78000,0,0,3,0.0,0,0,0,0,45,True,0,0,1
Callum Wilson,FWD,Brentford,,0,0,4,0,0.0,108,0.04,0.07,0.03,0.07,2,0,0,0.0,0.0,2026-08-22T16:30:00Z,7,FALSE,19,0,0,0,0,1,0,30450,0,0,3,0.0,1,0,0,0,55,True,0,0,1
Mamadou Sangaré,MID,Brentford,,2,3,41,1,0.0,565,0.33,0.38,0.05,0.47,2,0,0,0.0,0.0,2026-08-22T16:30:00Z,75,FALSE,19,0,0,0,0,1,0,294770,1,0,3,0.0,14,0,0,0,55,True,0,13,1
Bart Verbruggen,GK,Brighton,,0,0,25,1,0.0,109,0.00,0.00,0.00,0.29,7,0,0,0.0,0.0,2026-08-23T13:00:00Z,90,FALSE,2,0,0,0,0,1,0,1987586,1,0,4,0.0,6,0,0,0,45,True,0,0,1
Jason Steele,GK,Brighton,,0,0,0,0,0.0,111,0.00,0.00,0.00,0.00,7,0,0,0.0,0.0,2026-08-23T13:00:00Z,0,FALSE,2,0,0,0,0,1,0,369830,0,0,4,0.0,0,0,0,0,40,True,0,0,1
Ferdi Kadıoğlu,DEF,Brighton,,0,0,0,0,0.0,113,0.00,0.00,0.00,0.00,7,0,0,0.0,0.0,2026-08-23T13:00:00Z,0,FALSE,2,0,0,0,0,1,0,265528,0,0,4,0.0,0,0,0,0,45,True,0,0,1
Olivier Boscagli,DEF,Brighton,,0,0,29,1,0.0,114,0.04,0.04,0.00,0.29,7,0,0,0.0,0.0,2026-08-23T13:00:00Z,90,FALSE,2,0,0,0,0,1,0,19109,1,0,4,0.0,6,0,0,0,45,True,0,6,1
Maxim De Cuyper,DEF,Brighton,,1,2,46,1,0.0,115,0.21,1.68,1.47,0.29,7,0,1,0.0,0.0,2026-08-23T13:00:00Z,77,FALSE,2,0,0,0,0,1,0,151636,1,0,4,0.0,17,0,0,0,45,True,0,4,1
Lewis Dunk,DEF,Brighton,,0,0,24,1,0.0,116,0.04,0.04,0.00,0.29,7,0,0,0.0,0.0,2026-08-23T13:00:00Z,90,FALSE,2,0,0,0,0,1,0,88762,1,0,4,0.0,6,0,0,0,45,True,0,2,1
Diego Coppola,DEF,Brighton,,0,0,0,0,0.0,117,0.00,0.00,0.00,0.00,7,0,0,0.0,0.0,2026-08-23T13:00:00Z,0,FALSE,2,0,0,0,0,1,0,1583,0,0,4,0.0,0,0,0,0,45,True,0,0,1
Igor Julio dos Santos de Paulo,DEF,Brighton,,0,0,0,0,0.0,118,0.00,0.00,0.00,0.00,7,0,0,0.0,0.0,2026-08-23T13:00:00Z,0,FALSE,2,0,0,0,0,1,0,7195,0,0,4,0.0,0,0,0,0,45,True,0,0,1
João Pedro Loureiro da Costa,DEF,Brighton,,0,0,7,0,0.0,119,0.00,0.12,0.12,0.10,7,0,0,0.0,0.0,2026-08-23T13:00:00Z,26,FALSE,2,0,0,0,0,1,0,2148,0,0,4,0.0,1,0,0,0,45,True,0,4,1
Michael Svoboda,DEF,Brighton,,0,0,0,0,0.0,120,0.00,0.00,0.00,0.00,7,0,0,0.0,0.0,2026-08-23T13:00:00Z,0,FALSE,2,0,0,0,0,1,0,3997,0,0,4,0.0,0,0,0,0,50,True,0,0,1
Mitoma Kaoru,MID,Brighton,,0,0,0,0,0.0,121,0.00,0.00,0.00,0.00,7,0,0,0.0,0.0,2026-08-23T13:00:00Z,0,FALSE,2,0,0,0,0,1,0,4360,0,0,4,0.0,0,0,0,0,60,True,0,0,1
Yankuba Minteh,MID,Brighton,,0,0,0,0,0.0,122,0.00,0.00,0.00,0.00,7,0,0,0.0,0.0,2026-08-23T13:00:00Z,0,FALSE,2,0,0,0,0,1,0,9337,0,0,4,0.0,0,0,0,0,60,True,0,0,1
Jack Hinshelwood,MID,Brighton,,0,3,54,1,0.0,123,0.02,1.43,1.41,0.19,7,0,2,0.0,0.0,2026-08-23T13:00:00Z,63,FALSE,2,0,0,0,0,1,0,39219,1,0,4,0.0,16,0,0,0,60,True,0,3,1
Pascal Groß,MID,Brighton,,0,0,18,1,0.0,124,0.27,0.27,0.00,0.29,7,0,0,0.0,0.0,2026-08-23T13:00:00Z,90,FALSE,2,0,0,0,0,1,0,1308033,1,0,4,0.0,2,0,0,0,55,True,1,5,1
Georginio Rutter,FWD,Brighton,,1,0,22,1,0.0,125,0.44,0.52,0.08,0.29,7,0,0,0.0,0.0,2026-08-23T13:00:00Z,90,FALSE,2,0,0,0,0,1,0,78765,1,0,4,0.0,5,0,0,0,55,True,0,7,1
Matt O'Riley,MID,Brighton,,0,0,0,0,0.0,126,0.00,0.00,0.00,0.00,7,0,0,0.0,0.0,2026-08-23T13:00:00Z,0,FALSE,2,0,0,0,0,1,0,8249,0,0,4,0.0,0,0,0,0,55,True,0,0,1
Diego Gómez Amarilla,MID,Brighton,,1,0,27,1,0.0,127,0.48,0.66,0.18,0.29,7,0,0,0.0,0.0,2026-08-23T13:00:00Z,85,FALSE,2,0,0,0,0,1,0,355972,1,0,4,0.0,6,0,0,0,50,True,0,6,1
Facundo Buonanotte,MID,Brighton,,0,0,0,0,0.0,128,0.00,0.00,0.00,0.00,7,0,0,0.0,0.0,2026-08-23T13:00:00Z,0,FALSE,2,0,0,0,0,1,0,528,0,0,4,0.0,0,0,0,0,50,True,0,0,1
Yasin Ayari,MID,Brighton,,0,0,8,1,0.0,129,0.03,0.14,0.11,0.19,7,0,0,0.0,0.0,2026-08-23T13:00:00Z,63,FALSE,2,0,0,0,0,1,0,61091,1,0,4,0.0,2,0,0,0,55,True,1,4,1
Mats Wieffer,DEF,Brighton,,0,1,32,1,0.0,130,0.05,0.14,0.09,0.29,7,0,0,0.0,0.0,2026-08-23T13:00:00Z,77,FALSE,2,0,0,0,0,1,0,22925,1,0,4,0.0,7,0,0,0,50,True,0,8,1
Carlos Baleba,MID,Brighton,,0,0,0,0,0.0,131,0.00,0.00,0.00,0.00,7,0,0,0.0,0.0,2026-08-23T13:00:00Z,0,FALSE,2,0,0,0,0,1,0,17798,0,0,4,0.0,0,0,0,0,50,True,0,0,1
Harry Howell,MID,Brighton,,0,0,0,0,0.0,132,0.00,0.00,0.00,0.00,7,0,0,0.0,0.0,2026-08-23T13:00:00Z,0,FALSE,2,0,0,0,0,1,0,6770,0,0,4,0.0,0,0,0,0,45,True,0,0,1
Tom Watson,MID,Brighton,,0,0,0,0,0.0,133,0.00,0.00,0.00,0.00,7,0,0,0.0,0.0,2026-08-23T13:00:00Z,0,FALSE,2,0,0,0,0,1,0,241,0,0,4,0.0,0,0,0,0,50,True,0,0,1
Nehemiah Oriola,MID,Brighton,,0,0,0,0,0.0,134,0.00,0.00,0.00,0.00,7,0,0,0.0,0.0,2026-08-23T13:00:00Z,0,FALSE,2,0,0,0,0,1,0,24725,0,0,4,0.0,0,0,0,0,45,True,0,0,1
Zadok Yohanna,MID,Brighton,,0,0,3,0,0.0,135,0.03,0.03,0.00,0.00,7,0,0,0.0,0.0,2026-08-23T13:00:00Z,12,FALSE,2,0,0,0,0,1,0,6623,0,0,4,0.0,1,0,0,0,50,True,0,0,1
Stefanos Tzimas,FWD,Brighton,,0,0,0,0,0.0,137,0.00,0.00,0.00,0.00,7,0,0,0.0,0.0,2026-08-23T13:00:00Z,0,FALSE,2,0,0,0,0,1,0,879,0,0,4,0.0,0,0,0,0,55,True,0,0,1
Charalampos Kostoulas,FWD,Brighton,,0,0,-1,0,0.0,138,0.00,0.18,0.18,0.10,7,0,0,0.0,0.0,2026-08-23T13:00:00Z,26,FALSE,2,0,0,0,0,1,0,19339,0,0,4,0.0,1,0,0,0,55,True,0,2,1
Evan Ferguson,FWD,Brighton,,0,0,0,0,0.0,139,0.00,0.00,0.00,0.00,7,0,0,0.0,0.0,2026-08-23T13:00:00Z,0,FALSE,2,0,0,0,0,1,0,2877,0,0,4,0.0,0,0,0,0,50,True,0,0,1
Pascal Struijk,DEF,Brighton,,0,0,0,0,0.0,328,0.00,0.00,0.00,0.00,7,0,0,0.0,0.0,2026-08-23T13:00:00Z,0,FALSE,2,0,0,0,0,1,0,19933,0,0,4,0.0,0,0,0,0,50,True,0,0,1
Luka Vušković,DEF,Brighton,,0,0,19,1,0.0,504,0.03,0.16,0.13,0.29,7,0,0,0.0,0.0,2026-08-23T13:00:00Z,90,FALSE,2,0,0,0,0,1,0,221596,1,0,4,0.0,6,0,0,0,50,True,0,4,1
Promise David,FWD,Brighton,,0,0,0,0,0.0,594,0.00,0.00,0.00,0.00,7,0,0,0.0,0.0,2026-08-23T13:00:00Z,0,FALSE,2,0,0,0,0,1,0,20944,0,0,4,0.0,0,0,0,0,60,True,0,0,1
Ibrahim Osman,MID,Brighton,,0,0,7,0,0.0,600,0.05,0.05,0.00,0.00,7,0,0,0.0,0.0,2026-08-23T13:00:00Z,12,FALSE,2,0,0,0,0,1,0,633,0,0,4,0.0,1,0,0,0,50,True,0,2,1
Malick Yalcouyé,MID,Brighton,,0,0,3,0,0.0,605,0.01,0.01,0.00,0.00,7,0,0,0.0,0.0,2026-08-23T13:00:00Z,4,FALSE,2,0,0,0,0,1,0,0,0,0,4,0.0,1,0,0,0,45,True,0,0,1
Morgan Rogers,MID,Chelsea,,0,1,37,0,0.0,40,0.10,1.06,0.96,1.24,10,2,1,0.0,0.0,2026-08-24T19:00:00Z,81,FALSE,10,0,0,0,0,1,0,2178086,1,3,2,0.0,8,0,0,0,75,False,0,7,1
Jordan Henderson,MID,Chelsea,,0,0,0,0,0.0,101,0.00,0.00,0.00,0.00,10,0,0,0.0,0.0,2026-08-24T19:00:00Z,0,FALSE,10,0,0,0,0,1,0,3629,0,3,2,0.0,0,0,0,0,50,False,0,0,1
Danny Welbeck,FWD,Chelsea,,0,0,0,0,0.0,136,0.00,0.00,0.00,0.00,10,0,0,0.0,0.0,2026-08-24T19:00:00Z,0,FALSE,10,0,0,0,0,1,0,112037,0,3,2,0.0,0,0,0,0,60,False,0,0,1
Robert Lynch Sánchez,GK,Chelsea,,0,0,6,0,0.0,140,0.01,0.01,0.00,1.33,10,2,0,0.0,0.0,2026-08-24T19:00:00Z,90,FALSE,10,0,0,0,0,1,4,207899,1,3,2,0.0,2,0,0,0,50,False,0,0,1
Filip Jörgensen,GK,Chelsea,,0,0,0,0,0.0,141,0.00,0.00,0.00,0.00,10,0,0,0.0,0.0,2026-08-24T19:00:00Z,0,FALSE,10,0,0,0,0,1,0,1796,0,3,2,0.0,0,0,0,0,50,False,0,0,1
Reece James,DEF,Chelsea,,0,0,5,0,0.0,142,0.07,0.17,0.10,1.33,10,2,0,0.0,0.0,2026-08-24T19:00:00Z,90,FALSE,10,0,0,0,0,1,0,879361,1,3,2,0.0,0,0,0,0,55,False,1,6,1
Trevoh Chalobah,DEF,Chelsea,,0,0,0,0,0.0,143,0.00,0.00,0.00,0.00,10,0,0,0.0,0.0,2026-08-24T19:00:00Z,0,FALSE,10,0,0,0,0,1,0,21121,0,3,2,0.0,0,0,0,0,55,False,0,0,1
Malo Gusto,DEF,Chelsea,,0,0,2,0,0.0,144,0.03,0.03,0.00,1.11,10,2,0,0.0,0.0,2026-08-24T19:00:00Z,75,FALSE,10,0,0,0,0,1,0,98423,1,3,2,0.0,1,0,0,0,50,False,0,3,1
Wesley Fofana,DEF,Chelsea,,0,0,0,0,0.0,145,0.00,0.00,0.00,0.00,10,0,0,0.0,0.0,2026-08-24T19:00:00Z,0,FALSE,10,0,0,0,0,1,0,1057,0,3,2,0.0,0,0,0,0,50,False,0,0,1
Benoît Badiashile Mukinayi,DEF,Chelsea,,0,0,0,0,0.0,146,0.00,0.00,0.00,0.00,10,0,0,0.0,0.0,2026-08-24T19:00:00Z,0,FALSE,10,0,0,0,0,1,0,2313,0,3,2,0.0,0,0,0,0,45,False,0,0,1
Tosin Adarabioyo,DEF,Chelsea,,0,0,0,0,0.0,147,0.00,0.00,0.00,0.00,10,0,0,0.0,0.0,2026-08-24T19:00:00Z,0,FALSE,10,0,0,0,0,1,0,18070,0,3,2,0.0,0,0,0,0,45,False,0,0,1
Jorrel Hato,DEF,Chelsea,,0,0,5,0,0.0,148,0.03,0.04,0.01,1.05,10,2,0,0.0,0.0,2026-08-24T19:00:00Z,64,FALSE,10,0,0,0,0,1,0,40724,1,3,2,0.0,1,0,0,0,45,False,0,3,1
Levi Samuels Colwill,DEF,Chelsea,,0,0,6,0,0.0,149,0.03,0.04,0.01,1.33,10,2,0,0.0,0.0,2026-08-24T19:00:00Z,90,FALSE,10,0,0,0,0,1,0,142918,1,3,2,0.0,0,0,0,0,50,False,1,4,1
Mamadou Sarr,DEF,Chelsea,,0,0,0,0,0.0,150,0.00,0.00,0.00,0.00,10,0,0,0.0,0.0,2026-08-24T19:00:00Z,0,FALSE,10,0,0,0,0,1,0,6689,0,3,2,0.0,0,0,0,0,45,False,0,0,1
Josh Acheampong,DEF,Chelsea,,0,0,13,0,0.0,151,0.01,0.01,0.00,1.33,10,2,0,0.0,0.0,2026-08-24T19:00:00Z,90,FALSE,10,0,0,0,0,1,0,24066,1,3,2,0.0,3,0,0,0,45,False,0,15,1
Marco Palestra,DEF,Chelsea,,0,0,0,0,0.0,152,0.00,0.00,0.00,0.00,10,0,0,0.0,0.0,2026-08-24T19:00:00Z,0,FALSE,10,0,0,0,0,1,0,263643,0,3,2,0.0,0,0,0,0,55,False,0,0,1
Axel Disasi,DEF,Chelsea,,0,0,0,0,0.0,153,0.00,0.00,0.00,0.00,10,0,0,0.0,0.0,2026-08-24T19:00:00Z,0,FALSE,10,0,0,0,0,1,0,5243,0,3,2,0.0,0,0,0,0,45,False,0,0,1
Cole Palmer,MID,Chelsea,,1,3,60,0,0.0,154,0.19,0.47,0.28,1.24,10,2,1,0.0,0.0,2026-08-24T19:00:00Z,82,FALSE,10,0,0,0,0,1,0,919516,1,3,2,0.0,13,0,0,0,95,False,0,9,1
Enzo Fernández,MID,Chelsea,,0,0,6,0,0.0,155,0.02,0.02,0.00,0.28,10,0,0,0.0,0.0,2026-08-24T19:00:00Z,25,FALSE,10,0,0,0,0,1,0,442051,0,3,2,0.0,1,0,0,0,70,False,0,3,1
Pedro Lomba Neto,MID,Chelsea,,0,0,9,0,0.0,156,0.07,0.10,0.03,0.22,10,0,0,0.0,0.0,2026-08-24T19:00:00Z,14,FALSE,10,0,0,0,0,1,0,116795,0,3,2,0.0,1,0,0,0,65,False,0,4,1
Estêvão Almeida de Oliveira Gonçalves,MID,Chelsea,,0,0,3,0,0.0,157,0.00,0.00,0.00,0.09,10,0,0,0.0,0.0,2026-08-24T19:00:00Z,7,FALSE,10,0,0,0,0,1,0,109575,0,3,2,0.0,1,0,0,0,65,False,0,1,1
Jamie Bynoe-Gittens,MID,Chelsea,,0,0,0,0,0.0,158,0.00,0.00,0.00,0.00,10,0,0,0.0,0.0,2026-08-24T19:00:00Z,0,FALSE,10,0,0,0,0,1,0,3231,0,3,2,0.0,0,0,0,0,60,False,0,0,1
Moisés Caicedo Corozo,MID,Chelsea,,0,0,0,0,0.0,159,0.00,0.00,0.00,0.00,10,0,0,0.0,0.0,2026-08-24T19:00:00Z,0,FALSE,10,0,0,0,0,1,0,347122,0,3,2,0.0,0,0,0,0,55,False,0,0,1
Roméo Lavia,MID,Chelsea,,0,0,8,0,0.0,161,0.03,0.24,0.21,1.05,10,2,0,0.0,0.0,2026-08-24T19:00:00Z,64,FALSE,10,0,0,0,0,1,0,4654,1,3,2,0.0,1,0,0,0,50,False,1,9,1
Dário Luís Essugo,MID,Chelsea,,0,0,0,0,0.0,163,0.00,0.00,0.00,0.00,10,0,0,0.0,0.0,2026-08-24T19:00:00Z,0,FALSE,10,0,0,0,0,1,0,18298,0,3,2,0.0,0,0,0,0,45,False,0,0,1
Geovany Quenda,MID,Chelsea,,0,0,2,0,0.0,164,0.00,0.00,0.00,0.09,10,0,0,0.0,0.0,2026-08-24T19:00:00Z,8,FALSE,10,0,0,0,0,1,0,3758,0,3,2,0.0,1,0,0,0,55,False,0,1,1
João Pedro Junqueira de Jesus,FWD,Chelsea,,1,2,45,0,0.0,165,0.06,0.69,0.63,1.33,10,2,1,0.0,0.0,2026-08-24T19:00:00Z,90,FALSE,10,0,0,0,0,1,0,5764207,1,3,2,0.0,11,0,0,0,75,False,0,3,1
Nicolas Jackson,FWD,Chelsea,,0,0,0,0,0.0,166,0.00,0.00,0.00,0.00,10,0,0,0.0,0.0,2026-08-24T19:00:00Z,0,FALSE,10,0,0,0,0,1,0,29435,0,3,2,0.0,0,0,0,0,65,False,0,0,1
Liam Delap,FWD,Chelsea,,0,0,0,0,0.0,167,0.00,0.00,0.00,0.00,10,0,0,0.0,0.0,2026-08-24T19:00:00Z,0,FALSE,10,0,0,0,0,1,0,40156,0,3,2,0.0,0,0,0,0,55,False,0,0,1
Marc Guiu Paz,FWD,Chelsea,,0,0,0,0,0.0,168,0.00,0.00,0.00,0.00,10,0,0,0.0,0.0,2026-08-24T19:00:00Z,0,FALSE,10,0,0,0,0,1,0,42801,0,3,2,0.0,0,0,0,0,50,False,0,0,1
Shumaira Mheuka,FWD,Chelsea,,0,0,0,0,0.0,169,0.00,0.00,0.00,0.00,10,0,0,0.0,0.0,2026-08-24T19:00:00Z,0,FALSE,10,0,0,0,0,1,0,30422,0,3,2,0.0,0,0,0,0,45,False,0,0,1
Emmanuel Emegha,FWD,Chelsea,,0,0,0,0,0.0,170,0.00,0.00,0.00,0.00,10,0,0,0.0,0.0,2026-08-24T19:00:00Z,0,FALSE,10,0,0,0,0,1,0,11724,0,3,2,0.0,0,0,0,0,50,False,0,0,1
Maxence Lacroix,DEF,Chelsea,,1,0,25,0,0.0,200,0.20,0.20,0.00,1.33,10,2,0,0.0,0.0,2026-08-24T19:00:00Z,90,FALSE,10,0,0,0,0,1,0,792478,1,3,2,0.0,6,0,0,0,60,False,0,12,1
Mike Penders,GK,Chelsea,,0,0,0,0,0.0,560,0.00,0.00,0.00,0.00,10,0,0,0.0,0.0,2026-08-24T19:00:00Z,0,FALSE,10,0,0,0,0,1,0,6087,0,3,2,0.0,0,0,0,0,45,False,0,0,1
Aaron Anselmino,DEF,Chelsea,,0,0,0,0,0.0,561,0.00,0.00,0.00,0.00,10,0,0,0.0,0.0,2026-08-24T19:00:00Z,0,FALSE,10,0,0,0,0,1,0,1770,0,3,2,0.0,0,0,0,0,45,False,0,0,1
Valentín Barco,MID,Chelsea,,0,0,0,0,0.0,568,0.00,0.00,0.00,0.00,10,0,0,0.0,0.0,2026-08-24T19:00:00Z,0,FALSE,10,0,0,0,0,1,0,12041,0,3,2,0.0,0,0,0,0,55,False,0,0,1
Mykhailo Mudryk,MID,Chelsea,,0,0,0,0,0.0,578,0.00,0.00,0.00,0.00,10,0,0,0.0,0.0,2026-08-24T19:00:00Z,0,FALSE,10,0,0,0,0,1,0,3847,0,3,2,0.0,0,0,0,0,55,False,0,0,1
Pep Chavarría,DEF,Chelsea,,0,0,3,0,0.0,583,0.00,0.00,0.00,0.28,10,0,0,0.0,0.0,2026-08-24T19:00:00Z,25,FALSE,10,0,0,0,0,1,0,17073,0,3,2,0.0,1,0,0,0,50,False,0,1,1
Frank Onyeka,MID,Coventry City,,0,0,8,0,0.0,104,0.01,0.01,0.00,1.88,1,3,0,0.0,0.0,2026-08-21T19:00:00Z,90,FALSE,1,0,0,0,0,1,0,13188,1,0,3,0.0,2,0,0,0,50,False,0,9,1
Carl Rushworth,GK,Coventry City,,0,0,0,0,0.0,110,0.01,0.01,0.00,1.88,1,3,0,0.0,0.0,2026-08-21T19:00:00Z,90,FALSE,1,0,0,0,0,1,2,100521,1,0,3,0.0,1,0,0,0,45,False,0,0,1
Oliver Dovin,GK,Coventry City,,0,0,0,0,0.0,171,0.00,0.00,0.00,0.00,1,0,0,0.0,0.0,2026-08-21T19:00:00Z,0,FALSE,1,0,0,0,0,1,0,142267,0,0,3,0.0,0,0,0,0,40,False,0,0,1
Ben Wilson,GK,Coventry City,,0,0,0,0,0.0,172,0.00,0.00,0.00,0.00,1,0,0,0.0,0.0,2026-08-21T19:00:00Z,0,FALSE,1,0,0,0,0,1,0,42690,0,0,3,0.0,0,0,0,0,45,False,0,0,1
Bobby Thomas,DEF,Coventry City,,0,0,11,0,0.0,173,0.01,0.03,0.02,1.88,1,3,0,0.0,0.0,2026-08-21T19:00:00Z,90,FALSE,1,0,0,0,0,1,0,721945,1,0,3,0.0,3,0,0,0,40,False,0,10,1
Liam Kitching,DEF,Coventry City,,0,0,0,0,0.0,174,0.00,0.00,0.00,0.00,1,0,0,0.0,0.0,2026-08-21T19:00:00Z,0,FALSE,1,0,0,0,0,1,0,60272,0,0,3,0.0,0,0,0,0,40,False,0,0,1
Milan van Ewijk,DEF,Coventry City,,0,0,-8,0,0.0,175,0.01,0.01,0.00,1.88,1,3,0,0.0,0.0,2026-08-21T19:00:00Z,90,FALSE,1,0,0,0,0,1,0,1257228,1,0,3,0.0,1,0,0,0,40,False,0,7,1
Jay Dasilva,DEF,Coventry City,,0,0,-4,0,0.0,176,0.02,0.02,0.00,1.88,1,3,0,0.0,0.0,2026-08-21T19:00:00Z,90,FALSE,1,0,0,0,0,1,0,73424,1,0,3,0.0,1,0,0,0,40,False,0,6,1
Kaine Kesler-Hayden,DEF,Coventry City,,0,0,0,0,0.0,177,0.00,0.00,0.00,0.00,1,0,0,0.0,0.0,2026-08-21T19:00:00Z,0,FALSE,1,0,0,0,0,1,0,6032,0,0,3,0.0,0,0,0,0,40,False,0,0,1
Jake Bidwell,DEF,Coventry City,,0,0,0,0,0.0,178,0.00,0.00,0.00,0.00,1,0,0,0.0,0.0,2026-08-21T19:00:00Z,0,FALSE,1,0,0,0,0,1,0,7091,0,0,3,0.0,0,0,0,0,40,False,0,0,1
Joel Latibeaudiere,DEF,Coventry City,,0,0,0,0,0.0,179,0.00,0.00,0.00,0.00,1,0,0,0.0,0.0,2026-08-21T19:00:00Z,0,FALSE,1,0,0,0,0,1,0,3977,0,0,3,0.0,0,0,0,0,40,False,0,0,1
Luke Woolfenden,DEF,Coventry City,,0,0,0,0,0.0,180,0.00,0.00,0.00,0.00,1,0,0,0.0,0.0,2026-08-21T19:00:00Z,0,FALSE,1,0,0,0,0,1,0,16501,0,0,3,0.0,0,0,0,0,40,False,0,0,1
Miguel Brau,DEF,Coventry City,,0,0,0,0,0.0,181,0.00,0.00,0.00,0.00,1,0,0,0.0,0.0,2026-08-21T19:00:00Z,0,FALSE,1,0,0,0,0,1,0,3736,0,0,3,0.0,0,0,0,0,40,False,0,0,1
Aurèle Amenda,DEF,Coventry City,,0,0,1,0,0.0,182,0.01,0.01,0.00,1.88,1,3,0,0.0,0.0,2026-08-21T19:00:00Z,90,FALSE,1,0,0,0,0,1,0,75420,1,0,3,0.0,1,0,0,0,40,False,0,9,1
Jack Rudoni,MID,Coventry City,,0,0,3,0,0.0,183,0.00,0.15,0.15,0.29,1,0,0,0.0,0.0,2026-08-21T19:00:00Z,20,FALSE,1,0,0,0,0,1,0,13002,0,0,3,0.0,1,0,0,0,50,False,0,5,1
Matt Grimes,MID,Coventry City,,0,0,14,0,0.0,184,0.01,0.01,0.00,1.88,1,3,0,0.0,0.0,2026-08-21T19:00:00Z,90,FALSE,1,0,0,0,0,1,0,17412,1,0,3,0.0,2,0,0,0,50,False,0,7,1
Tatsuhiro Sakamoto,MID,Coventry City,,0,0,0,0,0.0,185,0.00,0.00,0.00,0.00,1,0,0,0.0,0.0,2026-08-21T19:00:00Z,0,FALSE,1,0,0,0,0,1,0,10294,0,0,3,0.0,0,0,0,0,50,False,0,0,1
Ephron Mason-Clark,MID,Coventry City,,0,0,0,0,0.0,186,0.00,0.00,0.00,0.00,1,0,0,0.0,0.0,2026-08-21T19:00:00Z,0,FALSE,1,0,0,0,0,1,0,11314,0,0,3,0.0,0,0,0,0,55,False,0,0,1
Josh Eccles,MID,Coventry City,,0,0,0,0,0.0,187,0.00,0.00,0.00,0.00,1,0,0,0.0,0.0,2026-08-21T19:00:00Z,0,FALSE,1,0,0,0,0,1,0,1503,0,0,3,0.0,0,0,0,0,50,False,0,0,1
Victor Torp,MID,Coventry City,,0,0,8,0,0.0,188,0.11,0.11,0.00,0.32,1,0,0,0.0,0.0,2026-08-21T19:00:00Z,28,FALSE,1,0,0,0,0,1,0,15509,0,0,3,0.0,1,0,0,0,55,False,0,1,1
George Shepherd,MID,Coventry City,,0,0,0,0,0.0,189,0.00,0.00,0.00,0.00,1,0,0,0.0,0.0,2026-08-21T19:00:00Z,0,FALSE,1,0,0,0,0,1,0,28435,0,0,3,0.0,0,0,0,0,45,False,0,0,1
Loum Tchaouna,MID,Coventry City,,0,0,11,0,0.0,190,0.02,0.06,0.04,1.76,1,3,0,0.0,0.0,2026-08-21T19:00:00Z,81,FALSE,1,0,0,0,0,1,0,12321,1,0,3,0.0,2,0,0,0,55,False,0,8,1
Raphael Borges Rodrigues,MID,Coventry City,,0,0,0,0,0.0,191,0.00,0.00,0.00,0.00,1,0,0,0.0,0.0,2026-08-21T19:00:00Z,0,FALSE,1,0,0,0,0,1,0,16813,0,0,3,0.0,0,0,0,0,45,False,0,0,1
Kaine Andrews,MID,Coventry City,,0,0,0,0,0.0,192,0.00,0.00,0.00,0.00,1,0,0,0.0,0.0,2026-08-21T19:00:00Z,0,FALSE,1,0,0,0,0,1,0,62690,0,0,3,0.0,0,0,0,0,45,False,0,0,1
Haji Wright,FWD,Coventry City,,0,0,0,0,0.0,193,0.00,0.00,0.00,0.00,1,0,0,0.0,0.0,2026-08-21T19:00:00Z,0,FALSE,1,0,0,0,0,1,0,18871,0,0,3,0.0,0,0,0,0,55,False,0,0,1
Brandon Thomas-Asante,FWD,Coventry City,,0,0,9,0,0.0,194,0.02,0.02,0.00,1.60,1,3,0,0.0,0.0,2026-08-21T19:00:00Z,69,FALSE,1,0,0,0,0,1,0,66198,1,0,3,0.0,2,0,0,0,50,False,0,6,1
Ellis Simms,FWD,Coventry City,,0,0,7,0,0.0,195,0.01,0.01,0.00,1.60,1,3,0,0.0,0.0,2026-08-21T19:00:00Z,69,FALSE,1,0,0,0,0,1,0,78607,1,0,3,0.0,2,0,0,0,50,False,0,3,1
Jahnoah Markelo,FWD,Coventry City,,0,0,0,0,0.0,196,0.00,0.00,0.00,0.00,1,0,0,0.0,0.0,2026-08-21T19:00:00Z,0,FALSE,1,0,0,0,0,1,0,1827,0,0,3,0.0,0,0,0,0,50,False,0,0,1
Norman Bassette,FWD,Coventry City,,0,0,0,0,0.0,197,0.00,0.00,0.00,0.00,1,0,0,0.0,0.0,2026-08-21T19:00:00Z,0,FALSE,1,0,0,0,0,1,0,4620,0,0,3,0.0,0,0,0,0,45,False,0,0,1
Taiwo Awoniyi,FWD,Coventry City,,0,0,4,0,0.0,492,0.00,0.00,0.00,0.29,1,0,0,0.0,0.0,2026-08-21T19:00:00Z,20,FALSE,1,0,0,0,0,1,0,76129,0,0,3,0.0,1,0,0,0,55,False,0,1,1
Caleb Yirenkyi,MID,Coventry City,,0,0,2,0,0.0,575,0.00,0.00,0.00,1.56,1,3,0,0.0,0.0,2026-08-21T19:00:00Z,61,FALSE,1,0,0,0,0,1,0,23536,1,0,3,0.0,1,0,0,0,50,False,1,3,1
Gustavo Hamer,MID,Coventry City,,0,0,3,0,0.0,584,0.00,0.00,0.00,0.13,1,0,0,0.0,0.0,2026-08-21T19:00:00Z,8,FALSE,1,0,0,0,0,1,0,12932,0,0,3,0.0,1,0,0,0,55,False,0,1,1
Sidiki Cherif,FWD,Coventry City,,0,0,0,0,0.0,599,0.00,0.00,0.00,0.00,1,0,0,0.0,0.0,2026-08-21T19:00:00Z,0,FALSE,1,0,0,0,0,1,0,7348,0,0,3,0.0,0,0,0,0,50,False,0,0,1
Evann Guessand,MID,Crystal Palace,,0,0,3,0,0.0,42,0.02,0.05,0.03,0.14,3,0,0,0.0,0.0,2026-08-22T14:00:00Z,27,FALSE,9,0,0,0,0,1,0,3238,0,0,2,0.0,1,0,0,0,55,False,0,1,1
Dean Henderson,GK,Crystal Palace,,0,0,14,0,0.0,198,0.00,0.00,0.00,1.12,3,2,0,0.0,0.0,2026-08-22T14:00:00Z,90,FALSE,9,0,0,0,0,1,3,171144,1,0,2,0.0,2,0,0,0,50,False,0,0,1
Walter Benítez,GK,Crystal Palace,,0,0,0,0,0.0,199,0.00,0.00,0.00,0.00,3,0,0,0.0,0.0,2026-08-22T14:00:00Z,0,FALSE,9,0,0,0,0,1,0,10987,0,0,2,0.0,0,0,0,0,45,False,0,0,1
Daniel Muñoz Mejía,DEF,Crystal Palace,,0,0,-4,0,0.0,201,0.01,0.24,0.23,0.84,3,2,0,0.0,0.0,2026-08-22T14:00:00Z,54,FALSE,9,0,0,0,0,1,0,873015,1,0,2,0.0,0,0,0,0,55,False,0,4,1
Chris Richards,DEF,Crystal Palace,,0,0,13,0,0.0,202,0.00,0.00,0.00,1.12,3,2,0,0.0,0.0,2026-08-22T14:00:00Z,90,FALSE,9,0,0,0,0,1,0,66477,1,0,2,0.0,3,0,0,0,50,False,0,16,1
Jaydee Canvot,DEF,Crystal Palace,,0,0,9,0,0.0,203,0.01,0.06,0.05,1.12,3,2,0,0.0,0.0,2026-08-22T14:00:00Z,90,FALSE,9,0,0,0,0,1,0,30748,1,0,2,0.0,1,0,0,0,50,False,0,8,1
Tyrick Mitchell,DEF,Crystal Palace,,0,0,9,0,0.0,204,0.01,0.01,0.00,1.12,3,2,0,0.0,0.0,2026-08-22T14:00:00Z,90,FALSE,9,0,0,0,0,1,0,580791,1,0,2,0.0,1,0,0,0,45,False,0,5,1
Borna Sosa,DEF,Crystal Palace,,0,0,0,0,0.0,205,0.00,0.00,0.00,0.00,3,0,0,0.0,0.0,2026-08-22T14:00:00Z,0,FALSE,9,0,0,0,0,1,0,2785,0,0,2,0.0,0,0,0,0,45,False,0,0,1
Chadi Riad Dnanou,DEF,Crystal Palace,,0,0,7,0,0.0,206,0.01,0.01,0.00,0.98,3,2,0,0.0,0.0,2026-08-22T14:00:00Z,72,FALSE,9,0,0,0,0,1,0,6521,1,0,2,0.0,1,0,0,0,45,False,0,7,1
Oscar Mingueza,DEF,Crystal Palace,,0,0,0,0,0.0,207,0.00,0.00,0.00,0.00,3,0,0,0.0,0.0,2026-08-22T14:00:00Z,0,FALSE,9,0,0,0,0,1,0,7928,0,0,2,0.0,0,0,0,0,45,False,0,0,1
Ismaïla Sarr,MID,Crystal Palace,,0,0,0,0,0.0,208,0.00,0.00,0.00,0.00,3,0,0,0.0,0.0,2026-08-22T14:00:00Z,0,FALSE,9,0,0,0,0,1,0,424225,0,0,2,0.0,0,0,0,0,65,False,0,0,1
Adam Wharton,MID,Crystal Palace,,0,0,20,0,0.0,210,0.24,0.24,0.00,1.12,3,2,0,0.0,0.0,2026-08-22T14:00:00Z,90,FALSE,9,0,0,0,0,1,0,75177,1,0,2,0.0,4,0,0,0,55,False,0,14,1
Yéremy Pino Santos,MID,Crystal Palace,,0,0,4,0,0.0,211,0.02,0.08,0.06,0.27,3,0,0,0.0,0.0,2026-08-22T14:00:00Z,35,FALSE,9,0,0,0,0,1,0,18106,0,0,2,0.0,1,0,0,0,55,False,0,5,1
Will Hughes,MID,Crystal Palace,,0,0,0,0,0.0,212,0.00,0.00,0.00,0.00,3,0,0,0.0,0.0,2026-08-22T14:00:00Z,0,FALSE,9,0,0,0,0,1,0,1093674,0,0,2,0.0,0,0,0,0,45,False,0,0,1
Jefferson Lerma Solís,MID,Crystal Palace,,0,0,0,0,0.0,213,0.00,0.00,0.00,0.00,3,0,0,0.0,0.0,2026-08-22T14:00:00Z,0,FALSE,9,0,0,0,0,1,0,10665,0,0,2,0.0,0,0,0,0,50,False,0,0,1
Daichi Kamada,MID,Crystal Palace,,0,0,25,0,0.0,214,0.27,0.27,0.00,1.12,3,2,0,0.0,0.0,2026-08-22T14:00:00Z,90,FALSE,9,0,0,0,0,1,0,24728,1,0,2,0.0,3,0,0,0,50,False,1,14,1
Justin Devenny,MID,Crystal Palace,,0,0,0,0,0.0,215,0.00,0.00,0.00,0.00,3,0,0,0.0,0.0,2026-08-22T14:00:00Z,0,FALSE,9,0,0,0,0,1,0,1134,0,0,2,0.0,0,0,0,0,50,False,0,0,1
Romain Esse,MID,Crystal Palace,,0,0,0,0,0.0,216,0.00,0.00,0.00,0.00,3,0,0,0.0,0.0,2026-08-22T14:00:00Z,0,FALSE,9,0,0,0,0,1,0,3728,0,0,2,0.0,0,0,0,0,50,False,0,0,1
Matheus França de Oliveira,MID,Crystal Palace,,0,0,0,0,0.0,217,0.00,0.00,0.00,0.00,3,0,0,0.0,0.0,2026-08-22T14:00:00Z,0,FALSE,9,0,0,0,0,1,0,3157,0,0,2,0.0,0,0,0,0,50,False,0,0,1
Cheick Doucouré,MID,Crystal Palace,,0,0,0,0,0.0,218,0.00,0.00,0.00,0.00,3,0,0,0.0,0.0,2026-08-22T14:00:00Z,0,FALSE,9,0,0,0,0,1,0,6199,0,0,2,0.0,0,0,0,0,50,False,0,0,1
Jesurun Rak-Sakyi,MID,Crystal Palace,,0,0,0,0,0.0,219,0.00,0.00,0.00,0.00,3,0,0,0.0,0.0,2026-08-22T14:00:00Z,0,FALSE,9,0,0,0,0,1,0,550,0,0,2,0.0,0,0,0,0,50,False,0,0,1
Rio Cardines,DEF,Crystal Palace,,0,0,0,0,0.0,220,0.00,0.00,0.00,0.00,3,0,0,0.0,0.0,2026-08-22T14:00:00Z,0,FALSE,9,0,0,0,0,1,0,255,0,0,2,0.0,0,0,0,0,45,False,0,0,1
Joél Drakes-Thomas,MID,Crystal Palace,,0,0,0,0,0.0,221,0.00,0.00,0.00,0.00,3,0,0,0.0,0.0,2026-08-22T14:00:00Z,0,FALSE,9,0,0,0,0,1,0,8076,0,0,2,0.0,0,0,0,0,45,False,0,0,1
Jørgen Strand Larsen,FWD,Crystal Palace,,0,0,3,0,0.0,222,0.01,0.26,0.25,0.14,3,0,0,0.0,0.0,2026-08-22T14:00:00Z,27,FALSE,9,0,0,0,0,1,0,50940,0,0,2,0.0,1,0,0,0,60,False,0,0,1
Jean-Philippe Mateta,FWD,Crystal Palace,,0,0,-3,0,0.0,223,0.02,0.72,0.70,0.98,3,2,0,0.0,0.0,2026-08-22T14:00:00Z,62,FALSE,9,0,0,0,0,1,0,504100,1,0,2,0.0,2,0,0,0,65,False,0,5,1
Eddie Nketiah,FWD,Crystal Palace,,0,0,12,0,0.0,224,0.58,1.18,0.60,0.84,3,2,0,0.0,0.0,2026-08-22T14:00:00Z,55,FALSE,9,0,0,0,0,1,0,43148,1,0,2,0.0,1,0,0,0,55,False,0,3,1
Christantus Uche,FWD,Crystal Palace,,0,0,0,0,0.0,225,0.00,0.00,0.00,0.00,3,0,0,0.0,0.0,2026-08-22T14:00:00Z,0,FALSE,9,0,0,0,0,1,0,0,0,0,2,0.0,0,0,0,0,50,False,0,0,1
Dwight McNeil,MID,Crystal Palace,,0,0,11,0,0.0,241,0.02,0.07,0.05,0.98,3,2,0,0.0,0.0,2026-08-22T14:00:00Z,62,FALSE,9,0,0,0,0,1,0,15735,1,0,2,0.0,2,0,0,0,55,False,0,5,1
Remi Matthews,GK,Crystal Palace,,0,0,0,0,0.0,555,0.00,0.00,0.00,0.00,3,0,0,0.0,0.0,2026-08-22T14:00:00Z,0,FALSE,9,0,0,0,0,1,0,156141,0,0,2,0.0,0,0,0,0,40,False,0,0,1
Takehiro Tomiyasu,DEF,Crystal Palace,,0,0,3,0,0.0,577,0.01,0.01,0.00,0.14,3,0,0,0.0,0.0,2026-08-22T14:00:00Z,18,FALSE,9,0,0,0,0,1,0,31543,0,0,2,0.0,1,0,0,0,45,False,0,1,1
Anan Khalaili,DEF,Crystal Palace,,0,0,12,0,0.0,588,0.16,0.16,0.00,0.27,3,0,0,0.0,0.0,2026-08-22T14:00:00Z,35,FALSE,9,0,0,0,0,1,0,8418,0,0,2,0.0,1,0,0,0,50,False,0,9,1
Zavier Gozo,MID,Crystal Palace,,0,0,0,0,0.0,595,0.00,0.00,0.00,0.00,3,0,0,0.0,0.0,2026-08-22T14:00:00Z,0,FALSE,9,0,0,0,0,1,0,1214,0,0,2,0.0,0,0,0,0,50,False,0,0,1
Christian Nørgaard,MID,Everton,,0,0,0,0,0.0,21,0.00,0.00,0.00,0.00,3,0,0,0.0,0.0,2026-08-22T14:00:00Z,0,FALSE,8,0,0,0,0,1,0,10920,0,0,2,0.0,0,0,0,0,50,True,0,0,1
Brennan Johnson,MID,Everton,,0,0,3,0,0.0,209,0.00,0.00,0.00,0.29,3,0,0,0.0,0.0,2026-08-22T14:00:00Z,6,FALSE,8,0,0,0,0,1,0,15299,0,0,2,0.0,1,0,0,0,60,True,0,2,1
Jordan Pickford,GK,Everton,,0,0,34,1,0.0,226,0.02,0.02,0.00,1.96,3,0,0,0.0,0.0,2026-08-22T14:00:00Z,90,FALSE,8,0,0,0,0,1,4,698199,1,0,2,0.0,7,0,0,0,55,True,0,0,1
Mark Travers,GK,Everton,,0,0,0,0,0.0,227,0.00,0.00,0.00,0.00,3,0,0,0.0,0.0,2026-08-22T14:00:00Z,0,FALSE,8,0,0,0,0,1,0,3019,0,0,2,0.0,0,0,0,0,50,True,0,0,1
Tom King,GK,Everton,,0,0,0,0,0.0,228,0.00,0.00,0.00,0.00,3,0,0,0.0,0.0,2026-08-22T14:00:00Z,0,FALSE,8,0,0,0,0,1,0,3498,0,0,2,0.0,0,0,0,0,45,True,0,0,1
James Tarkowski,DEF,Everton,,0,0,25,1,0.0,229,0.00,0.05,0.05,1.96,3,0,0,0.0,0.0,2026-08-22T14:00:00Z,90,FALSE,8,0,0,0,0,1,0,765229,1,0,2,0.0,6,0,0,0,60,True,0,9,1
Jarrad Branthwaite,DEF,Everton,,0,0,27,1,0.0,230,0.01,0.01,0.00,1.96,3,0,0,0.0,0.0,2026-08-22T14:00:00Z,90,FALSE,8,0,0,0,0,1,0,141420,1,0,2,0.0,6,0,0,0,55,True,0,8,1
Michael Keane,DEF,Everton,,0,0,0,0,0.0,231,0.00,0.00,0.00,0.00,3,0,0,0.0,0.0,2026-08-22T14:00:00Z,0,FALSE,8,0,0,0,0,1,0,151116,0,0,2,0.0,0,0,0,0,50,True,0,0,1
Jake O'Brien,DEF,Everton,,0,0,0,0,0.0,232,0.00,0.00,0.00,0.00,3,0,0,0.0,0.0,2026-08-22T14:00:00Z,0,FALSE,8,0,0,0,0,1,0,44689,0,0,2,0.0,0,0,0,0,50,True,0,0,1
Vitalii Mykolenko,DEF,Everton,,0,0,27,1,0.0,233,0.05,0.05,0.00,1.96,3,0,0,0.0,0.0,2026-08-22T14:00:00Z,90,FALSE,8,0,0,0,0,1,0,134687,1,0,2,0.0,6,0,0,0,45,True,0,4,1
Nathan Patterson,DEF,Everton,,0,0,0,0,0.0,234,0.00,0.00,0.00,0.00,3,0,0,0.0,0.0,2026-08-22T14:00:00Z,0,FALSE,8,0,0,0,0,1,0,2948,0,0,2,0.0,0,0,0,0,45,True,0,0,1
Adam Aznou,DEF,Everton,,0,0,0,0,0.0,235,0.00,0.00,0.00,0.00,3,0,0,0.0,0.0,2026-08-22T14:00:00Z,0,FALSE,8,0,0,0,0,1,0,16732,0,0,2,0.0,0,0,0,0,40,True,0,0,1
Kiernan Dewsbury-Hall,MID,Everton,,0,3,40,1,0.0,236,0.17,0.29,0.12,1.92,3,0,1,0.0,0.0,2026-08-22T14:00:00Z,90,FALSE,8,0,0,0,0,1,0,288693,1,0,2,0.0,11,0,0,0,65,True,0,8,1
Iliman Ndiaye,MID,Everton,,1,1,36,1,0.0,237,0.32,0.56,0.24,1.96,3,0,0,0.0,0.0,2026-08-22T14:00:00Z,90,FALSE,8,0,0,0,0,1,0,1434152,1,0,2,0.0,9,0,0,0,60,True,0,12,1
James Garner,MID,Everton,,0,0,6,0,0.0,239,0.03,0.03,0.00,0.34,3,0,0,0.0,0.0,2026-08-22T14:00:00Z,11,FALSE,8,0,0,0,0,1,0,11659,0,0,2,0.0,1,0,0,0,60,True,0,1,1
Tim Iroegbunam,MID,Everton,,0,0,0,0,0.0,240,0.00,0.00,0.00,0.00,3,0,0,0.0,0.0,2026-08-22T14:00:00Z,0,FALSE,8,0,0,0,0,1,0,1417,0,0,2,0.0,0,0,0,0,50,True,0,0,1
Tyrique George,MID,Everton,,0,0,13,1,0.0,242,0.08,0.26,0.18,1.67,3,0,0,0.0,0.0,2026-08-22T14:00:00Z,83,FALSE,8,0,0,0,0,1,0,24527,1,0,2,0.0,3,0,0,0,55,True,0,7,1
Carlos Alcaraz Durán,MID,Everton,,0,0,7,0,0.0,243,0.00,0.02,0.02,0.04,3,0,0,0.0,0.0,2026-08-22T14:00:00Z,1,FALSE,8,0,0,0,0,1,0,8329,0,0,2,0.0,1,0,0,0,50,True,0,3,1
Harrison Armstrong,MID,Everton,,1,0,25,1,0.0,244,0.04,0.04,0.00,1.96,3,0,0,0.0,0.0,2026-08-22T14:00:00Z,90,FALSE,8,0,0,0,0,1,0,6793,1,0,2,0.0,8,0,0,0,50,True,0,16,1
Tyler Dibling,MID,Everton,,0,0,0,0,0.0,245,0.00,0.00,0.00,0.00,3,0,0,0.0,0.0,2026-08-22T14:00:00Z,0,FALSE,8,0,0,0,0,1,0,3592,0,0,2,0.0,0,0,0,0,55,True,0,0,1
Merlin Röhl,MID,Everton,,0,0,12,1,0.0,246,0.06,0.06,0.00,1.96,3,0,0,0.0,0.0,2026-08-22T14:00:00Z,90,FALSE,8,0,0,0,0,1,0,5179,1,0,2,0.0,3,0,0,0,50,True,0,9,1
Hayden Hackney,MID,Everton,,0,0,16,1,0.0,247,0.01,0.02,0.01,1.62,3,0,0,0.0,0.0,2026-08-22T14:00:00Z,78,FALSE,8,0,0,0,0,1,0,24410,1,0,2,0.0,3,0,0,0,55,True,0,7,1
Norberto Bercique Gomes Betuncal,FWD,Everton,,0,0,3,0,0.0,248,0.00,0.05,0.05,0.34,3,0,0,0.0,0.0,2026-08-22T14:00:00Z,11,FALSE,8,0,0,0,0,1,0,249740,0,0,2,0.0,1,0,0,0,55,True,0,0,1
Thierno Barry,FWD,Everton,,0,2,37,1,0.0,249,0.09,0.54,0.45,1.62,3,0,1,0.0,0.0,2026-08-22T14:00:00Z,78,FALSE,8,0,0,0,0,1,0,117327,1,0,2,0.0,8,0,0,0,55,True,0,3,1
Bernd Leno,GK,Fulham,,0,0,11,0,0.0,250,0.00,0.00,0.00,2.24,10,3,0,0.0,0.0,2026-08-24T19:00:00Z,90,FALSE,6,0,0,0,0,1,3,272035,1,3,2,0.0,2,0,0,0,45,True,0,0,1
Benjamin Lecomte,GK,Fulham,,0,0,0,0,0.0,251,0.00,0.00,0.00,0.00,10,0,0,0.0,0.0,2026-08-24T19:00:00Z,0,FALSE,6,0,0,0,0,1,0,107540,0,3,2,0.0,0,0,0,0,40,True,0,0,1
Alfie McNally,GK,Fulham,,0,0,0,0,0.0,252,0.00,0.00,0.00,0.00,10,0,0,0.0,0.0,2026-08-24T19:00:00Z,0,FALSE,6,0,0,0,0,1,0,13569,0,3,2,0.0,0,0,0,0,40,True,0,0,1
Joachim Andersen,DEF,Fulham,,0,0,0,0,0.0,253,0.00,0.00,0.00,0.00,10,0,0,0.0,0.0,2026-08-24T19:00:00Z,0,FALSE,6,0,0,0,0,1,0,3342,0,3,2,0.0,0,0,0,0,50,True,0,0,1
Antonee Robinson,DEF,Fulham,,0,0,4,0,0.0,254,0.04,0.17,0.13,2.21,10,3,0,0.0,0.0,2026-08-24T19:00:00Z,81,FALSE,6,0,0,0,0,1,0,148513,1,3,2,0.0,1,0,0,0,45,True,0,7,1
Jorge Cuenca Barreno,DEF,Fulham,,0,0,7,0,0.0,255,0.03,0.03,0.00,2.24,10,3,0,0.0,0.0,2026-08-24T19:00:00Z,90,FALSE,6,0,0,0,0,1,0,1787,1,3,2,0.0,3,0,0,0,45,True,0,10,1
Kenny Tete,DEF,Fulham,,0,0,0,0,0.0,256,0.00,0.00,0.00,0.00,10,0,0,0.0,0.0,2026-08-24T19:00:00Z,0,FALSE,6,0,0,0,0,1,0,24681,0,3,2,0.0,0,0,0,0,45,True,0,0,1
Calvin Bassey,DEF,Fulham,,0,0,1,0,0.0,257,0.02,0.04,0.02,2.24,10,3,0,0.0,0.0,2026-08-24T19:00:00Z,90,FALSE,6,0,0,0,0,1,0,64737,1,3,2,0.0,0,0,0,0,45,True,1,4,1
Timothy Castagne,DEF,Fulham,,2,0,21,0,0.0,258,0.18,0.27,0.09,2.24,10,3,0,0.0,0.0,2026-08-24T19:00:00Z,90,FALSE,6,0,0,0,0,1,0,26346,1,3,2,0.0,6,0,0,0,45,True,1,6,1
Alex Iwobi,MID,Fulham,,0,0,17,0,0.0,261,0.04,0.04,0.00,2.24,10,3,0,0.0,0.0,2026-08-24T19:00:00Z,90,FALSE,6,0,0,0,0,1,0,88413,1,3,2,0.0,2,0,0,0,55,True,0,10,1
Emile Smith Rowe,MID,Fulham,,0,0,0,0,0.0,262,0.00,0.00,0.00,0.00,10,0,0,0.0,0.0,2026-08-24T19:00:00Z,0,FALSE,6,0,0,0,0,1,0,35036,0,3,2,0.0,0,0,0,0,55,True,0,0,1
Kevin Santos Lopes de Macedo,MID,Fulham,,0,0,2,0,0.0,263,0.01,0.01,0.00,0.03,10,0,0,0.0,0.0,2026-08-24T19:00:00Z,17,FALSE,6,0,0,0,0,1,0,5144,0,3,2,0.0,1,0,0,0,55,True,0,3,1
Oscar Bobb,MID,Fulham,,0,0,10,0,0.0,264,0.26,0.26,0.00,2.21,10,3,0,0.0,0.0,2026-08-24T19:00:00Z,66,FALSE,6,0,0,0,0,1,0,26829,1,3,2,0.0,2,0,0,0,55,True,0,6,1
Sander Berge,MID,Fulham,,0,0,14,0,0.0,265,0.03,0.06,0.03,2.21,10,3,0,0.0,0.0,2026-08-24T19:00:00Z,72,FALSE,6,0,0,0,0,1,0,38470,1,3,2,0.0,2,0,0,0,50,True,0,4,1
Tom Cairney,MID,Fulham,,0,0,0,0,0.0,266,0.00,0.00,0.00,0.00,10,0,0,0.0,0.0,2026-08-24T19:00:00Z,0,FALSE,6,0,0,0,0,1,0,464,0,3,2,0.0,0,0,0,0,50,True,0,0,1
Josh King,MID,Fulham,,0,0,34,0,0.0,268,0.04,0.21,0.17,2.24,10,3,1,0.0,0.0,2026-08-24T19:00:00Z,90,FALSE,6,0,0,0,0,1,0,14215,1,3,2,0.0,7,0,0,0,55,True,0,8,1
Ryan Sessegnon,DEF,Fulham,,0,0,7,0,0.0,269,0.00,0.03,0.03,0.03,10,0,0,0.0,0.0,2026-08-24T19:00:00Z,17,FALSE,6,0,0,0,0,1,0,39784,0,3,2,0.0,1,0,0,0,45,True,0,1,1
Harrison Reed,MID,Fulham,,0,0,0,0,0.0,270,0.00,0.00,0.00,0.00,10,0,0,0.0,0.0,2026-08-24T19:00:00Z,0,FALSE,6,0,0,0,0,1,0,139875,0,3,2,0.0,0,0,0,0,45,True,0,0,1
Rodrigo Muniz Carvalho,FWD,Fulham,,0,0,6,0,0.0,271,0.00,0.02,0.02,0.03,10,0,0,0.0,0.0,2026-08-24T19:00:00Z,8,FALSE,6,0,0,0,0,1,0,52452,0,3,2,0.0,1,0,0,0,55,True,0,1,1
Jonah Kusi-Asare,FWD,Fulham,,0,0,0,0,0.0,272,0.00,0.00,0.00,0.00,10,0,0,0.0,0.0,2026-08-24T19:00:00Z,0,FALSE,6,0,0,0,0,1,0,669004,0,3,2,0.0,0,0,0,0,45,True,0,0,1
Gonzalo García,FWD,Fulham,,0,0,33,0,0.0,569,0.01,0.74,0.73,2.24,10,3,1,0.0,0.0,2026-08-24T19:00:00Z,90,FALSE,6,0,0,0,0,1,0,180799,1,3,2,0.0,6,0,0,0,60,True,0,2,1
César Palacios,MID,Fulham,,0,0,10,0,0.0,570,0.01,0.17,0.16,2.21,10,3,0,0.0,0.0,2026-08-24T19:00:00Z,72,FALSE,6,0,0,0,0,1,0,18267,1,3,2,0.0,2,0,0,0,55,True,0,4,1
Shea Charles,MID,Fulham,,0,0,5,0,0.0,580,0.00,0.00,0.00,0.03,10,0,0,0.0,0.0,2026-08-24T19:00:00Z,23,FALSE,6,0,0,0,0,1,0,8110,0,3,2,0.0,1,0,0,0,50,True,0,3,1
Luc De Fougerolles,DEF,Fulham,,0,0,0,0,0.0,610,0.00,0.00,0.00,0.00,10,0,0,0.0,0.0,2026-08-24T19:00:00Z,0,FALSE,6,0,0,0,0,1,0,0,0,3,2,0.0,0,0,0,0,40,True,0,0,1
Dillon Phillips,GK,Hull City,,0,0,0,0,0.0,273,0.00,0.00,0.00,0.00,4,0,0,0.0,0.0,2026-08-22T11:30:00Z,0,FALSE,16,0,0,0,0,1,0,138196,0,0,2,0.0,0,0,0,0,40,True,0,0,1
Jack Butland,GK,Hull City,,0,0,0,0,0.0,274,0.00,0.00,0.00,0.00,4,0,0,0.0,0.0,2026-08-22T11:30:00Z,0,FALSE,16,0,0,0,0,1,0,11096,0,0,2,0.0,0,0,0,0,45,True,0,0,1
Harvey Cartwright,GK,Hull City,,0,0,0,0,0.0,275,0.00,0.00,0.00,0.00,4,0,0,0.0,0.0,2026-08-22T11:30:00Z,0,FALSE,16,0,0,0,0,1,0,1022,0,0,2,0.0,0,0,0,0,40,True,0,0,1
Thimothée Lo-Tutala,GK,Hull City,,0,0,0,0,0.0,276,0.00,0.00,0.00,0.00,4,0,0,0.0,0.0,2026-08-22T11:30:00Z,0,FALSE,16,0,0,0,0,1,0,3519,0,0,2,0.0,0,0,0,0,40,True,0,0,1
John Egan,DEF,Hull City,,0,0,27,1,0.0,277,0.00,0.00,0.00,1.83,4,0,0,0.0,0.0,2026-08-22T11:30:00Z,90,FALSE,16,0,0,0,0,1,0,134746,1,0,2,0.0,8,0,0,0,40,True,0,21,1
Charlie Hughes,DEF,Hull City,,0,0,0,0,0.0,278,0.00,0.00,0.00,0.00,4,0,0,0.0,0.0,2026-08-22T11:30:00Z,0,FALSE,16,0,0,0,0,1,0,12660,0,0,2,0.0,0,0,0,0,40,True,0,0,1
Semi Ajayi,DEF,Hull City,,0,2,39,1,0.0,279,0.00,0.52,0.52,0.86,4,0,1,0.0,0.0,2026-08-22T11:30:00Z,63,FALSE,16,0,0,0,0,1,0,83256,1,0,2,0.0,14,0,0,0,40,True,0,7,1
Lewie Coyle,DEF,Hull City,,0,0,23,1,0.0,280,0.01,0.01,0.00,1.16,4,0,0,0.0,0.0,2026-08-22T11:30:00Z,69,FALSE,16,0,0,0,0,1,0,59278,1,0,2,0.0,6,0,0,0,40,True,0,2,1
Cody Drameh,DEF,Hull City,,0,0,4,0,0.0,281,0.00,0.05,0.05,0.67,4,0,0,0.0,0.0,2026-08-22T11:30:00Z,20,FALSE,16,0,0,0,0,1,0,1668,0,0,2,0.0,1,0,0,0,40,True,0,3,1
Ryan Giles,DEF,Hull City,,0,0,24,1,0.0,282,0.07,0.09,0.02,1.76,4,0,0,0.0,0.0,2026-08-22T11:30:00Z,84,FALSE,16,0,0,0,0,1,0,67208,1,0,2,0.0,6,0,0,0,40,True,0,6,1
Matty Jacob,DEF,Hull City,,0,0,0,0,0.0,283,0.00,0.00,0.00,0.00,4,0,0,0.0,0.0,2026-08-22T11:30:00Z,0,FALSE,16,0,0,0,0,1,0,1251,0,0,2,0.0,0,0,0,0,40,True,0,0,1
Cathal McCarthy,DEF,Hull City,,0,0,0,0,0.0,284,0.00,0.00,0.00,0.00,4,0,0,0.0,0.0,2026-08-22T11:30:00Z,0,FALSE,16,0,0,0,0,1,0,7616,0,0,2,0.0,0,0,0,0,40,True,0,0,1
Paddy McNair,DEF,Hull City,,0,0,3,0,0.0,285,0.00,0.00,0.00,0.96,4,0,0,0.0,0.0,2026-08-22T11:30:00Z,26,FALSE,16,0,0,0,0,1,0,8697,0,0,2,0.0,1,0,0,0,40,True,0,2,1
Mohamed Belloumi,MID,Hull City,,0,0,8,1,0.0,286,0.03,0.08,0.05,1.83,4,0,0,0.0,0.0,2026-08-22T11:30:00Z,90,FALSE,16,0,0,0,0,1,0,40446,1,0,2,0.0,3,0,0,0,50,True,0,10,1
Liam Millar,MID,Hull City,,0,0,2,0,0.0,287,0.00,0.00,0.00,0.67,4,0,0,0.0,0.0,2026-08-22T11:30:00Z,19,FALSE,16,0,0,0,0,1,0,6086,0,0,2,0.0,0,0,0,0,50,True,1,3,1
Kieran Dowell,MID,Hull City,,0,0,0,0,0.0,288,0.00,0.00,0.00,0.00,4,0,0,0.0,0.0,2026-08-22T11:30:00Z,0,FALSE,16,0,0,0,0,1,0,35457,0,0,2,0.0,0,0,0,0,45,True,0,0,1
Matt Crooks,MID,Hull City,,0,0,9,1,0.0,289,0.00,0.00,0.00,1.83,4,0,0,0.0,0.0,2026-08-22T11:30:00Z,90,FALSE,16,0,0,0,0,1,0,57929,1,0,2,0.0,2,0,0,0,45,True,1,9,1
Regan Slater,MID,Hull City,,1,0,20,1,0.0,290,0.44,0.44,0.00,1.83,4,0,0,0.0,0.0,2026-08-22T11:30:00Z,90,FALSE,16,0,0,0,0,1,0,272889,1,0,2,0.0,6,0,0,0,45,True,0,3,1
Eliot Matazo,MID,Hull City,,0,0,0,0,0.0,291,0.00,0.00,0.00,0.00,4,0,0,0.0,0.0,2026-08-22T11:30:00Z,0,FALSE,16,0,0,0,0,1,0,600,0,0,2,0.0,0,0,0,0,45,True,0,0,1
Abdülkadir Ömür,MID,Hull City,,0,0,0,0,0.0,292,0.00,0.00,0.00,0.00,4,0,0,0.0,0.0,2026-08-22T11:30:00Z,0,FALSE,16,0,0,0,0,1,0,1546,0,0,2,0.0,0,0,0,0,50,True,0,0,1
Abu Kamara,MID,Hull City,,0,0,0,0,0.0,293,0.00,0.00,0.00,0.00,4,0,0,0.0,0.0,2026-08-22T11:30:00Z,0,FALSE,16,0,0,0,0,1,0,555,0,0,2,0.0,0,0,0,0,50,True,0,0,1
Óscar Zambrano,MID,Hull City,,0,0,0,0,0.0,294,0.00,0.00,0.00,0.00,4,0,0,0.0,0.0,2026-08-22T11:30:00Z,0,FALSE,16,0,0,0,0,1,0,10995,0,0,2,0.0,0,0,0,0,45,True,0,0,1
Oli McBurnie,FWD,Hull City,,1,0,21,1,0.0,295,0.01,0.17,0.16,1.83,4,0,0,0.0,0.0,2026-08-22T11:30:00Z,90,FALSE,16,0,0,0,0,1,0,113765,1,0,2,0.0,5,0,0,0,55,True,0,5,1
David Akintola,MID,Hull City,,0,0,0,0,0.0,296,0.00,0.00,0.00,0.00,4,0,0,0.0,0.0,2026-08-22T11:30:00Z,0,FALSE,16,0,0,0,0,1,0,3400,0,0,2,0.0,0,0,0,0,50,True,0,0,1
Darko Gyabi,MID,Hull City,,0,0,0,0,0.0,297,0.00,0.00,0.00,0.00,4,0,0,0.0,0.0,2026-08-22T11:30:00Z,0,FALSE,16,0,0,0,0,1,0,2774,0,0,2,0.0,0,0,0,0,45,True,0,0,1
Enis Destan,FWD,Hull City,,0,0,0,0,0.0,298,0.00,0.00,0.00,0.00,4,0,0,0.0,0.0,2026-08-22T11:30:00Z,0,FALSE,16,0,0,0,0,1,0,40958,0,0,2,0.0,0,0,0,0,45,True,0,0,1
Mason Burstow,FWD,Hull City,,0,0,0,0,0.0,299,0.00,0.00,0.00,0.00,4,0,0,0.0,0.0,2026-08-22T11:30:00Z,0,FALSE,16,0,0,0,0,1,0,6401,0,0,2,0.0,0,0,0,0,45,True,0,0,1
Joe Gelhardt,MID,Hull City,,0,0,0,0,0.0,340,0.00,0.00,0.00,0.00,4,0,0,0.0,0.0,2026-08-22T11:30:00Z,0,FALSE,16,0,0,0,0,1,0,1365,0,0,2,0.0,0,0,0,0,50,True,0,0,1
Matt Targett,DEF,Hull City,,0,0,3,0,0.0,556,0.00,0.00,0.00,0.07,4,0,0,0.0,0.0,2026-08-22T11:30:00Z,5,FALSE,16,0,0,0,0,1,0,218902,0,0,2,0.0,1,0,0,0,40,True,0,0,1
Hidemasa Morita,MID,Hull City,,0,0,0,0,0.0,563,0.00,0.00,0.00,0.00,4,0,0,0.0,0.0,2026-08-22T11:30:00Z,0,FALSE,16,0,0,0,0,1,0,2175,0,0,2,0.0,0,0,0,0,50,True,0,0,1
Konstantinos Tzolakis,GK,Hull City,,0,3,41,1,0.0,572,0.00,0.00,0.00,1.83,4,0,0,0.0,0.0,2026-08-22T11:30:00Z,90,FALSE,16,0,0,0,0,1,5,48305,1,0,2,0.0,10,0,0,0,45,True,0,0,1
Jens Hjertø-Dahl,MID,Hull City,,0,0,0,0,0.0,574,0.00,0.00,0.00,0.00,4,0,0,0.0,0.0,2026-08-22T11:30:00Z,0,FALSE,16,0,0,0,0,1,0,7500,0,0,2,0.0,0,0,0,0,50,True,0,0,1
Elliot Stroud,MID,Hull City,,0,0,11,1,0.0,576,0.03,0.03,0.00,1.16,4,0,0,0.0,0.0,2026-08-22T11:30:00Z,70,FALSE,16,0,0,0,0,1,0,6733,1,0,2,0.0,3,0,0,0,50,True,0,6,1
Lucas Herrington,DEF,Hull City,,0,0,4,0,0.0,585,0.00,0.00,0.00,0.96,4,0,0,0.0,0.0,2026-08-22T11:30:00Z,26,FALSE,16,0,0,0,0,1,0,53978,0,0,2,0.0,1,0,0,0,40,True,0,4,1
Nobel Mendy,DEF,Hull City,,0,1,35,1,0.0,586,0.00,0.28,0.28,0.86,4,0,1,0.0,0.0,2026-08-22T11:30:00Z,63,FALSE,16,0,0,0,0,1,0,92688,1,0,2,0.0,15,0,0,0,40,True,0,13,1
Lucas Gourna-Douath,MID,Hull City,,0,0,0,0,0.0,589,0.00,0.00,0.00,0.00,4,0,0,0.0,0.0,2026-08-22T11:30:00Z,0,FALSE,16,0,0,0,0,1,0,2352,0,0,2,0.0,0,0,0,0,50,True,0,0,1
Issa Diop,DEF,Ipswich Town,,0,0,7,0,0.0,259,0.01,0.01,0.00,0.66,5,1,0,0.0,0.0,2026-08-22T14:00:00Z,90,FALSE,20,0,0,0,0,1,0,1668644,1,1,2,0.0,2,0,0,0,40,True,0,5,1
Saša Lukić,MID,Ipswich Town,,1,0,22,0,0.0,267,0.02,0.02,0.00,0.66,5,1,0,0.0,0.0,2026-08-22T14:00:00Z,90,FALSE,20,0,0,0,0,1,0,10816,1,1,2,0.0,5,0,0,0,50,True,0,6,1
Christian Walton,GK,Ipswich Town,,0,0,0,0,0.0,300,0.00,0.00,0.00,0.00,5,0,0,0.0,0.0,2026-08-22T14:00:00Z,0,FALSE,20,0,0,0,0,1,0,47085,0,1,2,0.0,0,0,0,0,45,True,0,0,1
Alex Palmer,GK,Ipswich Town,,0,0,0,0,0.0,301,0.00,0.00,0.00,0.00,5,0,0,0.0,0.0,2026-08-22T14:00:00Z,0,FALSE,20,0,0,0,0,1,0,426453,0,1,2,0.0,0,0,0,0,40,True,0,0,1
David Button,GK,Ipswich Town,,0,0,0,0,0.0,302,0.00,0.00,0.00,0.00,5,0,0,0.0,0.0,2026-08-22T14:00:00Z,0,FALSE,20,0,0,0,0,1,0,40566,0,1,2,0.0,0,0,0,0,40,True,0,0,1
Cédric Kipré,DEF,Ipswich Town,,0,0,0,0,0.0,303,0.00,0.00,0.00,0.00,5,0,0,0.0,0.0,2026-08-22T14:00:00Z,0,FALSE,20,0,0,0,0,1,0,57775,0,1,2,0.0,0,0,0,0,40,True,0,0,1
Dara O'Shea,DEF,Ipswich Town,,0,0,16,0,0.0,304,0.16,0.16,0.00,0.66,5,1,0,0.0,0.0,2026-08-22T14:00:00Z,90,FALSE,20,0,0,0,0,1,0,313565,1,1,2,0.0,4,0,0,0,40,True,0,18,1
Leif Davis,DEF,Ipswich Town,,0,0,10,0,0.0,305,0.01,0.01,0.00,0.66,5,1,0,0.0,0.0,2026-08-22T14:00:00Z,90,FALSE,20,0,0,0,0,1,0,479363,1,1,2,0.0,2,0,0,0,40,True,0,7,1
Jacob Greaves,DEF,Ipswich Town,,0,0,12,0,0.0,306,0.00,0.00,0.00,0.66,5,1,0,0.0,0.0,2026-08-22T14:00:00Z,90,FALSE,20,0,0,0,0,1,0,134129,1,1,2,0.0,2,0,0,0,40,True,0,7,1
Ben Johnson,DEF,Ipswich Town,,0,0,0,0,0.0,307,0.00,0.00,0.00,0.00,5,0,0,0.0,0.0,2026-08-22T14:00:00Z,0,FALSE,20,0,0,0,0,1,0,10016,0,1,2,0.0,0,0,0,0,40,True,0,0,1
Darnell Furlong,DEF,Ipswich Town,,0,0,0,0,0.0,308,0.00,0.00,0.00,0.00,5,0,0,0.0,0.0,2026-08-22T14:00:00Z,0,FALSE,20,0,0,0,0,1,0,56130,0,1,2,0.0,0,0,0,0,40,True,0,0,1
Marcelino Núñez,MID,Ipswich Town,,0,0,26,0,0.0,309,0.03,0.06,0.03,0.63,5,1,0,0.0,0.0,2026-08-22T14:00:00Z,79,FALSE,20,0,0,0,0,1,0,11544,1,1,2,0.0,4,0,0,0,50,True,0,12,1
Azor Matusiwa,MID,Ipswich Town,,0,0,0,0,0.0,310,0.00,0.00,0.00,0.00,5,0,0,0.0,0.0,2026-08-22T14:00:00Z,0,FALSE,20,0,0,0,0,1,0,430,0,1,2,0.0,0,0,0,0,50,True,0,0,1
Wes Burns,MID,Ipswich Town,,0,0,0,0,0.0,311,0.00,0.00,0.00,0.00,5,0,0,0.0,0.0,2026-08-22T14:00:00Z,0,FALSE,20,0,0,0,0,1,0,562,0,1,2,0.0,0,0,0,0,50,True,0,0,1
Jack Taylor,MID,Ipswich Town,,0,0,0,0,0.0,312,0.00,0.00,0.00,0.00,5,0,0,0.0,0.0,2026-08-22T14:00:00Z,0,FALSE,20,0,0,0,0,1,0,4505,0,1,2,0.0,0,0,0,0,45,True,0,0,1
Jack Clarke,MID,Ipswich Town,,0,1,27,0,0.0,313,0.00,0.10,0.10,0.03,5,0,1,0.0,0.0,2026-08-22T14:00:00Z,19,FALSE,20,0,0,0,0,1,0,24135,0,1,2,0.0,7,0,0,0,55,True,0,2,1
Chiedozie Ogbene,MID,Ipswich Town,,0,0,0,0,0.0,314,0.00,0.00,0.00,0.00,5,0,0,0.0,0.0,2026-08-22T14:00:00Z,0,FALSE,20,0,0,0,0,1,0,1539,0,1,2,0.0,0,0,0,0,50,True,0,0,1
Abdul Fatawu,MID,Ipswich Town,,0,0,22,0,0.0,315,0.41,0.41,0.00,0.63,5,1,0,0.0,0.0,2026-08-22T14:00:00Z,65,FALSE,20,0,0,0,0,1,0,21235,1,1,2,0.0,2,0,0,0,55,True,0,7,1
Emersonn Correia da Silva,FWD,Ipswich Town,,0,3,41,0,0.0,316,0.06,0.88,0.82,0.63,5,1,1,0.0,0.0,2026-08-22T14:00:00Z,65,FALSE,20,0,0,0,0,1,0,33590,1,1,2,0.0,9,0,0,0,55,True,0,3,1
George Hirst,FWD,Ipswich Town,,0,0,0,0,0.0,317,0.00,0.00,0.00,0.00,5,0,0,0.0,0.0,2026-08-22T14:00:00Z,0,FALSE,20,0,0,0,0,1,0,25160,0,1,2,0.0,0,0,0,0,50,True,0,0,1
Jaden Philogene,MID,Ipswich Town,,0,0,0,0,0.0,318,0.00,0.00,0.00,0.00,5,0,0,0.0,0.0,2026-08-22T14:00:00Z,0,FALSE,20,0,0,0,0,1,0,14821,0,1,2,0.0,0,0,0,0,55,True,0,0,1
Sam Szmodics,MID,Ipswich Town,,0,0,0,0,0.0,319,0.00,0.00,0.00,0.00,5,0,0,0.0,0.0,2026-08-22T14:00:00Z,0,FALSE,20,0,0,0,0,1,0,1030,0,1,2,0.0,0,0,0,0,50,True,0,0,1
Chuba Akpom,FWD,Ipswich Town,,0,0,3,0,0.0,320,0.00,0.00,0.00,0.03,5,0,0,0.0,0.0,2026-08-22T14:00:00Z,24,FALSE,20,0,0,0,0,1,0,47871,0,1,2,0.0,1,0,0,0,50,True,0,3,1
Sindre Walle Egeli,FWD,Ipswich Town,,0,0,3,0,0.0,321,0.00,0.00,0.00,0.03,5,0,0,0.0,0.0,2026-08-22T14:00:00Z,10,FALSE,20,0,0,0,0,1,0,199675,0,1,2,0.0,1,0,0,0,45,True,0,0,1
Ali Al-Hamadi,FWD,Ipswich Town,,0,0,0,0,0.0,322,0.00,0.00,0.00,0.00,5,0,0,0.0,0.0,2026-08-22T14:00:00Z,0,FALSE,20,0,0,0,0,1,0,13332,0,1,2,0.0,0,0,0,0,50,True,0,0,1
Kasey McAteer,MID,Ipswich Town,,0,0,4,0,0.0,323,0.00,0.00,0.00,0.03,5,0,0,0.0,0.0,2026-08-22T14:00:00Z,24,FALSE,20,0,0,0,0,1,0,130440,0,1,2,0.0,1,0,0,0,45,True,0,3,1
Anis Mehmeti,MID,Ipswich Town,,0,0,0,0,0.0,324,0.00,0.00,0.00,0.00,5,0,0,0.0,0.0,2026-08-22T14:00:00Z,0,FALSE,20,0,0,0,0,1,0,4850,0,1,2,0.0,0,0,0,0,50,True,0,0,1
Kayne van Oevelen,GK,Ipswich Town,,0,0,0,0,0.0,554,0.00,0.00,0.00,0.00,5,0,0,0.0,0.0,2026-08-22T14:00:00Z,0,FALSE,20,0,0,0,0,1,0,3509,0,1,2,0.0,0,0,0,0,45,True,0,0,1
Daizen Maeda,MID,Ipswich Town,,0,0,7,0,0.0,562,0.00,0.61,0.61,0.63,5,1,0,0.0,0.0,2026-08-22T14:00:00Z,79,FALSE,20,0,0,0,0,1,0,37656,1,1,2,0.0,2,0,0,0,55,True,0,9,1
Kjell Scherpen,GK,Ipswich Town,,0,0,12,0,0.0,564,0.00,0.00,0.00,0.66,5,1,0,0.0,0.0,2026-08-22T14:00:00Z,90,FALSE,20,0,0,0,0,1,2,57252,1,1,2,0.0,2,0,0,0,45,True,0,0,1
Florentino Ibrain Morris Luís,MID,Ipswich Town,,0,0,0,0,0.0,571,0.00,0.00,0.00,0.00,5,0,0,0.0,0.0,2026-08-22T14:00:00Z,0,FALSE,20,0,0,0,0,1,0,12850,0,1,2,0.0,0,0,0,0,50,True,0,0,1
Julio Enciso,MID,Ipswich Town,,1,0,24,0,0.0,591,0.31,0.54,0.23,0.63,5,1,0,0.0,0.0,2026-08-22T14:00:00Z,70,FALSE,20,0,0,0,0,1,0,24595,1,1,2,0.0,5,0,0,0,55,True,0,8,1
Abdoul Ouattara,DEF,Ipswich Town,,0,0,4,0,0.0,592,0.00,0.00,0.00,0.03,5,0,0,0.0,0.0,2026-08-22T14:00:00Z,10,FALSE,20,0,0,0,0,1,0,86218,0,1,2,0.0,1,0,0,0,40,True,0,2,1
Cameron Humphreys,MID,Ipswich Town,,0,0,0,0,0.0,602,0.00,0.00,0.00,0.00,5,0,0,0.0,0.0,2026-08-22T14:00:00Z,0,FALSE,20,0,0,0,0,1,0,0,0,1,2,0.0,0,0,0,0,45,True,0,0,1
Harry Wilson,MID,Leeds,,0,0,8,1,0.0,260,0.02,0.02,0.00,0.53,6,0,0,0.0,0.0,2026-08-22T14:00:00Z,65,FALSE,18,0,0,0,0,1,0,577649,1,1,0,0.0,3,0,0,0,65,False,0,2,1
Lucas Estella Perri,GK,Leeds,,0,0,0,0,0.0,326,0.00,0.00,0.00,0.00,6,0,0,0.0,0.0,2026-08-22T14:00:00Z,0,FALSE,18,0,0,0,0,1,0,52897,0,1,0,0.0,0,0,0,0,45,False,0,0,1
Jaka Bijol,DEF,Leeds,,0,2,28,1,0.0,327,0.00,0.11,0.11,0.66,6,0,0,0.0,0.0,2026-08-22T14:00:00Z,90,FALSE,18,0,0,0,0,1,0,27043,1,1,0,0.0,10,0,0,0,50,False,0,12,1
Joe Rodon,DEF,Leeds,,0,0,21,1,0.0,329,0.06,0.09,0.03,0.66,6,0,0,0.0,0.0,2026-08-22T14:00:00Z,90,FALSE,18,0,0,0,0,1,0,330772,1,1,0,0.0,6,0,0,0,45,False,0,7,1
Jayden Bogle,DEF,Leeds,,0,0,24,1,0.0,330,0.00,0.00,0.00,0.66,6,0,0,0.0,0.0,2026-08-22T14:00:00Z,90,FALSE,18,0,0,0,0,1,0,45674,1,1,0,0.0,6,0,0,0,45,False,0,3,1
Gabriel Gudmundsson,DEF,Leeds,,0,0,0,0,0.0,331,0.00,0.00,0.00,0.00,6,0,0,0.0,0.0,2026-08-22T14:00:00Z,0,FALSE,18,0,0,0,0,1,0,5099,0,1,0,0.0,0,0,0,0,45,False,0,0,1
James Justin,DEF,Leeds,,0,2,28,1,0.0,332,0.01,0.01,0.00,0.66,6,0,0,0.0,0.0,2026-08-22T14:00:00Z,90,FALSE,18,0,0,0,0,1,0,52732,1,1,0,0.0,10,0,0,0,45,False,0,12,1
Sebastiaan Bornauw,DEF,Leeds,,0,0,0,0,0.0,333,0.00,0.00,0.00,0.00,6,0,0,0.0,0.0,2026-08-22T14:00:00Z,0,FALSE,18,0,0,0,0,1,0,512,0,1,0,0.0,0,0,0,0,45,False,0,0,1
Tarik Muharemović,DEF,Leeds,,0,0,25,1,0.0,334,0.00,0.09,0.09,0.66,6,0,0,0.0,0.0,2026-08-22T14:00:00Z,90,FALSE,18,0,0,0,0,1,0,306283,1,1,0,0.0,6,0,0,0,50,False,0,7,1
Anton Stach,MID,Leeds,,0,3,37,1,0.0,335,0.05,0.15,0.10,0.66,6,0,1,0.0,0.0,2026-08-22T14:00:00Z,90,FALSE,18,0,0,0,0,1,0,80326,1,1,0,0.0,13,0,0,0,60,False,0,16,1
Noah Okafor,MID,Leeds,,0,0,10,0,0.0,336,0.16,0.16,0.00,0.13,6,0,0,0.0,0.0,2026-08-22T14:00:00Z,24,FALSE,18,0,0,0,0,1,0,45369,0,1,0,0.0,1,0,0,0,60,False,0,5,1
Brenden Aaronson,MID,Leeds,,0,0,16,1,0.0,337,0.01,0.02,0.01,0.58,6,0,0,0.0,0.0,2026-08-22T14:00:00Z,81,FALSE,18,0,0,0,0,1,0,87156,1,1,0,0.0,3,0,0,0,55,False,0,7,1
Ethan Ampadu,MID,Leeds,,0,0,18,1,0.0,338,0.04,0.04,0.00,0.66,6,0,0,0.0,0.0,2026-08-22T14:00:00Z,90,FALSE,18,0,0,0,0,1,0,132659,1,1,0,0.0,5,0,0,0,55,False,0,13,1
Sean Longstaff,MID,Leeds,,0,0,3,0,0.0,339,0.00,0.00,0.00,0.07,6,0,0,0.0,0.0,2026-08-22T14:00:00Z,8,FALSE,18,0,0,0,0,1,0,12582,0,1,0,0.0,1,0,0,0,50,False,0,0,1
Wilfried Gnonto,MID,Leeds,,0,0,0,0,0.0,341,0.00,0.00,0.00,0.00,6,0,0,0.0,0.0,2026-08-22T14:00:00Z,0,FALSE,18,0,0,0,0,1,0,2172,0,1,0,0.0,0,0,0,0,50,False,0,0,1
Jack Harrison,MID,Leeds,,0,0,0,0,0.0,342,0.00,0.00,0.00,0.00,6,0,0,0.0,0.0,2026-08-22T14:00:00Z,0,FALSE,18,0,0,0,0,1,0,135,0,1,0,0.0,0,0,0,0,50,False,0,0,1
Daniel James,MID,Leeds,,0,0,0,0,0.0,343,0.00,0.00,0.00,0.00,6,0,0,0.0,0.0,2026-08-22T14:00:00Z,0,FALSE,18,0,0,0,0,1,0,11272,0,1,0,0.0,0,0,0,0,50,False,0,0,1
Ilia Gruev,MID,Leeds,,0,0,0,0,0.0,344,0.00,0.00,0.00,0.00,6,0,0,0.0,0.0,2026-08-22T14:00:00Z,0,FALSE,18,0,0,0,0,1,0,461,0,1,0,0.0,0,0,0,0,50,False,0,0,1
Tanaka Ao,MID,Leeds,,0,0,0,0,0.0,345,0.00,0.00,0.00,0.00,6,0,0,0.0,0.0,2026-08-22T14:00:00Z,0,FALSE,18,0,0,0,0,1,0,23052,0,1,0,0.0,0,0,0,0,50,False,0,0,1
Dominic Calvert-Lewin,FWD,Leeds,,0,0,-2,1,0.0,346,0.00,0.13,0.13,0.66,6,0,0,0.0,0.0,2026-08-22T14:00:00Z,90,FALSE,18,0,0,0,0,1,0,2823371,1,1,0,0.0,1,0,0,0,60,False,1,2,1
Lukas Nmecha,FWD,Leeds,,0,0,0,0,0.0,347,0.00,0.00,0.00,0.00,6,0,0,0.0,0.0,2026-08-22T14:00:00Z,0,FALSE,18,0,0,0,0,1,0,53564,0,1,0,0.0,0,0,0,0,55,False,0,0,1
Joël Piroe,FWD,Leeds,,0,0,0,0,0.0,348,0.00,0.00,0.00,0.00,6,0,0,0.0,0.0,2026-08-22T14:00:00Z,0,FALSE,18,0,0,0,0,1,0,17239,0,1,0,0.0,0,0,0,0,50,False,0,0,1
Mateo Joseph Fernández-Regatillo,FWD,Leeds,,0,0,0,0,0.0,349,0.00,0.00,0.00,0.00,6,0,0,0.0,0.0,2026-08-22T14:00:00Z,0,FALSE,18,0,0,0,0,1,0,5936,0,1,0,0.0,0,0,0,0,45,False,0,0,1
James Trafford,GK,Leeds,,0,2,28,1,0.0,385,0.00,0.00,0.00,0.66,6,0,0,0.0,0.0,2026-08-22T14:00:00Z,90,FALSE,18,0,0,0,0,1,3,265439,1,1,0,0.0,9,0,0,0,50,False,0,0,1
Nico Elvedi,DEF,Leeds,,0,0,0,0,0.0,598,0.00,0.00,0.00,0.00,6,0,0,0.0,0.0,2026-08-22T14:00:00Z,0,FALSE,18,0,0,0,0,1,0,1842,0,1,0,0.0,0,0,0,0,45,False,0,0,1
Jayden Lienou,DEF,Leeds,,0,0,0,0,0.0,603,0.00,0.00,0.00,0.00,6,0,0,0.0,0.0,2026-08-22T14:00:00Z,0,FALSE,18,0,0,0,0,1,0,0,0,1,0,0.0,0,0,0,0,40,False,0,0,1
Alfie Cresswell,MID,Leeds,,0,0,0,0,0.0,604,0.00,0.00,0.00,0.00,6,0,0,0.0,0.0,2026-08-22T14:00:00Z,0,FALSE,18,0,0,0,0,1,0,0,0,1,0,0.0,0,0,0,0,45,False,0,0,1
Alisson Becker,GK,Liverpool,,0,0,7,0,0.0,350,0.00,0.00,0.00,1.58,9,2,0,0.0,0.0,2026-08-23T15:30:00Z,90,FALSE,17,0,0,0,0,1,3,302846,1,2,2,0.0,2,0,0,0,55,False,0,0,1
Giorgi Mamardashvili,GK,Liverpool,,0,0,0,0,0.0,351,0.00,0.00,0.00,0.00,9,0,0,0.0,0.0,2026-08-23T15:30:00Z,0,FALSE,17,0,0,0,0,1,0,13503,0,2,2,0.0,0,0,0,0,50,False,0,0,1
Freddie Woodman,GK,Liverpool,,0,0,0,0,0.0,352,0.00,0.00,0.00,0.00,9,0,0,0.0,0.0,2026-08-23T15:30:00Z,0,FALSE,17,0,0,0,0,1,0,97477,0,2,2,0.0,0,0,0,0,40,False,0,0,1
Armin Pecsi,GK,Liverpool,,0,0,0,0,0.0,353,0.00,0.00,0.00,0.00,9,0,0,0.0,0.0,2026-08-23T15:30:00Z,0,FALSE,17,0,0,0,0,1,0,2936,0,2,2,0.0,0,0,0,0,40,False,0,0,1
Vitezslav Jaros,GK,Liverpool,,0,0,0,0,0.0,354,0.00,0.00,0.00,0.00,9,0,0,0.0,0.0,2026-08-23T15:30:00Z,0,FALSE,17,0,0,0,0,1,0,1351,0,2,2,0.0,0,0,0,0,40,False,0,0,1
Harvey Davies,GK,Liverpool,,0,0,0,0,0.0,355,0.00,0.00,0.00,0.00,9,0,0,0.0,0.0,2026-08-23T15:30:00Z,0,FALSE,17,0,0,0,0,1,0,11845,0,2,2,0.0,0,0,0,0,40,False,0,0,1
Virgil van Dijk,DEF,Liverpool,,0,0,8,0,0.0,356,0.01,0.26,0.25,1.58,9,2,0,0.0,0.0,2026-08-23T15:30:00Z,90,FALSE,17,0,0,0,0,1,0,1670280,1,2,2,0.0,2,0,0,0,65,False,1,11,1
Jeremie Frimpong,DEF,Liverpool,,0,0,3,0,0.0,357,0.09,0.10,0.01,1.58,9,2,0,0.0,0.0,2026-08-23T15:30:00Z,90,FALSE,17,0,0,0,0,1,0,302241,1,2,2,0.0,0,0,0,0,55,False,1,2,1
Milos Kerkez,DEF,Liverpool,,0,0,3,0,0.0,358,0.02,0.04,0.02,1.58,9,2,0,0.0,0.0,2026-08-23T15:30:00Z,90,FALSE,17,0,0,0,0,1,0,332539,1,2,2,0.0,0,0,0,0,55,False,1,7,1
Joe Gomez,DEF,Liverpool,,0,0,0,0,0.0,359,0.00,0.00,0.00,0.00,9,0,0,0.0,0.0,2026-08-23T15:30:00Z,0,FALSE,17,0,0,0,0,1,0,1714,0,2,2,0.0,0,0,0,0,50,False,0,0,1
Conor Bradley,DEF,Liverpool,,0,0,0,0,0.0,360,0.00,0.00,0.00,0.00,9,0,0,0.0,0.0,2026-08-23T15:30:00Z,0,FALSE,17,0,0,0,0,1,0,957,0,2,2,0.0,0,0,0,0,50,False,0,0,1
Wellity Lucky,DEF,Liverpool,,0,0,0,0,0.0,361,0.00,0.00,0.00,0.00,9,0,0,0.0,0.0,2026-08-23T15:30:00Z,0,FALSE,17,0,0,0,0,1,0,10838,0,2,2,0.0,0,0,0,0,40,False,0,0,1
Jeremy Jacquet,DEF,Liverpool,,0,0,9,0,0.0,362,0.02,0.02,0.00,1.04,9,2,0,0.0,0.0,2026-08-23T15:30:00Z,69,FALSE,17,0,0,0,0,1,0,205604,1,2,2,0.0,1,0,0,0,50,False,0,3,1
Giovanni Leoni,DEF,Liverpool,,0,0,0,0,0.0,363,0.00,0.00,0.00,0.00,9,0,0,0.0,0.0,2026-08-23T15:30:00Z,0,FALSE,17,0,0,0,0,1,0,4082,0,2,2,0.0,0,0,0,0,40,False,0,0,1
Kostas Tsimikas,DEF,Liverpool,,0,0,0,0,0.0,364,0.00,0.00,0.00,0.00,9,0,0,0.0,0.0,2026-08-23T15:30:00Z,0,FALSE,17,0,0,0,0,1,0,6683,0,2,2,0.0,0,0,0,0,50,False,0,0,1
Calvin Ramsay,DEF,Liverpool,,0,0,0,0,0.0,365,0.00,0.00,0.00,0.00,9,0,0,0.0,0.0,2026-08-23T15:30:00Z,0,FALSE,17,0,0,0,0,1,0,19328,0,2,2,0.0,0,0,0,0,40,False,0,0,1
Florian Wirtz,MID,Liverpool,,0,0,16,0,0.0,366,0.04,0.30,0.26,0.51,9,2,0,0.0,0.0,2026-08-23T15:30:00Z,62,FALSE,17,0,0,0,0,1,0,1122658,1,2,2,0.0,2,0,0,0,75,False,0,5,1
Cody Gakpo,MID,Liverpool,,0,3,33,0,0.0,367,0.15,0.45,0.30,1.58,9,2,1,0.0,0.0,2026-08-23T15:30:00Z,90,FALSE,17,0,0,0,0,1,0,310403,1,2,2,0.0,12,0,0,0,70,False,0,12,1
Dominik Szoboszlai,MID,Liverpool,,0,1,29,0,0.0,368,0.27,1.12,0.85,1.58,9,2,1,0.0,0.0,2026-08-23T15:30:00Z,90,FALSE,17,0,0,0,0,1,0,3733259,1,2,2,0.0,8,0,0,0,70,False,0,7,1
Rio Ngumoha,MID,Liverpool,,0,0,9,0,0.0,369,0.02,0.06,0.04,0.51,9,2,0,0.0,0.0,2026-08-23T15:30:00Z,62,FALSE,17,0,0,0,0,1,0,104767,1,2,2,0.0,2,0,0,0,60,False,0,3,1
Federico Chiesa,MID,Liverpool,,0,0,0,0,0.0,370,0.00,0.00,0.00,0.00,9,0,0,0.0,0.0,2026-08-23T15:30:00Z,0,FALSE,17,0,0,0,0,1,0,11756,0,2,2,0.0,0,0,0,0,55,False,0,0,1
Ryan Gravenberch,MID,Liverpool,,1,0,26,0,0.0,371,0.05,0.11,0.06,1.10,9,2,0,0.0,0.0,2026-08-23T15:30:00Z,77,FALSE,17,0,0,0,0,1,0,172067,1,2,2,0.0,5,0,0,0,60,False,0,11,1
Alexis Mac Allister,MID,Liverpool,,0,0,9,0,0.0,372,0.01,0.01,0.00,1.07,9,0,0,0.0,0.0,2026-08-23T15:30:00Z,27,FALSE,17,0,0,0,0,1,0,151941,0,2,2,0.0,1,0,0,0,55,False,0,3,1
Curtis Jones,MID,Liverpool,,0,0,0,0,0.0,373,0.00,0.00,0.00,0.00,9,0,0,0.0,0.0,2026-08-23T15:30:00Z,0,FALSE,17,0,0,0,0,1,0,4822,0,2,2,0.0,0,0,0,0,55,False,0,0,1
Endo Wataru,MID,Liverpool,,0,0,0,0,0.0,374,0.00,0.00,0.00,0.00,9,0,0,0.0,0.0,2026-08-23T15:30:00Z,0,FALSE,17,0,0,0,0,1,0,5090,0,2,2,0.0,0,0,0,0,50,False,0,0,1
Trey Nyoni,MID,Liverpool,,0,0,0,0,0.0,375,0.00,0.00,0.00,0.00,9,0,0,0.0,0.0,2026-08-23T15:30:00Z,0,FALSE,17,0,0,0,0,1,0,3729,0,2,2,0.0,0,0,0,0,50,False,0,0,1
Stefan Bajčetić Maquieira,MID,Liverpool,,0,0,0,0,0.0,376,0.00,0.00,0.00,0.00,9,0,0,0.0,0.0,2026-08-23T15:30:00Z,0,FALSE,17,0,0,0,0,1,0,157,0,2,2,0.0,0,0,0,0,50,False,0,0,1
Victor Munoz,MID,Liverpool,,1,0,15,0,0.0,377,0.04,0.14,0.10,1.07,9,0,0,0.0,0.0,2026-08-23T15:30:00Z,27,FALSE,17,0,0,0,0,1,0,48042,0,2,2,0.0,4,0,0,0,65,False,0,0,1
James McConnell,MID,Liverpool,,0,0,0,0,0.0,378,0.00,0.00,0.00,0.00,9,0,0,0.0,0.0,2026-08-23T15:30:00Z,0,FALSE,17,0,0,0,0,1,0,24189,0,2,2,0.0,0,0,0,0,45,False,0,0,1
Alexander Isak,FWD,Liverpool,,0,0,6,0,0.0,379,0.01,1.10,1.09,1.58,9,2,0,0.0,0.0,2026-08-23T15:30:00Z,90,FALSE,17,0,0,0,0,1,0,1493302,1,2,2,0.0,2,0,0,0,90,False,0,1,1
Hugo Ekitiké,FWD,Liverpool,,0,0,0,0,0.0,380,0.00,0.00,0.00,0.00,9,0,0,0.0,0.0,2026-08-23T15:30:00Z,0,FALSE,17,0,0,0,0,1,0,14410,0,2,2,0.0,0,0,0,0,75,False,0,0,1
Lewis Koumas,MID,Liverpool,,0,0,4,0,0.0,381,0.00,0.03,0.03,0.48,9,0,0,0.0,0.0,2026-08-23T15:30:00Z,12,FALSE,17,0,0,0,0,1,0,1626,0,2,2,0.0,1,0,0,0,50,False,0,1,1
Jayden Danns,FWD,Liverpool,,0,0,0,0,0.0,382,0.00,0.00,0.00,0.00,9,0,0,0.0,0.0,2026-08-23T15:30:00Z,0,FALSE,17,0,0,0,0,1,0,3221,0,2,2,0.0,0,0,0,0,45,False,0,0,1
Harvey Elliott,MID,Liverpool,,0,0,0,0,0.0,383,0.00,0.00,0.00,0.00,9,0,0,0.0,0.0,2026-08-23T15:30:00Z,0,FALSE,17,0,0,0,0,1,0,6399,0,2,2,0.0,0,0,0,0,55,False,0,0,1
Ronald Araujo,DEF,Liverpool,,0,0,3,0,0.0,579,0.03,0.03,0.00,0.54,9,0,0,0.0,0.0,2026-08-23T15:30:00Z,20,FALSE,17,0,0,0,0,1,0,211388,0,2,2,0.0,1,0,0,0,55,False,0,4,1
Jack Grealish,MID,Man City,,0,0,2,0,0.0,238,0.00,0.00,0.00,0.00,8,0,0,0.0,0.0,2026-08-23T13:00:00Z,8,FALSE,3,0,0,0,0,1,0,16005,0,1,2,0.0,1,0,0,0,65,True,0,1,1
Gianluigi Donnarumma,GK,Man City,,0,0,12,0,0.0,384,0.00,0.00,0.00,0.65,8,1,0,0.0,0.0,2026-08-23T13:00:00Z,90,FALSE,3,0,0,0,0,1,3,722204,1,1,2,0.0,3,0,0,0,55,True,0,0,1
Marcus Bettinelli,GK,Man City,,0,0,0,0,0.0,386,0.00,0.00,0.00,0.00,8,0,0,0.0,0.0,2026-08-23T13:00:00Z,0,FALSE,3,0,0,0,0,1,0,2479,0,1,2,0.0,0,0,0,0,45,True,0,0,1
Nico O'Reilly,DEF,Man City,,0,0,5,0,0.0,387,0.41,0.48,0.07,0.55,8,1,0,0.0,0.0,2026-08-23T13:00:00Z,62,FALSE,3,0,0,0,0,1,0,1877660,1,1,2,0.0,2,0,0,0,65,True,0,2,1
Marc Guéhi,DEF,Man City,,0,2,31,0,0.0,388,0.32,1.21,0.89,0.65,8,1,1,0.0,0.0,2026-08-23T13:00:00Z,90,FALSE,3,0,0,0,0,1,0,1521853,1,1,2,0.0,10,0,0,0,60,True,0,4,1
Matheus Nunes,DEF,Man City,,0,0,4,0,0.0,389,0.04,0.04,0.00,0.10,8,0,0,0.0,0.0,2026-08-23T13:00:00Z,33,FALSE,3,0,0,0,0,1,0,123928,0,1,2,0.0,1,0,0,0,60,True,0,1,1
Rúben dos Santos Gato Alves Dias,DEF,Man City,,0,0,11,0,0.0,390,0.14,0.14,0.00,0.65,8,1,0,0.0,0.0,2026-08-23T13:00:00Z,90,FALSE,3,0,0,0,0,1,0,148709,1,1,2,0.0,2,0,0,0,55,True,0,6,1
Joško Gvardiol,DEF,Man City,,0,1,28,0,0.0,391,0.05,0.24,0.19,0.65,8,1,1,0.0,0.0,2026-08-23T13:00:00Z,90,FALSE,3,0,0,0,0,1,0,980214,1,1,2,0.0,9,0,0,0,55,True,0,7,1
Rayan Aït-Nouri,DEF,Man City,,0,0,0,0,0.0,392,0.00,0.00,0.00,0.00,8,0,0,0.0,0.0,2026-08-23T13:00:00Z,0,FALSE,3,0,0,0,0,1,0,79425,0,1,2,0.0,0,0,0,0,55,True,0,0,1
Abdukodir Khusanov,DEF,Man City,,0,0,14,0,0.0,393,0.02,0.02,0.00,0.65,8,1,0,0.0,0.0,2026-08-23T13:00:00Z,90,FALSE,3,0,0,0,0,1,0,147622,1,1,2,0.0,2,0,0,0,55,True,0,4,1
Max Alleyne,DEF,Man City,,0,0,0,0,0.0,394,0.00,0.00,0.00,0.00,8,0,0,0.0,0.0,2026-08-23T13:00:00Z,0,FALSE,3,0,0,0,0,1,0,1089,0,1,2,0.0,0,0,0,0,50,True,0,0,1
Rico Lewis,DEF,Man City,,0,0,-1,0,0.0,395,0.02,0.19,0.17,0.55,8,1,0,0.0,0.0,2026-08-23T13:00:00Z,56,FALSE,3,0,0,0,0,1,0,18491,1,1,2,0.0,1,0,0,0,45,True,0,2,1
Vitor de Oliveira Nunes dos Reis,DEF,Man City,,0,0,0,0,0.0,396,0.00,0.00,0.00,0.00,8,0,0,0.0,0.0,2026-08-23T13:00:00Z,0,FALSE,3,0,0,0,0,1,0,1856,0,1,2,0.0,0,0,0,0,45,True,0,0,1
Antoine Semenyo,MID,Man City,,0,0,16,0,0.0,397,0.02,0.08,0.06,0.65,8,1,0,0.0,0.0,2026-08-23T13:00:00Z,90,FALSE,3,0,0,0,0,1,0,2354040,1,1,2,0.0,2,0,0,0,85,True,0,5,1
Phil Foden,MID,Man City,,0,0,15,0,0.0,398,0.40,0.52,0.12,0.65,8,1,0,0.0,0.0,2026-08-23T13:00:00Z,81,FALSE,3,0,0,0,0,1,0,387178,1,1,2,0.0,1,0,0,0,70,True,1,6,1
Rayan Cherki,MID,Man City,,2,1,28,0,0.0,399,0.50,0.50,0.00,0.10,8,0,0,0.0,0.0,2026-08-23T13:00:00Z,27,FALSE,3,0,0,0,0,1,0,679336,0,1,2,0.0,8,0,0,0,75,True,0,0,1
Jérémy Doku,MID,Man City,,0,0,0,0,0.0,400,0.00,0.00,0.00,0.00,8,0,0,0.0,0.0,2026-08-23T13:00:00Z,0,FALSE,3,0,0,0,0,1,0,191182,0,1,2,0.0,0,0,0,0,75,True,0,0,1
Omar Marmoush,FWD,Man City,,0,0,0,0,0.0,401,0.00,0.00,0.00,0.00,8,0,0,0.0,0.0,2026-08-23T13:00:00Z,0,FALSE,3,0,0,0,0,1,0,80421,0,1,2,0.0,0,0,0,0,70,True,0,0,1
Rodrigo 'Rodri' Hernandez Cascante,MID,Man City,,0,0,0,0,0.0,402,0.00,0.00,0.00,0.00,8,0,0,0.0,0.0,2026-08-23T13:00:00Z,0,FALSE,3,0,0,0,0,1,0,2341,0,1,2,0.0,0,0,0,0,65,True,0,0,1
Sávio Moreira de Oliveira,MID,Man City,,0,0,0,0,0.0,403,0.00,0.00,0.00,0.00,8,0,0,0.0,0.0,2026-08-23T13:00:00Z,0,FALSE,3,0,0,0,0,1,0,23783,0,1,2,0.0,0,0,0,0,65,True,0,0,1
Tijjani Reijnders,MID,Man City,,0,0,0,0,0.0,404,0.00,0.00,0.00,0.00,8,0,0,0.0,0.0,2026-08-23T13:00:00Z,0,FALSE,3,0,0,0,0,1,0,11692,0,1,2,0.0,0,0,0,0,60,True,0,0,1
Nico González Iglesias,MID,Man City,,0,0,0,0,0.0,405,0.00,0.00,0.00,0.00,8,0,0,0.0,0.0,2026-08-23T13:00:00Z,0,FALSE,3,0,0,0,0,1,0,11878,0,1,2,0.0,0,0,0,0,55,True,0,0,1
Mateo Kovačić,MID,Man City,,0,0,3,0,0.0,406,0.01,0.01,0.00,0.10,8,0,0,0.0,0.0,2026-08-23T13:00:00Z,27,FALSE,3,0,0,0,0,1,0,6303,0,1,2,0.0,1,0,0,0,55,True,0,2,1
Claudio Echeverri,MID,Man City,,0,0,0,0,0.0,407,0.00,0.00,0.00,0.00,8,0,0,0.0,0.0,2026-08-23T13:00:00Z,0,FALSE,3,0,0,0,0,1,0,1572,0,1,2,0.0,0,0,0,0,50,True,0,0,1
Kalvin Phillips,MID,Man City,,0,0,0,0,0.0,408,0.00,0.00,0.00,0.00,8,0,0,0.0,0.0,2026-08-23T13:00:00Z,0,FALSE,3,0,0,0,0,1,0,1073,0,1,2,0.0,0,0,0,0,50,True,0,0,1
Divine Mukasa,MID,Man City,,0,0,0,0,0.0,409,0.00,0.00,0.00,0.00,8,0,0,0.0,0.0,2026-08-23T13:00:00Z,0,FALSE,3,0,0,0,0,1,0,16621,0,1,2,0.0,0,0,0,0,45,True,0,0,1
Jeremy Monga,MID,Man City,,0,0,0,0,0.0,410,0.00,0.00,0.00,0.00,8,0,0,0.0,0.0,2026-08-23T13:00:00Z,0,FALSE,3,0,0,0,0,1,0,1505,0,1,2,0.0,0,0,0,0,50,True,0,0,1
Erling Haaland,FWD,Man City,,0,0,6,0,0.0,411,0.02,0.76,0.74,0.65,8,1,0,0.0,0.0,2026-08-23T13:00:00Z,90,FALSE,3,0,0,0,0,1,0,6209794,1,1,2,0.0,2,0,0,0,155,True,0,3,1
Elliot Anderson,MID,Man City,,0,0,14,0,0.0,481,0.25,0.25,0.00,0.55,8,1,0,0.0,0.0,2026-08-23T13:00:00Z,62,FALSE,3,0,0,0,0,1,0,707651,1,1,2,0.0,2,0,0,0,65,True,0,6,1
Gerónimo Rulli,GK,Man City,,0,0,0,0,0.0,587,0.00,0.00,0.00,0.00,8,0,0,0.0,0.0,2026-08-23T13:00:00Z,0,FALSE,3,0,0,0,0,1,0,1589,0,1,2,0.0,0,0,0,0,50,True,0,0,1
Youri Tielemans,MID,Man Utd,,0,0,13,0,0.0,43,0.11,0.15,0.04,0.94,4,2,0,0.0,0.0,2026-08-22T11:30:00Z,66,FALSE,11,0,0,0,0,1,0,224637,1,0,2,0.0,2,0,0,0,60,False,0,5,1
Andrey Nascimento dos Santos,MID,Man Utd,,0,0,17,0,0.0,162,0.23,0.23,0.00,0.94,4,2,0,0.0,0.0,2026-08-22T11:30:00Z,66,FALSE,11,0,0,0,0,1,0,93940,1,0,2,0.0,2,0,0,0,50,False,0,9,1
Karl Darlow,GK,Man Utd,,0,0,0,0,0.0,325,0.00,0.00,0.00,0.00,4,0,0,0.0,0.0,2026-08-22T11:30:00Z,0,FALSE,11,0,0,0,0,1,0,3043,0,0,2,0.0,0,0,0,0,45,False,0,0,1
Senne Lammens,GK,Man Utd,,0,0,7,0,0.0,412,0.00,0.00,0.00,1.01,4,2,0,0.0,0.0,2026-08-22T11:30:00Z,90,FALSE,11,0,0,0,0,1,2,1497029,1,0,2,0.0,1,0,0,0,50,False,0,0,1
Altay Bayındır,GK,Man Utd,,0,0,0,0,0.0,413,0.00,0.00,0.00,0.00,4,0,0,0.0,0.0,2026-08-22T11:30:00Z,0,FALSE,11,0,0,0,0,1,0,2353,0,0,2,0.0,0,0,0,0,45,False,0,0,1
Tom Heaton,GK,Man Utd,,0,0,0,0,0.0,414,0.00,0.00,0.00,0.00,4,0,0,0.0,0.0,2026-08-22T11:30:00Z,0,FALSE,11,0,0,0,0,1,0,9078,0,0,2,0.0,0,0,0,0,40,False,0,0,1
Patrick Dorgu,MID,Man Utd,,0,0,-11,0,0.0,415,0.03,0.50,0.47,0.92,4,2,0,0.0,0.0,2026-08-22T11:30:00Z,45,FALSE,11,0,0,0,0,1,0,121744,1,0,2,0.0,0,0,0,0,60,False,1,1,1
Matthijs de Ligt,DEF,Man Utd,,0,0,0,0,0.0,416,0.00,0.00,0.00,0.00,4,0,0,0.0,0.0,2026-08-22T11:30:00Z,0,FALSE,11,0,0,0,0,1,0,2274,0,0,2,0.0,0,0,0,0,50,False,0,0,1
Diogo Dalot Teixeira,DEF,Man Utd,,0,0,6,0,0.0,417,0.00,0.00,0.00,0.00,4,0,0,0.0,0.0,2026-08-22T11:30:00Z,10,FALSE,11,0,0,0,0,1,0,246316,0,0,2,0.0,1,0,0,0,50,False,0,3,1
Harry Maguire,DEF,Man Utd,,0,0,15,0,0.0,418,0.40,0.44,0.04,1.01,4,2,0,0.0,0.0,2026-08-22T11:30:00Z,90,FALSE,11,0,0,0,0,1,0,1650905,1,0,2,0.0,1,0,0,0,50,False,0,4,1
Lisandro Martínez,DEF,Man Utd,,0,0,0,0,0.0,419,0.00,0.00,0.00,0.00,4,0,0,0.0,0.0,2026-08-22T11:30:00Z,0,FALSE,11,0,0,0,0,1,0,115360,0,0,2,0.0,0,0,0,0,50,False,0,0,1
Leny Yoro,DEF,Man Utd,,0,0,0,0,0.0,420,0.00,0.00,0.00,0.00,4,0,0,0.0,0.0,2026-08-22T11:30:00Z,0,FALSE,11,0,0,0,0,1,0,62047,0,0,2,0.0,0,0,0,0,50,False,0,0,1
Ayden Heaven,DEF,Man Utd,,0,0,5,0,0.0,421,0.04,0.16,0.12,1.01,4,2,0,0.0,0.0,2026-08-22T11:30:00Z,90,FALSE,11,0,0,0,0,1,0,33647,1,0,2,0.0,1,0,0,0,45,False,0,2,1
Noussair Mazraoui,DEF,Man Utd,,0,0,8,0,0.0,422,0.05,0.27,0.22,1.01,4,2,0,0.0,0.0,2026-08-22T11:30:00Z,79,FALSE,11,0,0,0,0,1,0,56217,1,0,2,0.0,1,0,0,0,45,False,0,5,1
Luke Shaw,DEF,Man Utd,,0,0,13,0,0.0,423,0.26,0.26,0.00,1.01,4,2,0,0.0,0.0,2026-08-22T11:30:00Z,90,FALSE,11,0,0,0,0,1,0,1947696,1,0,2,0.0,1,0,0,0,45,False,0,4,1
Harry Amass,DEF,Man Utd,,0,0,0,0,0.0,424,0.00,0.00,0.00,0.00,4,0,0,0.0,0.0,2026-08-22T11:30:00Z,0,FALSE,11,0,0,0,0,1,0,18310,0,0,2,0.0,0,0,0,0,40,False,0,0,1
Tyler Fredricson,DEF,Man Utd,,0,0,0,0,0.0,425,0.00,0.00,0.00,0.00,4,0,0,0.0,0.0,2026-08-22T11:30:00Z,0,FALSE,11,0,0,0,0,1,0,2582,0,0,2,0.0,0,0,0,0,40,False,0,0,1
Bruno Borges Fernandes,MID,Man Utd,,0,0,18,0,0.0,426,0.26,0.34,0.08,1.01,4,2,0,0.0,0.0,2026-08-22T11:30:00Z,90,FALSE,11,0,0,0,0,1,0,4653303,1,0,2,0.0,2,0,0,0,120,False,0,6,1
Bryan Mbeumo,MID,Man Utd,,0,0,12,0,0.0,427,0.23,0.73,0.50,1.01,4,2,0,0.0,0.0,2026-08-22T11:30:00Z,90,FALSE,11,0,0,0,0,1,0,3492739,1,0,2,0.0,2,0,0,0,80,False,0,4,1
Matheus Santos Carneiro da Cunha,MID,Man Utd,,0,0,14,0,0.0,428,0.21,0.45,0.24,1.01,4,2,0,0.0,0.0,2026-08-22T11:30:00Z,79,FALSE,11,0,0,0,0,1,0,901042,1,0,2,0.0,2,0,0,0,80,False,0,3,1
Marcus Rashford,MID,Man Utd,,0,0,9,0,0.0,429,0.10,0.10,0.00,0.09,4,0,0,0.0,0.0,2026-08-22T11:30:00Z,45,FALSE,11,0,0,0,0,1,0,134653,0,0,2,0.0,1,0,0,0,70,False,0,1,1
Mason Mount,MID,Man Utd,,0,0,0,0,0.0,430,0.00,0.00,0.00,0.00,4,0,0,0.0,0.0,2026-08-22T11:30:00Z,0,FALSE,11,0,0,0,0,1,0,3202,0,0,2,0.0,0,0,0,0,55,False,0,0,1
Amad Diallo,MID,Man Utd,,0,0,0,0,0.0,431,0.00,0.00,0.00,0.00,4,0,0,0.0,0.0,2026-08-22T11:30:00Z,0,FALSE,11,0,0,0,0,1,0,145627,0,0,2,0.0,0,0,0,0,60,False,0,0,1
Kobbie Mainoo,MID,Man Utd,,0,0,7,0,0.0,432,0.01,0.08,0.07,0.07,4,0,0,0.0,0.0,2026-08-22T11:30:00Z,23,FALSE,11,0,0,0,0,1,0,89014,0,0,2,0.0,1,0,0,0,55,False,0,1,1
Manuel Ugarte Ribeiro,MID,Man Utd,,0,0,0,0,0.0,433,0.00,0.00,0.00,0.00,4,0,0,0.0,0.0,2026-08-22T11:30:00Z,0,FALSE,11,0,0,0,0,1,0,333,0,0,2,0.0,0,0,0,0,50,False,0,0,1
Jack Fletcher,MID,Man Utd,,0,0,0,0,0.0,434,0.00,0.00,0.00,0.00,4,0,0,0.0,0.0,2026-08-22T11:30:00Z,0,FALSE,11,0,0,0,0,1,0,1008,0,0,2,0.0,0,0,0,0,50,False,0,0,1
Shea Lacey,MID,Man Utd,,0,0,3,0,0.0,435,0.00,0.00,0.00,0.00,4,0,0,0.0,0.0,2026-08-22T11:30:00Z,10,FALSE,11,0,0,0,0,1,0,4147,0,0,2,0.0,1,0,0,0,50,False,0,1,1
Toby Collyer,MID,Man Utd,,0,0,0,0,0.0,436,0.00,0.00,0.00,0.00,4,0,0,0.0,0.0,2026-08-22T11:30:00Z,0,FALSE,11,0,0,0,0,1,0,1568,0,0,2,0.0,0,0,0,0,50,False,0,0,1
Bendito Mantato,MID,Man Utd,,0,0,0,0,0.0,437,0.00,0.00,0.00,0.00,4,0,0,0.0,0.0,2026-08-22T11:30:00Z,0,FALSE,11,0,0,0,0,1,0,16079,0,0,2,0.0,0,0,0,0,45,False,0,0,1
Tyler Fletcher,MID,Man Utd,,0,0,0,0,0.0,438,0.00,0.00,0.00,0.00,4,0,0,0.0,0.0,2026-08-22T11:30:00Z,0,FALSE,11,0,0,0,0,1,0,31336,0,0,2,0.0,0,0,0,0,45,False,0,0,1
Benjamin Sesko,FWD,Man Utd,,0,0,2,0,0.0,439,0.00,0.04,0.04,0.07,4,0,0,0.0,0.0,2026-08-22T11:30:00Z,23,FALSE,11,0,0,0,0,1,0,114788,0,0,2,0.0,1,0,0,0,70,False,0,0,1
Joshua Zirkzee,FWD,Man Utd,,0,0,0,0,0.0,440,0.00,0.00,0.00,0.00,4,0,0,0.0,0.0,2026-08-22T11:30:00Z,0,FALSE,11,0,0,0,0,1,0,56060,0,0,2,0.0,0,0,0,0,55,False,0,0,1
Chido Obi,FWD,Man Utd,,0,0,0,0,0.0,441,0.00,0.00,0.00,0.00,4,0,0,0.0,0.0,2026-08-22T11:30:00Z,0,FALSE,11,0,0,0,0,1,0,100521,0,0,2,0.0,0,0,0,0,45,False,0,0,1
Nick Pope,GK,Newcastle,,0,0,0,0,0.0,442,0.00,0.00,0.00,0.00,9,0,0,0.0,0.0,2026-08-23T15:30:00Z,0,FALSE,14,0,0,0,0,1,0,113822,0,2,2,0.0,0,0,0,0,50,True,0,0,1
Mark Gillespie,GK,Newcastle,,0,0,0,0,0.0,443,0.00,0.00,0.00,0.00,9,0,0,0.0,0.0,2026-08-23T15:30:00Z,0,FALSE,14,0,0,0,0,1,0,2989,0,2,2,0.0,0,0,0,0,45,True,0,0,1
Ewen Jaouen,GK,Newcastle,,0,0,0,0,0.0,444,0.00,0.00,0.00,0.00,9,0,0,0.0,0.0,2026-08-23T15:30:00Z,0,FALSE,14,0,0,0,0,1,0,2666,0,2,2,0.0,0,0,0,0,45,True,0,0,1
Malick Thiaw,DEF,Newcastle,,0,0,0,0,0.0,445,0.00,0.00,0.00,2.98,9,2,0,0.0,0.0,2026-08-23T15:30:00Z,90,FALSE,14,0,0,0,0,1,0,146838,1,2,2,0.0,3,0,0,0,50,True,0,15,1
Fabian Schär,DEF,Newcastle,,0,0,-1,0,0.0,446,0.00,0.00,0.00,0.79,9,1,0,0.0,0.0,2026-08-23T15:30:00Z,1,FALSE,14,0,0,0,0,1,0,20496,0,2,2,0.0,1,0,0,0,50,True,0,0,1
Sven Botman,DEF,Newcastle,,0,0,4,0,0.0,447,0.01,0.01,0.00,2.98,9,2,0,0.0,0.0,2026-08-23T15:30:00Z,90,FALSE,14,0,0,0,0,1,0,34765,1,2,2,0.0,3,0,0,0,50,True,0,10,1
Dan Burn,DEF,Newcastle,,0,0,0,0,0.0,448,0.00,0.00,0.00,0.00,9,0,0,0.0,0.0,2026-08-23T15:30:00Z,0,FALSE,14,0,0,0,0,1,0,213973,0,2,2,0.0,0,0,0,0,50,True,0,0,1
Lewis Hall,DEF,Newcastle,,0,0,8,0,0.0,449,0.35,0.35,0.00,2.98,9,2,0,0.0,0.0,2026-08-23T15:30:00Z,90,FALSE,14,0,0,0,0,1,0,310247,1,2,2,0.0,3,0,0,0,50,True,0,11,1
Tino Livramento,DEF,Newcastle,,0,0,0,0,0.0,450,0.00,0.00,0.00,0.00,9,0,0,0.0,0.0,2026-08-23T15:30:00Z,0,FALSE,14,0,0,0,0,1,0,4326,0,2,2,0.0,0,0,0,0,50,True,0,0,1
Alex Murphy,DEF,Newcastle,,0,0,0,0,0.0,451,0.00,0.00,0.00,0.00,9,0,0,0.0,0.0,2026-08-23T15:30:00Z,0,FALSE,14,0,0,0,0,1,0,12873,0,2,2,0.0,0,0,0,0,40,True,0,0,1
Harvey Barnes,MID,Newcastle,,0,0,12,0,0.0,453,0.02,0.09,0.07,2.98,9,2,0,0.0,0.0,2026-08-23T15:30:00Z,90,FALSE,14,0,0,0,0,1,0,95531,1,2,2,0.0,2,0,0,0,60,True,0,8,1
Anthony Elanga,MID,Newcastle,,0,2,31,0,0.0,454,0.01,0.23,0.22,1.94,9,1,1,0.0,0.0,2026-08-23T15:30:00Z,75,FALSE,14,0,0,0,0,1,0,64591,1,2,2,0.0,9,0,0,0,60,True,0,2,1
Jacob Ramsey,MID,Newcastle,,0,0,1,0,0.0,456,0.01,0.07,0.06,1.50,9,1,0,0.0,0.0,2026-08-23T15:30:00Z,34,FALSE,14,0,0,0,0,1,0,34032,0,2,2,0.0,0,0,0,0,50,True,1,6,1
Jacob Murphy,MID,Newcastle,,0,0,-1,0,0.0,457,0.00,0.00,0.00,1.04,9,1,0,0.0,0.0,2026-08-23T15:30:00Z,14,FALSE,14,0,0,0,0,1,0,14816,0,2,2,0.0,0,0,0,0,60,True,1,2,1
Joelinton Cássio Apolinário de Lira,MID,Newcastle,,0,0,0,0,0.0,458,0.00,0.00,0.00,0.00,9,0,0,0.0,0.0,2026-08-23T15:30:00Z,0,FALSE,14,0,0,0,0,1,0,3620,0,2,2,0.0,0,0,0,0,55,True,0,0,1
Lewis Miley,MID,Newcastle,,0,0,13,0,0.0,459,0.01,0.06,0.05,1.94,9,1,0,0.0,0.0,2026-08-23T15:30:00Z,75,FALSE,14,0,0,0,0,1,0,4093,1,2,2,0.0,3,0,0,0,55,True,1,13,1
Joe Willock,MID,Newcastle,,0,0,28,0,0.0,460,0.17,0.26,0.09,1.50,9,1,1,0.0,0.0,2026-08-23T15:30:00Z,34,FALSE,14,0,0,0,0,1,0,10181,0,2,2,0.0,6,0,0,0,50,True,0,3,1
Bazoumana Touré,MID,Newcastle,,0,0,0,0,0.0,461,0.00,0.00,0.00,0.00,9,0,0,0.0,0.0,2026-08-23T15:30:00Z,0,FALSE,14,0,0,0,0,1,0,22780,0,2,2,0.0,0,0,0,0,60,True,0,0,1
Sean Steur,MID,Newcastle,,0,0,3,0,0.0,462,0.00,0.00,0.00,1.48,9,1,0,0.0,0.0,2026-08-23T15:30:00Z,55,FALSE,14,0,0,0,0,1,0,9830,1,2,2,0.0,1,0,0,0,50,True,0,2,1
Nick Woltemade,FWD,Newcastle,,0,0,0,0,0.0,463,0.00,0.00,0.00,0.00,9,0,0,0.0,0.0,2026-08-23T15:30:00Z,0,FALSE,14,0,0,0,0,1,0,151424,0,2,2,0.0,0,0,0,0,60,True,0,0,1
Yoane Wissa,FWD,Newcastle,,1,0,7,0,0.0,464,0.02,1.02,1.00,2.19,9,1,0,0.0,0.0,2026-08-23T15:30:00Z,90,FALSE,14,0,0,0,0,1,0,142989,1,2,2,0.0,4,0,0,0,60,True,1,8,1
William Osula,FWD,Newcastle,,1,0,18,0,0.0,465,0.14,0.20,0.06,1.48,9,1,0,0.0,0.0,2026-08-23T15:30:00Z,55,FALSE,14,0,0,0,0,1,0,83021,1,2,2,0.0,4,0,0,0,60,True,0,5,1
Sean Neave,FWD,Newcastle,,0,0,0,0,0.0,466,0.00,0.00,0.00,0.00,9,0,0,0.0,0.0,2026-08-23T15:30:00Z,0,FALSE,14,0,0,0,0,1,0,66588,0,2,2,0.0,0,0,0,0,45,True,0,0,1
Aladji Bamba,MID,Newcastle,,0,0,5,0,0.0,559,0.00,0.00,0.00,1.04,9,1,0,0.0,0.0,2026-08-23T15:30:00Z,14,FALSE,14,0,0,0,0,1,0,12608,0,2,2,0.0,1,0,0,0,50,True,0,2,1
Lukás Hornícek,GK,Newcastle,,0,0,12,0,0.0,567,0.00,0.00,0.00,2.98,9,2,0,0.0,0.0,2026-08-23T15:30:00Z,90,FALSE,14,0,0,0,0,1,5,55382,1,2,2,0.0,1,0,0,0,50,True,1,0,1
Amar Dedic,DEF,Newcastle,,0,0,-1,0,0.0,593,0.00,0.03,0.03,2.98,9,2,0,0.0,0.0,2026-08-23T15:30:00Z,90,FALSE,14,0,0,0,0,1,0,20712,1,2,2,0.0,1,0,0,0,45,True,0,9,1
Leo Shahar,DEF,Newcastle,,0,0,0,0,0.0,609,0.00,0.00,0.00,0.00,9,0,0,0.0,0.0,2026-08-23T15:30:00Z,0,FALSE,14,0,0,0,0,1,0,0,0,2,2,0.0,0,0,0,0,40,True,0,0,1
Matz Sels,GK,Nott'm Forest,,0,0,11,0,0.0,467,0.00,0.00,0.00,0.47,6,1,0,0.0,0.0,2026-08-22T14:00:00Z,90,FALSE,13,0,0,0,0,1,2,140711,1,1,0,0.0,2,0,0,0,50,True,0,0,1
John Victor Maciel Furtado,GK,Nott'm Forest,,0,0,0,0,0.0,468,0.00,0.00,0.00,0.00,6,0,0,0.0,0.0,2026-08-22T14:00:00Z,0,FALSE,13,0,0,0,0,1,0,5970,0,1,0,0.0,0,0,0,0,45,True,0,0,1
Neco Williams,DEF,Nott'm Forest,,0,0,13,0,0.0,469,0.02,0.02,0.00,0.47,6,1,0,0.0,0.0,2026-08-22T14:00:00Z,90,FALSE,13,0,0,0,0,1,0,924685,1,1,0,0.0,2,0,0,0,50,True,0,6,1
Felipe Rodrigues da Silva,DEF,Nott'm Forest,,0,0,0,0,0.0,470,0.00,0.00,0.00,0.00,6,0,0,0.0,0.0,2026-08-22T14:00:00Z,0,FALSE,13,0,0,0,0,1,0,4345,0,1,0,0.0,0,0,0,0,50,True,0,0,1
Nikola Milenković,DEF,Nott'm Forest,,0,0,4,0,0.0,471,0.02,0.13,0.11,0.47,6,1,0,0.0,0.0,2026-08-22T14:00:00Z,90,FALSE,13,0,0,0,0,1,0,173511,1,1,0,0.0,2,0,0,0,55,True,0,7,1
Murillo Costa dos Santos,DEF,Nott'm Forest,,0,0,15,0,0.0,472,0.28,0.28,0.00,0.47,6,1,0,0.0,0.0,2026-08-22T14:00:00Z,90,FALSE,13,0,0,0,0,1,0,134909,1,1,0,0.0,4,0,0,0,55,True,0,14,1
Ola Aina,DEF,Nott'm Forest,,0,0,24,1,0.0,473,0.17,0.21,0.04,0.34,6,0,0,0.0,0.0,2026-08-22T14:00:00Z,73,FALSE,13,0,0,0,0,1,0,328883,1,1,0,0.0,5,0,0,0,45,True,1,2,1
Jair Paula da Cunha Filho,DEF,Nott'm Forest,,0,0,5,0,0.0,474,0.00,0.00,0.00,0.47,6,1,0,0.0,0.0,2026-08-22T14:00:00Z,90,FALSE,13,0,0,0,0,1,0,19663,1,1,0,0.0,1,0,0,0,45,True,1,8,1
Nicolò Savona,DEF,Nott'm Forest,,0,0,0,0,0.0,475,0.00,0.00,0.00,0.00,6,0,0,0.0,0.0,2026-08-22T14:00:00Z,0,FALSE,13,0,0,0,0,1,0,209,0,1,0,0.0,0,0,0,0,45,True,0,0,1
Omar Richards,DEF,Nott'm Forest,,0,0,0,0,0.0,476,0.00,0.00,0.00,0.00,6,0,0,0.0,0.0,2026-08-22T14:00:00Z,0,FALSE,13,0,0,0,0,1,0,23191,0,1,0,0.0,0,0,0,0,40,True,0,0,1
Zach Abbott,DEF,Nott'm Forest,,0,0,0,0,0.0,477,0.00,0.00,0.00,0.00,6,0,0,0.0,0.0,2026-08-22T14:00:00Z,0,FALSE,13,0,0,0,0,1,0,23851,0,1,0,0.0,0,0,0,0,40,True,0,0,1
Luca Netz,DEF,Nott'm Forest,,0,0,-2,0,0.0,478,0.00,0.00,0.00,0.13,6,1,0,0.0,0.0,2026-08-22T14:00:00Z,16,FALSE,13,0,0,0,0,1,0,2322,0,1,0,0.0,1,0,0,0,45,True,0,0,1
Tyler Bindon,DEF,Nott'm Forest,,0,0,0,0,0.0,479,0.00,0.00,0.00,0.00,6,0,0,0.0,0.0,2026-08-22T14:00:00Z,0,FALSE,13,0,0,0,0,1,0,18342,0,1,0,0.0,0,0,0,0,40,True,0,0,1
Morgan Gibbs-White,MID,Nott'm Forest,,0,0,10,0,0.0,480,0.06,0.19,0.13,0.47,6,1,0,0.0,0.0,2026-08-22T14:00:00Z,90,FALSE,13,0,0,0,0,1,0,1039647,1,1,0,0.0,2,0,0,0,80,True,0,3,1
Callum Hudson-Odoi,MID,Nott'm Forest,,0,0,0,0,0.0,482,0.00,0.00,0.00,0.00,6,0,0,0.0,0.0,2026-08-22T14:00:00Z,0,FALSE,13,0,0,0,0,1,0,23579,0,1,0,0.0,0,0,0,0,60,True,0,0,1
Dan Ndoye,MID,Nott'm Forest,,0,0,5,1,0.0,483,0.00,0.00,0.00,0.25,6,0,0,0.0,0.0,2026-08-22T14:00:00Z,61,FALSE,13,0,0,0,0,1,0,39539,1,1,0,0.0,3,0,0,0,55,True,0,3,1
Omari Hutchinson,MID,Nott'm Forest,,0,0,0,0,0.0,484,0.00,0.00,0.00,0.00,6,0,0,0.0,0.0,2026-08-22T14:00:00Z,0,FALSE,13,0,0,0,0,1,0,15797,0,1,0,0.0,0,0,0,0,55,True,0,0,1
Dilane Bakwa,MID,Nott'm Forest,,0,0,0,0,0.0,485,0.00,0.00,0.00,0.00,6,0,0,0.0,0.0,2026-08-22T14:00:00Z,0,FALSE,13,0,0,0,0,1,0,1373,0,1,0,0.0,0,0,0,0,55,True,0,0,1
James McAtee,MID,Nott'm Forest,,0,0,18,1,0.0,486,0.16,0.16,0.00,0.34,6,0,0,0.0,0.0,2026-08-22T14:00:00Z,73,FALSE,13,0,0,0,0,1,0,3147,1,1,0,0.0,3,0,0,0,55,True,0,8,1
Nicolás Domínguez,MID,Nott'm Forest,,0,0,0,0,0.0,487,0.00,0.00,0.00,0.00,6,0,0,0.0,0.0,2026-08-22T14:00:00Z,0,FALSE,13,0,0,0,0,1,0,7576,0,1,0,0.0,0,0,0,0,50,True,0,0,1
Ibrahim Sangaré,MID,Nott'm Forest,,0,0,10,0,0.0,488,0.01,0.04,0.03,0.47,6,1,0,0.0,0.0,2026-08-22T14:00:00Z,90,FALSE,13,0,0,0,0,1,0,100536,1,1,0,0.0,2,0,0,0,50,True,0,6,1
Ryan Yates,MID,Nott'm Forest,,0,0,0,0,0.0,489,0.00,0.00,0.00,0.00,6,0,0,0.0,0.0,2026-08-22T14:00:00Z,0,FALSE,13,0,0,0,0,1,0,177323,0,1,0,0.0,0,0,0,0,45,True,0,0,1
Chris Wood,FWD,Nott'm Forest,,0,0,3,0,0.0,490,0.01,0.13,0.12,0.22,6,1,0,0.0,0.0,2026-08-22T14:00:00Z,28,FALSE,13,0,0,0,0,1,0,159951,0,1,0,0.0,1,0,0,0,60,True,0,1,1
Igor Jesus Maciel da Cruz,FWD,Nott'm Forest,,0,0,8,0,0.0,491,0.02,0.24,0.22,0.47,6,1,0,0.0,0.0,2026-08-22T14:00:00Z,90,FALSE,13,0,0,0,0,1,0,389784,1,1,0,0.0,2,0,0,0,60,True,0,3,1
Arnaud Kalimuendo,FWD,Nott'm Forest,,0,0,3,0,0.0,493,0.00,0.00,0.00,0.00,6,0,0,0.0,0.0,2026-08-22T14:00:00Z,1,FALSE,13,0,0,0,0,1,0,4138,0,1,0,0.0,1,0,0,0,55,True,0,0,1
Xaver Schlager,MID,Nott'm Forest,,0,0,3,0,0.0,558,0.00,0.00,0.00,0.13,6,1,0,0.0,0.0,2026-08-22T14:00:00Z,16,FALSE,13,0,0,0,0,1,0,10065,0,1,0,0.0,1,0,0,0,50,True,0,1,1
Ousmane Diomande,DEF,Nott'm Forest,,0,0,0,0,0.0,581,0.00,0.00,0.00,0.00,6,0,0,0.0,0.0,2026-08-22T14:00:00Z,0,FALSE,13,0,0,0,0,1,0,67092,0,1,0,0.0,0,0,0,0,55,True,0,0,1
Steven Benda,GK,Nott'm Forest,,0,0,0,0,0.0,590,0.00,0.00,0.00,0.00,6,0,0,0.0,0.0,2026-08-22T14:00:00Z,0,FALSE,13,0,0,0,0,1,0,5245,0,1,0,0.0,0,0,0,0,45,True,0,0,1
Jan Paul van Hecke,DEF,Spurs,,0,0,3,0,0.0,112,0.03,0.03,0.00,3.87,2,3,0,0.0,0.0,2026-08-22T16:30:00Z,90,FALSE,4,0,0,0,0,1,0,955905,1,0,3,0.0,1,0,0,0,50,False,0,9,1
Sandro Tonali,MID,Spurs,,0,0,14,0,0.0,455,0.06,0.10,0.04,3.87,2,3,0,0.0,0.0,2026-08-22T16:30:00Z,90,FALSE,4,0,0,0,0,1,0,376914,1,0,3,0.0,2,0,0,0,55,False,0,4,1
Guglielmo Vicario,GK,Spurs,,0,0,0,0,0.0,494,0.00,0.00,0.00,0.00,2,0,0,0.0,0.0,2026-08-22T16:30:00Z,0,FALSE,4,0,0,0,0,1,0,35657,0,0,3,0.0,0,0,0,0,45,False,0,0,1
Brandon Austin,GK,Spurs,,0,0,0,0,0.0,495,0.00,0.00,0.00,0.00,2,0,0,0.0,0.0,2026-08-22T16:30:00Z,0,FALSE,4,0,0,0,0,1,0,78400,0,0,3,0.0,0,0,0,0,40,False,0,0,1
Antonín Kinský,GK,Spurs,,0,0,15,0,0.0,496,0.00,0.00,0.00,3.87,2,3,0,0.0,0.0,2026-08-22T16:30:00Z,90,FALSE,4,0,0,0,0,1,5,2208330,1,0,3,0.0,2,0,0,0,45,False,0,0,1
Martin Dubravka,GK,Spurs,,0,0,0,0,0.0,497,0.00,0.00,0.00,0.00,2,0,0,0.0,0.0,2026-08-22T16:30:00Z,0,FALSE,4,0,0,0,0,1,0,1778139,0,0,3,0.0,0,0,0,0,40,False,0,0,1
Marcos Senesi Barón,DEF,Spurs,,0,0,10,0,0.0,498,0.02,0.02,0.00,3.87,2,3,0,0.0,0.0,2026-08-22T16:30:00Z,90,FALSE,4,0,0,0,0,1,0,724252,1,0,3,0.0,3,0,0,0,60,False,0,16,1
Pedro Porro Sauceda,DEF,Spurs,,0,0,0,0,0.0,499,0.00,0.00,0.00,0.00,2,0,0,0.0,0.0,2026-08-22T16:30:00Z,0,FALSE,4,0,0,0,0,1,0,1595087,0,0,3,0.0,0,0,0,0,55,False,0,0,1
Cristian Romero,DEF,Spurs,,0,0,0,0,0.0,500,0.00,0.00,0.00,0.00,2,0,0,0.0,0.0,2026-08-22T16:30:00Z,0,FALSE,4,0,0,0,0,1,0,25814,0,0,3,0.0,0,0,0,0,50,False,0,0,1
Kevin Danso,DEF,Spurs,,0,0,0,0,0.0,501,0.00,0.00,0.00,0.00,2,0,0,0.0,0.0,2026-08-22T16:30:00Z,0,FALSE,4,0,0,0,0,1,0,15516,0,0,3,0.0,0,0,0,0,50,False,0,0,1
Andrew Robertson,DEF,Spurs,,0,0,13,0,0.0,502,0.06,0.06,0.00,3.87,2,3,0,0.0,0.0,2026-08-22T16:30:00Z,90,FALSE,4,0,0,0,0,1,0,350993,1,0,3,0.0,3,0,0,0,45,False,0,11,1
Micky van de Ven,DEF,Spurs,,0,0,0,0,0.0,503,0.00,0.00,0.00,0.00,2,0,0,0.0,0.0,2026-08-22T16:30:00Z,0,FALSE,4,0,0,0,0,1,0,522301,0,0,3,0.0,0,0,0,0,50,False,0,0,1
Djed Spence,DEF,Spurs,,0,0,0,0,0.0,505,0.00,0.00,0.00,0.00,2,0,0,0.0,0.0,2026-08-22T16:30:00Z,0,FALSE,4,0,0,0,0,1,0,93085,0,0,3,0.0,0,0,0,0,45,False,0,0,1
Destiny Udogie,DEF,Spurs,,0,0,3,0,0.0,506,0.02,0.02,0.00,0.44,2,0,0,0.0,0.0,2026-08-22T16:30:00Z,4,FALSE,4,0,0,0,0,1,0,43741,0,0,3,0.0,1,0,0,0,45,False,0,0,1
Ashley Phillips,DEF,Spurs,,0,0,0,0,0.0,507,0.00,0.00,0.00,0.00,2,0,0,0.0,0.0,2026-08-22T16:30:00Z,0,FALSE,4,0,0,0,0,1,0,2583,0,0,3,0.0,0,0,0,0,45,False,0,0,1
Ben Davies,DEF,Spurs,,0,0,0,0,0.0,508,0.00,0.00,0.00,0.00,2,0,0,0.0,0.0,2026-08-22T16:30:00Z,0,FALSE,4,0,0,0,0,1,0,99420,0,0,3,0.0,0,0,0,0,40,False,0,0,1
Jun'ai Byfield,DEF,Spurs,,0,0,0,0,0.0,509,0.00,0.00,0.00,0.00,2,0,0,0.0,0.0,2026-08-22T16:30:00Z,0,FALSE,4,0,0,0,0,1,0,4794,0,0,3,0.0,0,0,0,0,40,False,0,0,1
James Rowswell,DEF,Spurs,,0,0,0,0,0.0,510,0.00,0.00,0.00,0.00,2,0,0,0.0,0.0,2026-08-22T16:30:00Z,0,FALSE,4,0,0,0,0,1,0,7021,0,0,3,0.0,0,0,0,0,40,False,0,0,1
João Victor de Souza Menezes,DEF,Spurs,,0,0,0,0,0.0,511,0.00,0.00,0.00,0.00,2,0,0,0.0,0.0,2026-08-22T16:30:00Z,0,FALSE,4,0,0,0,0,1,0,27254,0,0,3,0.0,0,0,0,0,40,False,0,0,1
Mohammed Kudus,MID,Spurs,,0,0,0,0,0.0,512,0.00,0.00,0.00,0.00,2,0,0,0.0,0.0,2026-08-22T16:30:00Z,0,FALSE,4,0,0,0,0,1,0,8272,0,0,3,0.0,0,0,0,0,65,False,0,0,1
Xavi Simons,MID,Spurs,,0,0,0,0,0.0,513,0.00,0.00,0.00,0.00,2,0,0,0.0,0.0,2026-08-22T16:30:00Z,0,FALSE,4,0,0,0,0,1,0,1345,0,0,3,0.0,0,0,0,0,60,False,0,0,1
Mathys Tel,MID,Spurs,,0,0,17,0,0.0,514,0.06,0.12,0.06,3.87,2,3,0,0.0,0.0,2026-08-22T16:30:00Z,90,FALSE,4,0,0,0,0,1,0,50995,1,0,3,0.0,2,0,0,0,60,False,0,8,1
James Maddison,MID,Spurs,,0,0,6,0,0.0,515,0.01,0.01,0.00,0.85,2,0,0,0.0,0.0,2026-08-22T16:30:00Z,22,FALSE,4,0,0,0,0,1,0,119410,0,0,3,0.0,1,0,0,0,65,False,0,2,1
Rodrigo Bentancur,MID,Spurs,,0,0,8,0,0.0,516,0.01,0.01,0.00,2.18,2,1,0,0.0,0.0,2026-08-22T16:30:00Z,45,FALSE,4,0,0,0,0,1,0,17403,0,0,3,0.0,1,0,0,0,55,False,0,5,1
Wilson Odobert,MID,Spurs,,0,0,0,0,0.0,517,0.00,0.00,0.00,0.00,2,0,0,0.0,0.0,2026-08-22T16:30:00Z,0,FALSE,4,0,0,0,0,1,0,100,0,0,3,0.0,0,0,0,0,55,False,0,0,1
Pape Matar Sarr,MID,Spurs,,0,0,0,0,0.0,518,0.00,0.00,0.00,0.00,2,0,0,0.0,0.0,2026-08-22T16:30:00Z,0,FALSE,4,0,0,0,0,1,0,25576,0,0,3,0.0,0,0,0,0,50,False,0,0,1
Conor Gallagher,MID,Spurs,,0,0,1,0,0.0,519,0.06,0.08,0.02,1.70,2,2,0,0.0,0.0,2026-08-22T16:30:00Z,45,FALSE,4,0,0,0,0,1,0,26860,1,0,3,0.0,0,0,0,0,55,False,1,3,1
Lucas Bergvall,MID,Spurs,,0,0,2,0,0.0,520,0.01,0.01,0.00,1.70,2,2,0,0.0,0.0,2026-08-22T16:30:00Z,45,FALSE,4,0,0,0,0,1,0,18443,1,0,3,0.0,1,0,0,0,55,False,0,8,1
Dejan Kulusevski,MID,Spurs,,0,0,0,0,0.0,521,0.00,0.00,0.00,0.00,2,0,0,0.0,0.0,2026-08-22T16:30:00Z,0,FALSE,4,0,0,0,0,1,0,949,0,0,3,0.0,0,0,0,0,65,False,0,0,1
Archie Gray,MID,Spurs,,0,0,15,0,0.0,522,0.01,0.01,0.00,3.43,2,3,0,0.0,0.0,2026-08-22T16:30:00Z,85,FALSE,4,0,0,0,0,1,0,19767,1,0,3,0.0,2,0,0,0,50,False,0,5,1
Mikey Moore,MID,Spurs,,0,0,10,0,0.0,523,0.02,0.40,0.38,3.02,2,3,0,0.0,0.0,2026-08-22T16:30:00Z,67,FALSE,4,0,0,0,0,1,0,17505,1,0,3,0.0,2,0,0,0,50,False,0,2,1
Callum Olusesi,MID,Spurs,,0,0,0,0,0.0,524,0.00,0.00,0.00,0.00,2,0,0,0.0,0.0,2026-08-22T16:30:00Z,0,FALSE,4,0,0,0,0,1,0,79913,0,0,3,0.0,0,0,0,0,45,False,0,0,1
Mateus Fernandes,MID,Spurs,,0,0,16,0,0.0,525,0.06,0.06,0.00,2.18,2,1,0,0.0,0.0,2026-08-22T16:30:00Z,45,FALSE,4,0,0,0,0,1,0,178624,0,0,3,0.0,1,0,0,0,60,False,0,2,1
Dominic Solanke-Mitchell,FWD,Spurs,,0,0,3,0,0.0,526,0.00,0.07,0.07,0.85,2,0,0,0.0,0.0,2026-08-22T16:30:00Z,22,FALSE,4,0,0,0,0,1,0,126667,0,0,3,0.0,1,0,0,0,60,False,0,0,1
Richarlison de Andrade,FWD,Spurs,,0,0,6,0,0.0,527,0.00,0.00,0.00,3.02,2,3,0,0.0,0.0,2026-08-22T16:30:00Z,67,FALSE,4,0,0,0,0,1,0,283639,1,0,3,0.0,2,0,0,0,60,False,0,1,1
Dane Scarlett,FWD,Spurs,,0,0,0,0,0.0,528,0.00,0.00,0.00,0.00,2,0,0,0.0,0.0,2026-08-22T16:30:00Z,0,FALSE,4,0,0,0,0,1,0,149807,0,0,3,0.0,0,0,0,0,45,False,0,0,1
Luca Williams-Barnett,MID,Spurs,,0,0,0,0,0.0,601,0.00,0.00,0.00,0.00,2,0,0,0.0,0.0,2026-08-22T16:30:00Z,0,FALSE,4,0,0,0,0,1,0,0,0,0,3,0.0,0,0,0,0,45,False,0,0,1
Robin Roefs,GK,Sunderland,,0,0,7,0,0.0,529,0.00,0.00,0.00,1.80,5,2,0,0.0,0.0,2026-08-22T14:00:00Z,90,FALSE,12,0,0,0,0,1,1,397315,1,1,2,0.0,1,0,0,0,50,False,0,0,1
Anthony Patterson,GK,Sunderland,,0,0,0,0,0.0,530,0.00,0.00,0.00,0.00,5,0,0,0.0,0.0,2026-08-22T14:00:00Z,0,FALSE,12,0,0,0,0,1,0,18557,0,1,2,0.0,0,0,0,0,40,False,0,0,1
Melker Ellborg,GK,Sunderland,,0,0,0,0,0.0,531,0.00,0.00,0.00,0.00,5,0,0,0.0,0.0,2026-08-22T14:00:00Z,0,FALSE,12,0,0,0,0,1,0,8630,0,1,2,0.0,0,0,0,0,45,False,0,0,1
Daniel Ballard,DEF,Sunderland,,0,0,4,0,0.0,532,0.01,0.01,0.00,1.80,5,2,0,0.0,0.0,2026-08-22T14:00:00Z,90,FALSE,12,0,0,0,0,1,0,518741,1,1,2,0.0,0,0,0,0,50,False,1,9,1
Nordi Mukiele,DEF,Sunderland,,0,0,0,0,0.0,533,0.00,0.00,0.00,0.00,5,0,0,0.0,0.0,2026-08-22T14:00:00Z,0,FALSE,12,0,0,0,0,1,0,257772,0,1,2,0.0,0,0,0,0,55,False,0,0,1
Trai Hume,DEF,Sunderland,,0,0,14,0,0.0,534,0.27,0.31,0.04,1.69,5,1,0,0.0,0.0,2026-08-22T14:00:00Z,79,FALSE,12,0,0,0,0,1,0,641436,1,1,2,0.0,2,0,0,0,45,False,0,4,1
Omar Alderete,DEF,Sunderland,,0,0,2,0,0.0,535,0.01,0.01,0.00,0.10,5,1,0,0.0,0.0,2026-08-22T14:00:00Z,23,FALSE,12,0,0,0,0,1,0,41929,0,1,2,0.0,1,0,0,0,50,False,0,0,1
Reinildo Mandava,DEF,Sunderland,,0,0,9,0,0.0,536,0.29,0.29,0.00,1.80,5,2,0,0.0,0.0,2026-08-22T14:00:00Z,90,FALSE,12,0,0,0,0,1,0,43515,1,1,2,0.0,1,0,0,0,45,False,0,8,1
Jenson Seelt,DEF,Sunderland,,0,0,0,0,0.0,537,0.00,0.00,0.00,0.00,5,0,0,0.0,0.0,2026-08-22T14:00:00Z,0,FALSE,12,0,0,0,0,1,0,941,0,1,2,0.0,0,0,0,0,45,False,0,0,1
Leo Fuhr Hjelde,DEF,Sunderland,,0,0,0,0,0.0,538,0.00,0.00,0.00,0.00,5,0,0,0.0,0.0,2026-08-22T14:00:00Z,0,FALSE,12,0,0,0,0,1,0,6220,0,1,2,0.0,0,0,0,0,40,False,0,0,1
Luke O'Nien,DEF,Sunderland,,0,0,1,0,0.0,539,0.01,0.02,0.01,1.69,5,1,0,0.0,0.0,2026-08-22T14:00:00Z,66,FALSE,12,0,0,0,0,1,0,332959,1,1,2,0.0,1,0,0,0,40,False,1,5,1
Arthur Masuaku,DEF,Sunderland,,0,0,0,0,0.0,540,0.00,0.00,0.00,0.00,5,0,0,0.0,0.0,2026-08-22T14:00:00Z,0,FALSE,12,0,0,0,0,1,0,25578,0,1,2,0.0,0,0,0,0,40,False,0,0,1
Thomas Meunier,DEF,Sunderland,,0,0,5,0,0.0,541,0.08,0.16,0.08,1.80,5,2,0,0.0,0.0,2026-08-22T14:00:00Z,90,FALSE,12,0,0,0,0,1,0,26928,1,1,2,0.0,1,0,0,0,45,False,0,4,1
Enzo Le Fée,MID,Sunderland,,0,0,13,0,0.0,542,0.03,0.03,0.00,1.69,5,1,0,0.0,0.0,2026-08-22T14:00:00Z,79,FALSE,12,0,0,0,0,1,0,942702,1,1,2,0.0,2,0,0,0,60,False,0,2,1
Habib Diarra,MID,Sunderland,,0,0,3,0,0.0,543,0.00,0.03,0.03,0.10,5,1,0,0.0,0.0,2026-08-22T14:00:00Z,10,FALSE,12,0,0,0,0,1,0,6286,0,1,2,0.0,1,0,0,0,55,False,0,0,1
Granit Xhaka,MID,Sunderland,,1,2,31,0,0.0,544,0.09,0.09,0.00,1.80,5,2,0,0.0,0.0,2026-08-22T14:00:00Z,90,FALSE,12,0,0,0,0,1,0,392611,1,1,2,0.0,9,0,0,0,55,False,0,13,1
Noah Sadiki,MID,Sunderland,,0,0,18,0,0.0,545,0.03,0.09,0.06,1.80,5,2,0,0.0,0.0,2026-08-22T14:00:00Z,90,FALSE,12,0,0,0,0,1,0,32634,1,1,2,0.0,2,0,0,0,50,False,0,2,1
Simon Adingra,MID,Sunderland,,0,0,0,0,0.0,546,0.00,0.00,0.00,0.00,5,0,0,0.0,0.0,2026-08-22T14:00:00Z,0,FALSE,12,0,0,0,0,1,0,9551,0,1,2,0.0,0,0,0,0,50,False,0,0,1
Romaine Mundle,MID,Sunderland,,0,0,0,0,0.0,547,0.00,0.00,0.00,0.00,5,0,0,0.0,0.0,2026-08-22T14:00:00Z,0,FALSE,12,0,0,0,0,1,0,801,0,1,2,0.0,0,0,0,0,50,False,0,0,1
Chris Rigg,MID,Sunderland,,0,0,3,0,0.0,548,0.00,0.00,0.00,0.10,5,1,0,0.0,0.0,2026-08-22T14:00:00Z,10,FALSE,12,0,0,0,0,1,0,6214,0,1,2,0.0,1,0,0,0,50,False,0,1,1
Chemsdine Talbi,MID,Sunderland,,0,0,1,0,0.0,549,0.00,0.00,0.00,0.14,5,1,0,0.0,0.0,2026-08-22T14:00:00Z,31,FALSE,12,0,0,0,0,1,0,20822,0,1,2,0.0,1,0,0,0,55,False,0,2,1
Djiamgone Jocelin Ta Bi,MID,Sunderland,,0,0,0,0,0.0,550,0.00,0.00,0.00,0.00,5,0,0,0.0,0.0,2026-08-22T14:00:00Z,0,FALSE,12,0,0,0,0,1,0,501,0,1,2,0.0,0,0,0,0,50,False,0,0,1
Nilson Angulo,MID,Sunderland,,0,0,23,0,0.0,551,0.01,0.16,0.15,1.66,5,1,1,0.0,0.0,2026-08-22T14:00:00Z,58,FALSE,12,0,0,0,0,1,0,5260,1,1,2,0.0,5,0,0,0,50,False,1,7,1
Brian Brobbey,FWD,Sunderland,,0,0,1,0,0.0,552,0.00,0.30,0.30,1.69,5,1,0,0.0,0.0,2026-08-22T14:00:00Z,66,FALSE,12,0,0,0,0,1,0,1279847,1,1,2,0.0,2,0,0,0,60,False,0,0,1
Wilson Isidor,FWD,Sunderland,,0,0,3,0,0.0,553,0.00,0.00,0.00,0.10,5,1,0,0.0,0.0,2026-08-22T14:00:00Z,23,FALSE,12,0,0,0,0,1,0,90196,0,1,2,0.0,1,0,0,0,55,False,0,0,1
David Raya Martín,GK,Arsenal,,0,0,23,1,0.0,1,0.00,0.00,0.00,0.31,20,0,0,0.0,0.0,2026-08-31T19:00:00Z,90,FALSE,2,0,0,0,0,2,0,3801300,1,1,0,0.0,6,24756,106734,81978,60,False,0,0,2
Kepa Arrizabalaga Revuelta,GK,Arsenal,,0,0,0,0,0.0,2,0.00,0.00,0.00,0.00,20,0,0,0.0,0.0,2026-08-31T19:00:00Z,0,FALSE,2,0,0,0,0,2,0,7844,0,1,0,0.0,0,-1067,322,1389,50,False,0,0,2
Illan Meslier,GK,Arsenal,,0,0,0,0,0.0,3,0.00,0.00,0.00,0.00,20,0,0,0.0,0.0,2026-08-31T19:00:00Z,0,FALSE,2,0,0,0,0,2,0,3125,0,1,0,0.0,0,-391,101,492,50,False,0,0,2
Gabriel dos Santos Magalhães,DEF,Arsenal,,0,0,22,1,0.0,4,0.02,0.15,0.13,0.31,20,0,0,0.0,0.0,2026-08-31T19:00:00Z,90,FALSE,2,0,0,0,0,2,0,2878770,1,1,0,0.0,8,-65343,58765,124108,80,False,0,10,2
Jurriën Timber,DEF,Arsenal,,0,0,0,0,0.0,5,0.00,0.00,0.00,0.00,20,0,0,0.0,0.0,2026-08-31T19:00:00Z,0,FALSE,2,0,0,0,0,2,0,9810,0,1,0,0.0,0,-2703,401,3104,65,False,0,0,2
William Saliba,DEF,Arsenal,,0,0,0,0,0.0,6,0.00,0.00,0.00,0.00,20,0,0,0.0,0.0,2026-08-31T19:00:00Z,0,FALSE,2,0,0,0,0,2,0,25581,0,1,0,0.0,0,-5970,846,6816,60,False,0,0,2
Myles Lewis-Skelly,MID,Arsenal,,0,0,15,1,0.0,7,0.02,0.09,0.07,0.33,20,0,0,0.0,0.0,2026-08-31T19:00:00Z,70,FALSE,2,0,0,0,0,2,0,70615,1,1,0,0.0,3,642,9693,9051,55,False,0,5,2
Riccardo Calafiori,DEF,Arsenal,,1,2,30,1,0.0,8,0.46,0.57,0.11,0.31,20,0,0,0.0,0.0,2026-08-31T19:00:00Z,90,FALSE,2,0,0,0,0,2,0,4150694,1,1,0,0.0,11,268472,310105,41633,56,False,0,3,2
Piero Hincapié,DEF,Arsenal,,0,0,0,0,0.0,9,0.00,0.00,0.00,0.00,20,0,0,0.0,0.0,2026-08-31T19:00:00Z,0,FALSE,2,0,0,0,0,2,0,145234,0,1,0,0.0,0,-37136,3910,41046,54,False,0,0,2
Benjamin White,DEF,Arsenal,,0,1,26,1,0.0,10,0.05,0.05,0.00,0.31,20,0,0,0.0,0.0,2026-08-31T19:00:00Z,90,FALSE,2,0,0,0,0,2,0,683136,1,1,0,0.0,7,119886,144941,25055,55,False,0,4,2
Cristhian Mosquera,DEF,Arsenal,,0,0,25,1,0.0,11,0.01,0.01,0.00,0.31,20,0,0,0.0,0.0,2026-08-31T19:00:00Z,78,FALSE,2,0,0,0,0,2,0,566006,1,1,0,0.0,6,-30539,15410,45949,55,False,0,3,2
Bukayo Saka,MID,Arsenal,,0,3,46,1,0.0,12,0.04,0.67,0.63,0.31,20,0,1,0.0,0.0,2026-08-31T19:00:00Z,90,FALSE,2,0,0,0,0,2,0,1039189,1,1,0,0.0,11,53683,88913,35230,95,False,0,11,2
Declan Rice,MID,Arsenal,,0,0,19,1,0.0,13,0.10,0.10,0.00,0.31,20,0,0,0.0,0.0,2026-08-31T19:00:00Z,84,FALSE,2,0,0,0,0,2,0,1662633,1,1,0,0.0,3,-122235,35487,157722,75,False,0,11,2
Eberechi Eze,MID,Arsenal,,0,0,6,0,0.0,14,0.07,0.07,0.00,0.24,20,0,0,0.0,0.0,2026-08-31T19:00:00Z,45,FALSE,2,0,0,0,0,2,0,169814,0,1,0,0.0,1,-38776,5716,44492,65,False,0,3,2
Martin Ødegaard,MID,Arsenal,,0,0,13,1,0.0,15,0.07,0.15,0.08,0.31,20,0,0,0.0,0.0,2026-08-31T19:00:00Z,70,FALSE,2,0,0,0,0,2,0,1174125,1,1,0,0.0,3,252699,289559,36860,66,False,0,5,2
Noni Madueke,MID,Arsenal,,0,0,0,0,0.0,16,0.00,0.00,0.00,0.00,20,0,0,0.0,0.0,2026-08-31T19:00:00Z,0,FALSE,2,0,0,0,0,2,0,29476,0,1,0,0.0,0,-6819,1412,8231,64,False,0,0,2
Mikel Merino Zazón,MID,Arsenal,,0,0,7,0,0.0,17,0.00,0.00,0.00,0.00,20,0,0,0.0,0.0,2026-08-31T19:00:00Z,19,FALSE,2,0,0,0,0,2,0,58253,0,1,0,0.0,1,-12835,2422,15257,60,False,0,4,2
Gabriel Martinelli Silva,MID,Arsenal,,0,0,0,0,0.0,18,0.00,0.00,0.00,0.00,20,0,0,0.0,0.0,2026-08-31T19:00:00Z,0,FALSE,2,0,0,0,0,2,0,19331,0,1,0,0.0,0,-5718,1318,7036,64,False,0,0,2
Martín Zubimendi Ibáñez,MID,Arsenal,,0,0,5,0,0.0,19,0.00,0.00,0.00,0.00,20,0,0,0.0,0.0,2026-08-31T19:00:00Z,5,FALSE,2,0,0,0,0,2,0,94430,0,1,0,0.0,1,-19013,1579,20592,55,False,0,3,2
Max Dowman,MID,Arsenal,,0,0,0,0,0.0,20,0.00,0.00,0.00,0.00,20,0,0,0.0,0.0,2026-08-31T19:00:00Z,0,FALSE,2,0,0,0,0,2,0,8233,0,1,0,0.0,0,-1857,473,2330,54,False,0,0,2
Ethan Nwaneri,MID,Arsenal,,0,0,0,0,0.0,22,0.00,0.00,0.00,0.00,20,0,0,0.0,0.0,2026-08-31T19:00:00Z,0,FALSE,2,0,0,0,0,2,0,1254,0,1,0,0.0,0,-248,76,324,55,False,0,0,2
Fábio Ferreira Vieira,MID,Arsenal,,0,0,0,0,0.0,23,0.00,0.00,0.00,0.00,20,0,0,0.0,0.0,2026-08-31T19:00:00Z,0,FALSE,2,0,0,0,0,2,0,979,0,1,0,0.0,0,-135,80,215,55,False,0,0,2
Reiss Nelson,MID,Arsenal,,0,0,0,0,0.0,24,0.00,0.00,0.00,0.00,20,0,0,0.0,0.0,2026-08-31T19:00:00Z,0,FALSE,2,0,0,0,0,2,0,966,0,1,0,0.0,0,-108,64,172,55,False,0,0,2
Viktor Gyökeres,FWD,Arsenal,,0,0,0,0,0.0,25,0.00,0.00,0.00,0.00,20,0,0,0.0,0.0,2026-08-31T19:00:00Z,0,FALSE,2,0,0,0,0,2,0,650596,0,1,0,0.0,0,-229353,8776,238129,74,False,0,0,2
Kai Havertz,FWD,Arsenal,,0,0,5,1,0.0,26,0.03,0.07,0.04,0.31,20,0,0,0.0,0.0,2026-08-31T19:00:00Z,90,FALSE,2,0,0,0,0,2,0,752082,1,1,0,0.0,2,148783,187608,38825,75,False,0,5,2
Gabriel Fernando de Jesus,FWD,Arsenal,,0,0,0,0,0.0,27,0.00,0.00,0.00,0.00,20,0,0,0.0,0.0,2026-08-31T19:00:00Z,0,FALSE,2,0,0,0,0,2,0,32779,0,1,0,0.0,0,-5264,1914,7178,60,False,0,0,2
Ezri Konsa Ngoyo,DEF,Arsenal,,0,0,3,0,0.0,31,0.00,0.00,0.00,0.00,20,0,0,0.0,0.0,2026-08-31T19:00:00Z,11,FALSE,2,0,0,0,0,2,0,1061562,0,1,0,0.0,1,-179766,49821,229587,45,False,0,1,2
Bruno Guimarães Rodriguez Moura,MID,Arsenal,,0,0,4,0,0.0,452,0.01,0.01,0.00,0.00,20,0,0,0.0,0.0,2026-08-31T19:00:00Z,19,FALSE,2,0,0,0,0,2,0,265263,0,1,0,0.0,1,-125705,850,126555,69,False,0,3,2
Christos Tzolis,MID,Arsenal,,0,0,1,0,0.0,557,0.01,0.01,0.00,0.09,20,0,0,0.0,0.0,2026-08-31T19:00:00Z,45,FALSE,2,0,0,0,0,2,0,2597617,1,1,0,0.0,0,180987,236687,55700,65,False,1,3,2
Marco Bizot,GK,Aston Villa,,0,0,0,0,0.0,29,0.00,0.00,0.00,0.00,20,0,0,0.0,0.0,2026-08-31T19:00:00Z,0,FALSE,1,0,0,0,0,2,0,13320,0,1,0,0.0,0,-36,845,881,45,True,0,0,2
Lucas Digne,DEF,Aston Villa,,0,0,0,0,0.0,30,0.00,0.00,0.00,0.00,20,0,0,0.0,0.0,2026-08-31T19:00:00Z,0,FALSE,1,0,0,0,0,2,0,8690,0,1,0,0.0,0,-4977,0,4977,45,True,0,0,2
Matty Cash,DEF,Aston Villa,,0,0,8,0,0.0,32,0.01,0.16,0.15,1.05,20,1,0,0.0,0.0,2026-08-31T19:00:00Z,77,FALSE,1,0,0,0,0,2,0,749133,1,1,0,0.0,2,-79349,26978,106327,45,True,0,6,2
Tyrone Mings,DEF,Aston Villa,,0,0,0,0,0.0,33,0.00,0.00,0.00,0.00,20,0,0,0.0,0.0,2026-08-31T19:00:00Z,0,FALSE,1,0,0,0,0,2,0,38144,0,1,0,0.0,0,-254,3253,3507,45,True,0,0,2
Pau Torres,DEF,Aston Villa,,0,0,6,0,0.0,34,0.01,0.01,0.00,1.04,20,1,0,0.0,0.0,2026-08-31T19:00:00Z,90,FALSE,1,0,0,0,0,2,0,41549,1,1,0,0.0,2,-3229,1831,5060,45,True,0,4,2
Lamare Bogarde,MID,Aston Villa,,0,0,0,0,0.0,35,0.00,0.00,0.00,0.00,20,0,0,0.0,0.0,2026-08-31T19:00:00Z,0,FALSE,1,0,0,0,0,2,0,6973,0,1,0,0.0,0,-349,636,985,50,True,0,0,2
Ian Maatsen,DEF,Aston Villa,,0,0,-5,0,0.0,36,0.00,0.07,0.07,1.04,20,1,0,0.0,0.0,2026-08-31T19:00:00Z,90,FALSE,1,0,0,0,0,2,0,72655,1,1,0,0.0,1,-6312,2546,8858,45,True,1,8,2
Victor Lindelöf,DEF,Aston Villa,,0,0,10,0,0.0,37,0.08,0.08,0.00,1.04,20,1,0,0.0,0.0,2026-08-31T19:00:00Z,90,FALSE,1,0,0,0,0,2,0,27172,1,1,0,0.0,2,-2236,1775,4011,45,True,0,7,2
Andrés García,DEF,Aston Villa,,0,0,0,0,0.0,38,0.00,0.00,0.00,0.00,20,0,0,0.0,0.0,2026-08-31T19:00:00Z,0,FALSE,1,0,0,0,0,2,0,167046,0,1,0,0.0,0,-6584,7339,13923,40,True,0,0,2
Kosta Nedeljkovic,DEF,Aston Villa,,0,0,0,0,0.0,39,0.00,0.00,0.00,0.00,20,0,0,0.0,0.0,2026-08-31T19:00:00Z,0,FALSE,1,0,0,0,0,2,0,21591,0,1,0,0.0,0,-7238,0,7238,40,True,0,0,2
Emiliano Buendía Stati,MID,Aston Villa,,0,0,9,0,0.0,41,0.02,0.04,0.02,1.05,20,1,0,0.0,0.0,2026-08-31T19:00:00Z,90,FALSE,1,0,0,0,0,2,0,114718,1,1,0,0.0,2,-16866,5020,21886,60,True,0,5,2
Leon Bailey,MID,Aston Villa,,0,0,0,0,0.0,44,0.00,0.00,0.00,0.00,20,0,0,0.0,0.0,2026-08-31T19:00:00Z,0,FALSE,1,0,0,0,0,2,0,14192,0,1,0,0.0,0,-1655,1002,2657,55,True,0,0,2
John McGinn,MID,Aston Villa,,0,0,2,0,0.0,45,0.05,0.10,0.05,1.05,20,1,0,0.0,0.0,2026-08-31T19:00:00Z,90,FALSE,1,0,0,0,0,2,0,274653,1,1,0,0.0,1,-37047,7606,44653,55,True,1,4,2
Ross Barkley,MID,Aston Villa,,0,0,23,0,0.0,46,0.02,0.05,0.03,1.04,20,1,0,0.0,0.0,2026-08-31T19:00:00Z,77,FALSE,1,0,0,0,0,2,0,23246,1,1,0,0.0,2,-841,1875,2716,50,True,0,10,2
Boubacar Kamara,MID,Aston Villa,,0,0,13,0,0.0,47,0.03,0.03,0.00,1.04,20,1,0,0.0,0.0,2026-08-31T19:00:00Z,90,FALSE,1,0,0,0,0,2,0,33591,1,1,0,0.0,2,-2250,2489,4739,50,True,0,8,2
Amadou Onana,MID,Aston Villa,,0,0,0,0,0.0,48,0.00,0.00,0.00,0.00,20,0,0,0.0,0.0,2026-08-31T19:00:00Z,0,FALSE,1,0,0,0,0,2,0,2156,0,1,0,0.0,0,-372,157,529,50,True,0,0,2
Samuel Iling-Junior,MID,Aston Villa,,0,0,0,0,0.0,49,0.00,0.00,0.00,0.00,20,0,0,0.0,0.0,2026-08-31T19:00:00Z,0,FALSE,1,0,0,0,0,2,0,271,0,1,0,0.0,0,-120,0,120,50,True,0,0,2
Bradley Burrowes,MID,Aston Villa,,0,0,0,0,0.0,50,0.00,0.00,0.00,0.00,20,0,0,0.0,0.0,2026-08-31T19:00:00Z,0,FALSE,1,0,0,0,0,2,0,64781,0,1,0,0.0,0,-3255,3513,6768,45,True,0,0,2
George Hemmings,MID,Aston Villa,,0,0,5,0,0.0,51,0.01,0.01,0.00,1.01,20,1,0,0.0,0.0,2026-08-31T19:00:00Z,70,FALSE,1,0,0,0,0,2,0,72550,1,1,0,0.0,2,3259,8743,5484,45,True,0,6,2
Alysson Edward Franco da Rocha dos Santos,MID,Aston Villa,,0,0,2,0,0.0,52,0.00,0.00,0.00,0.02,20,0,0,0.0,0.0,2026-08-31T19:00:00Z,19,FALSE,1,0,0,0,0,2,0,4426,0,1,0,0.0,0,-253,343,596,50,True,1,2,2
Johan Manzambi,MID,Aston Villa,,0,0,0,0,0.0,53,0.00,0.00,0.00,0.00,20,0,0,0.0,0.0,2026-08-31T19:00:00Z,0,FALSE,1,0,0,0,0,2,0,18618,0,1,0,0.0,0,-8558,232,8790,60,True,0,0,2
Joao Gomes,MID,Aston Villa,,0,0,0,0,0.0,54,0.00,0.00,0.00,0.00,20,0,0,0.0,0.0,2026-08-31T19:00:00Z,0,FALSE,1,0,0,0,0,2,0,5096,0,1,0,0.0,0,-1729,154,1883,55,True,0,0,2
Ollie Watkins,FWD,Aston Villa,,0,0,0,0,0.0,55,0.00,0.00,0.00,0.00,20,0,0,0.0,0.0,2026-08-31T19:00:00Z,0,FALSE,1,0,0,0,0,2,0,734872,0,1,0,0.0,0,-265828,10632,276460,79,True,0,0,2
Tammy Abraham,FWD,Aston Villa,,0,0,3,0,0.0,56,0.00,0.00,0.00,0.02,20,0,0,0.0,0.0,2026-08-31T19:00:00Z,19,FALSE,1,0,0,0,0,2,0,10592,0,1,0,0.0,1,-2086,597,2683,55,True,0,0,2
Alejandro Garnacho Ferreyra,MID,Aston Villa,,0,0,3,0,0.0,160,0.00,0.00,0.00,0.00,20,0,0,0.0,0.0,2026-08-31T19:00:00Z,12,FALSE,1,0,0,0,0,2,0,53506,0,1,0,0.0,1,-8554,2021,10575,60,True,0,2,2
Nicolas Jackson,FWD,Aston Villa,,0,0,11,0,0.0,166,0.10,0.10,0.00,1.01,20,1,0,0.0,0.0,2026-08-31T19:00:00Z,70,FALSE,1,0,0,0,0,2,0,63340,1,1,0,0.0,2,-2878,26989,5175,65,True,0,3,2
Brian Madjo,FWD,Aston Villa,,0,0,0,0,0.0,582,0.00,0.00,0.00,0.00,20,0,0,0.0,0.0,2026-08-31T19:00:00Z,0,FALSE,1,0,0,0,0,2,0,40291,0,1,0,0.0,0,-7757,1166,8923,55,True,0,0,2
Matteo Ruggeri,DEF,Aston Villa,,0,0,0,0,0.0,596,0.00,0.00,0.00,0.00,20,0,0,0.0,0.0,2026-08-31T19:00:00Z,0,FALSE,1,0,0,0,0,2,0,10673,0,1,0,0.0,0,-243,856,1099,45,True,0,0,2
Zion Suzuki,GK,Aston Villa,,0,0,8,0,0.0,597,0.00,0.00,0.00,1.04,20,1,0,0.0,0.0,2026-08-31T19:00:00Z,90,FALSE,1,0,0,0,0,2,1,82325,1,1,0,0.0,2,-2542,4229,6771,50,True,0,0,2
Triston Rowe,DEF,Aston Villa,,0,0,0,0,0.0,606,0.00,0.00,0.00,0.00,20,0,0,0.0,0.0,2026-08-31T19:00:00Z,0,FALSE,1,0,0,0,0,2,0,5947,0,1,0,0.0,0,1314,1560,246,40,True,0,0,2
Luka Lynch,MID,Aston Villa,,0,0,0,0,0.0,607,0.00,0.00,0.00,0.00,20,0,0,0.0,0.0,2026-08-31T19:00:00Z,0,FALSE,1,0,0,0,0,2,0,8874,0,1,0,0.0,0,2771,3603,832,45,True,0,0,2
Aaron Wan-Bissaka,DEF,Aston Villa,,0,0,4,0,0.0,611,0.00,0.00,0.00,0.00,20,0,0,0.0,0.0,2026-08-31T19:00:00Z,12,FALSE,1,0,0,0,0,2,0,4588,0,1,0,0.0,1,1383,1549,166,45,True,0,2,2
Leon Goretzka,MID,Aston Villa,,0,0,0,0,0.0,618,0.00,0.00,0.00,0.00,20,0,0,0.0,0.0,2026-08-31T19:00:00Z,0,FALSE,1,0,0,0,0,2,0,386,0,1,0,0.0,0,205,212,7,60,True,0,0,2
Đorđe Petrović,GK,Bournemouth,,0,0,20,0,0.0,57,0.00,0.00,0.00,1.84,12,1,0,0.0,0.0,2026-08-29T14:00:00Z,90,FALSE,9,0,0,0,0,2,5,332768,1,1,1,0.0,3,11325,25378,14053,45,True,0,0,2
Fraser Forster,GK,Bournemouth,,0,0,0,0,0.0,58,0.00,0.00,0.00,0.00,12,0,0,0.0,0.0,2026-08-29T14:00:00Z,0,FALSE,9,0,0,0,0,2,0,317899,0,1,1,0.0,0,-1091,9562,10653,40,True,0,0,2
Will Dennis,GK,Bournemouth,,0,0,0,0,0.0,59,0.00,0.00,0.00,0.00,12,0,0,0.0,0.0,2026-08-29T14:00:00Z,0,FALSE,9,0,0,0,0,2,0,18847,0,1,1,0.0,0,-384,1133,1517,40,True,0,0,2
James Hill,DEF,Bournemouth,,0,0,19,0,0.0,60,0.74,0.74,0.00,1.84,12,1,0,0.0,0.0,2026-08-29T14:00:00Z,90,FALSE,9,0,0,0,0,2,0,89428,1,1,1,0.0,4,2412,9153,6741,55,True,0,12,2
Adrien Truffert,DEF,Bournemouth,,0,2,27,0,0.0,61,0.07,0.07,0.00,1.84,12,1,0,0.0,0.0,2026-08-29T14:00:00Z,90,FALSE,9,0,0,0,0,2,0,417325,1,1,1,0.0,4,-5220,20601,25821,55,True,0,9,2
Bafodé Diakité,DEF,Bournemouth,,0,0,0,0,0.0,62,0.00,0.00,0.00,0.00,12,0,0,0.0,0.0,2026-08-29T14:00:00Z,0,FALSE,9,0,0,0,0,2,0,19940,0,1,1,0.0,0,401,2722,2321,50,True,0,0,2
Veljko Milosavljevic,DEF,Bournemouth,,0,0,0,0,0.0,63,0.00,0.00,0.00,0.00,12,0,0,0.0,0.0,2026-08-29T14:00:00Z,0,FALSE,9,0,0,0,0,2,0,1026,0,1,1,0.0,0,-222,74,296,50,True,0,0,2
Adam Smith,DEF,Bournemouth,,0,0,5,0,0.0,64,0.02,0.02,0.00,1.84,12,1,0,0.0,0.0,2026-08-29T14:00:00Z,90,FALSE,9,0,0,0,0,2,0,13789,1,1,1,0.0,1,1827,2845,1018,45,True,1,6,2
Julián Araujo Zúñiga,DEF,Bournemouth,,0,0,0,0,0.0,65,0.00,0.00,0.00,0.00,12,0,0,0.0,0.0,2026-08-29T14:00:00Z,0,FALSE,9,0,0,0,0,2,0,1571,0,1,1,0.0,0,-418,88,506,45,True,0,0,2
Julio Soler Barreto,DEF,Bournemouth,,0,0,0,0,0.0,66,0.00,0.00,0.00,0.00,12,0,0,0.0,0.0,2026-08-29T14:00:00Z,0,FALSE,9,0,0,0,0,2,0,18565,0,1,1,0.0,0,-2011,416,2427,40,True,0,0,2
Rayan Vitor Simplício Rocha,MID,Bournemouth,,0,0,4,0,0.0,67,0.02,0.42,0.40,1.84,12,1,0,0.0,0.0,2026-08-29T14:00:00Z,90,FALSE,9,0,0,0,0,2,0,276541,1,1,1,0.0,2,1501,23680,22179,65,True,0,5,2
Marcus Tavernier,MID,Bournemouth,,0,0,20,0,0.0,68,0.21,0.30,0.09,1.84,12,1,0,0.0,0.0,2026-08-29T14:00:00Z,90,FALSE,9,0,0,0,0,2,0,254437,1,1,1,0.0,1,74776,87207,12431,60,True,1,11,2
Alex Scott,MID,Bournemouth,,0,3,39,1,0.0,69,0.27,0.53,0.26,1.71,12,0,1,0.0,0.0,2026-08-29T14:00:00Z,86,FALSE,9,0,0,0,0,2,0,145926,1,1,1,0.0,12,-4366,8520,12886,60,True,1,15,2
Justin Kluivert,MID,Bournemouth,,0,0,12,1,0.0,70,0.05,0.66,0.61,1.67,12,0,0,0.0,0.0,2026-08-29T14:00:00Z,80,FALSE,9,0,0,0,0,2,0,123176,1,1,1,0.0,3,6731,16321,9590,60,True,0,5,2
Lewis Cook,MID,Bournemouth,,0,0,13,1,0.0,71,0.01,0.01,0.00,1.67,12,0,0,0.0,0.0,2026-08-29T14:00:00Z,68,FALSE,9,0,0,0,0,2,0,18237,1,1,1,0.0,3,1552,3259,1707,50,True,0,2,2
Ben Gannon-Doak,MID,Bournemouth,,0,0,0,0,0.0,72,0.00,0.00,0.00,0.00,12,0,0,0.0,0.0,2026-08-29T14:00:00Z,0,FALSE,9,0,0,0,0,2,0,8171,0,1,1,0.0,0,-468,365,833,50,True,0,0,2
Tyler Adams,MID,Bournemouth,,0,0,4,0,0.0,73,0.00,0.00,0.00,0.16,12,1,0,0.0,0.0,2026-08-29T14:00:00Z,21,FALSE,9,0,0,0,0,2,0,22708,0,1,1,0.0,1,177,3032,2855,50,True,0,3,2
David Brooks,MID,Bournemouth,,0,0,3,0,0.0,74,0.01,0.01,0.00,0.16,12,1,0,0.0,0.0,2026-08-29T14:00:00Z,9,FALSE,9,0,0,0,0,2,0,5133,0,1,1,0.0,1,-93,602,695,50,True,0,0,2
Ryan Christie,MID,Bournemouth,,0,0,5,0,0.0,75,0.00,0.00,0.00,0.13,12,1,0,0.0,0.0,2026-08-29T14:00:00Z,3,FALSE,9,0,0,0,0,2,0,1962,0,1,1,0.0,1,364,560,196,50,True,0,2,2
Alex Tóth,MID,Bournemouth,,0,0,0,0,0.0,76,0.00,0.00,0.00,0.00,12,0,0,0.0,0.0,2026-08-29T14:00:00Z,0,FALSE,9,0,0,0,0,2,0,1576,0,1,1,0.0,0,-46,100,146,50,True,0,0,2
Amine Adli,MID,Bournemouth,,0,0,0,0,0.0,77,0.00,0.00,0.00,0.00,12,0,0,0.0,0.0,2026-08-29T14:00:00Z,0,FALSE,9,0,0,0,0,2,0,2226,0,1,1,0.0,0,-922,54,976,50,True,0,0,2
Junior Kroupi,MID,Bournemouth,,0,0,0,0,0.0,78,0.00,0.00,0.00,0.00,12,0,0,0.0,0.0,2026-08-29T14:00:00Z,0,FALSE,9,0,0,0,0,2,0,30734,0,1,1,0.0,0,-12946,462,13408,75,True,0,0,2
Francisco Evanilson de Lima Barbosa,FWD,Bournemouth,,1,0,11,1,0.0,79,0.04,0.62,0.58,1.67,12,0,0,0.0,0.0,2026-08-29T14:00:00Z,80,FALSE,9,0,0,0,0,2,0,300527,1,1,1,0.0,5,53599,72625,19026,60,True,0,3,2
Enes Ünal,FWD,Bournemouth,,0,0,0,0,0.0,80,0.00,0.00,0.00,0.00,12,0,0,0.0,0.0,2026-08-29T14:00:00Z,0,FALSE,9,0,0,0,0,2,0,2487,0,1,1,0.0,0,-1070,0,1070,55,True,0,0,2
Álvaro Rodríguez,FWD,Bournemouth,,0,0,4,0,0.0,81,0.00,0.00,0.00,0.16,12,1,0,0.0,0.0,2026-08-29T14:00:00Z,9,FALSE,9,0,0,0,0,2,0,11569,0,1,1,0.0,1,-182,1000,1182,60,True,0,1,2
António João Pereira de Albuquerque Tavares da Silva,DEF,Bournemouth,,0,0,11,0,0.0,566,0.03,0.28,0.25,1.84,12,1,0,0.0,0.0,2026-08-29T14:00:00Z,90,FALSE,9,0,0,0,0,2,0,36812,1,1,1,0.0,4,5175,7365,2190,50,True,0,10,2
Juanlu Sánchez,DEF,Bournemouth,,0,0,0,0,0.0,573,0.00,0.00,0.00,0.00,12,0,0,0.0,0.0,2026-08-29T14:00:00Z,0,FALSE,9,0,0,0,0,2,0,21445,0,1,1,0.0,0,-1013,452,1465,45,True,0,0,2
Daniel Jebbison,FWD,Bournemouth,,0,0,0,0,0.0,608,0.00,0.00,0.00,0.00,12,0,0,0.0,0.0,2026-08-29T14:00:00Z,0,FALSE,9,0,0,0,0,2,0,4738,0,1,1,0.0,0,2056,2477,421,50,True,0,0,2
Michele Di Gregorio,GK,Bournemouth,,0,0,0,0,0.0,615,0.00,0.00,0.00,0.00,12,0,0,0.0,0.0,2026-08-29T14:00:00Z,0,FALSE,9,0,0,0,0,2,0,593,0,1,1,0.0,0,214,241,27,45,True,0,0,2
Caoimhín Kelleher,GK,Brentford,,0,0,7,0,0.0,82,0.00,0.00,0.00,1.46,17,1,0,0.0,0.0,2026-08-30T13:00:00Z,90,FALSE,13,0,0,0,0,2,1,649790,1,1,1,0.0,2,54510,74434,19924,50,False,0,0,2
Hákon Rafn Valdimarsson,GK,Brentford,,0,0,0,0,0.0,83,0.00,0.00,0.00,0.00,17,0,0,0.0,0.0,2026-08-30T13:00:00Z,0,FALSE,13,0,0,0,0,2,0,10896,0,1,1,0.0,0,-248,642,890,45,False,0,0,2
Nathan Collins,DEF,Brentford,,0,0,14,0,0.0,84,0.01,0.18,0.17,1.46,17,1,0,0.0,0.0,2026-08-30T13:00:00Z,90,FALSE,13,0,0,0,0,2,0,207535,1,1,1,0.0,3,15716,25089,9373,55,False,1,13,2
Sepp van den Berg,DEF,Brentford,,0,0,0,0,0.0,85,0.00,0.00,0.00,0.00,17,0,0,0.0,0.0,2026-08-30T13:00:00Z,0,FALSE,13,0,0,0,0,2,0,10710,0,1,1,0.0,0,-3978,145,4123,50,False,0,0,2
Keane Lewis-Potter,MID,Brentford,,1,1,29,0,0.0,86,0.13,0.15,0.02,1.46,17,1,0,0.0,0.0,2026-08-30T13:00:00Z,87,FALSE,13,0,0,0,0,2,0,116486,1,1,1,0.0,6,45826,52542,6716,55,False,0,11,2
Kristoffer Ajer,DEF,Brentford,,0,0,7,0,0.0,87,0.01,0.01,0.00,1.46,17,1,0,0.0,0.0,2026-08-30T13:00:00Z,90,FALSE,13,0,0,0,0,2,0,412431,1,1,1,0.0,3,56076,69978,13902,45,False,1,17,2
Michael Kayode,DEF,Brentford,,0,0,9,0,0.0,88,0.21,0.23,0.02,1.46,17,1,0,0.0,0.0,2026-08-30T13:00:00Z,87,FALSE,13,0,0,0,0,2,0,778776,1,1,1,0.0,2,289643,310803,21160,46,False,0,4,2
Rico Henry,DEF,Brentford,,0,0,3,0,0.0,89,0.00,0.00,0.00,0.00,17,0,0,0.0,0.0,2026-08-30T13:00:00Z,2,FALSE,13,0,0,0,0,2,0,24226,0,1,1,0.0,1,-1602,544,2146,45,False,0,0,2
Aaron Hickey,DEF,Brentford,,0,0,6,0,0.0,90,0.02,0.02,0.00,0.00,17,0,0,0.0,0.0,2026-08-30T13:00:00Z,2,FALSE,13,0,0,0,0,2,0,7643,0,1,1,0.0,1,83,623,540,45,False,0,1,2
Kim Ji-soo,DEF,Brentford,,0,0,0,0,0.0,92,0.00,0.00,0.00,0.00,17,0,0,0.0,0.0,2026-08-30T13:00:00Z,0,FALSE,13,0,0,0,0,2,0,1940,0,1,1,0.0,0,-86,112,198,45,False,0,0,2
Jannik Schuster,DEF,Brentford,,0,0,0,0,0.0,93,0.00,0.00,0.00,0.00,17,0,0,0.0,0.0,2026-08-30T13:00:00Z,0,FALSE,13,0,0,0,0,2,0,16511,0,1,1,0.0,0,-1064,142,1206,45,False,0,0,2
Kevin Schade,MID,Brentford,,0,3,34,0,0.0,94,0.02,0.27,0.25,1.46,17,1,1,0.0,0.0,2026-08-30T13:00:00Z,87,FALSE,13,0,0,0,0,2,0,344201,1,1,1,0.0,10,-791,24998,25789,60,False,0,9,2
Dango Ouattara,MID,Brentford,,0,0,16,0,0.0,95,0.08,0.10,0.02,1.36,17,1,0,0.0,0.0,2026-08-30T13:00:00Z,29,FALSE,13,0,0,0,0,2,0,110686,0,1,1,0.0,1,-3604,7348,10952,65,False,0,7,2
Mikkel Damsgaard,MID,Brentford,,0,0,20,1,0.0,96,0.13,0.16,0.03,0.13,17,0,0,0.0,0.0,2026-08-30T13:00:00Z,68,FALSE,13,0,0,0,0,2,0,52568,1,1,1,0.0,3,-5226,2318,7544,55,False,0,9,2
Mathias Jensen,MID,Brentford,,0,0,0,0,0.0,97,0.00,0.00,0.00,0.00,17,0,0,0.0,0.0,2026-08-30T13:00:00Z,0,FALSE,13,0,0,0,0,2,0,22961,0,1,1,0.0,0,2521,3858,1337,55,False,0,0,2
Vitaly Janelt,MID,Brentford,,0,0,11,0,0.0,98,0.14,0.14,0.00,1.46,17,1,0,0.0,0.0,2026-08-30T13:00:00Z,90,FALSE,13,0,0,0,0,2,0,49684,1,1,1,0.0,1,29474,33759,4285,50,False,1,10,2
Antoni Milambo,MID,Brentford,,0,0,0,0,0.0,99,0.00,0.00,0.00,0.00,17,0,0,0.0,0.0,2026-08-30T13:00:00Z,0,FALSE,13,0,0,0,0,2,0,190,0,1,1,0.0,0,-17,28,45,50,False,0,0,2
Fábio Freitas Gouveia Carvalho,MID,Brentford,,0,0,0,0,0.0,100,0.00,0.00,0.00,0.00,17,0,0,0.0,0.0,2026-08-30T13:00:00Z,0,FALSE,13,0,0,0,0,2,0,1624,0,1,1,0.0,0,-91,155,246,50,False,0,0,2
Yehor Yarmoliuk,MID,Brentford,,0,0,4,0,0.0,102,0.01,0.01,0.00,1.32,17,1,0,0.0,0.0,2026-08-30T13:00:00Z,21,FALSE,13,0,0,0,0,2,0,112295,0,1,1,0.0,1,-12434,745,13179,50,False,0,0,2
Josh Dasilva,MID,Brentford,,0,0,0,0,0.0,103,0.00,0.00,0.00,0.00,17,0,0,0.0,0.0,2026-08-30T13:00:00Z,0,FALSE,13,0,0,0,0,2,0,2549,0,1,1,0.0,0,-189,164,353,50,False,0,0,2
Jaidon Anthony,MID,Brentford,,0,0,4,1,0.0,105,0.06,0.17,0.11,0.09,17,0,0,0.0,0.0,2026-08-30T13:00:00Z,60,FALSE,13,0,0,0,0,2,0,16949,1,1,1,0.0,2,-433,1958,2391,60,False,1,1,2
Igor Thiago Nascimento Rodrigues,FWD,Brentford,,0,0,2,0,0.0,106,0.01,0.81,0.80,1.46,17,1,0,0.0,0.0,2026-08-30T13:00:00Z,90,FALSE,13,0,0,0,0,2,0,1635017,1,1,1,0.0,2,-49395,91772,141167,80,False,0,4,2
Kaye Furo,FWD,Brentford,,0,0,0,0,0.0,107,0.00,0.00,0.00,0.00,17,0,0,0.0,0.0,2026-08-30T13:00:00Z,0,FALSE,13,0,0,0,0,2,0,89302,0,1,1,0.0,0,-252,8191,8443,45,False,0,0,2
Callum Wilson,FWD,Brentford,,0,0,3,0,0.0,108,0.00,0.04,0.04,0.00,17,0,0,0.0,0.0,2026-08-30T13:00:00Z,2,FALSE,13,0,0,0,0,2,0,37634,0,1,1,0.0,1,-457,4351,4808,55,False,0,1,2
Mamadou Sangaré,MID,Brentford,,0,0,16,0,0.0,565,0.03,0.24,0.21,1.46,17,1,0,0.0,0.0,2026-08-30T13:00:00Z,90,FALSE,13,0,0,0,0,2,0,902725,1,1,1,0.0,4,420422,443762,23340,56,False,0,14,2
El Hadji Malick Diouf,DEF,Brentford,,0,0,0,0,0.0,620,0.00,0.00,0.00,0.00,17,0,0,0.0,0.0,2026-08-30T13:00:00Z,0,FALSE,13,0,0,0,0,2,0,817,0,1,1,0.0,0,563,600,37,45,False,0,0,2
Bart Verbruggen,GK,Brighton,,0,0,-1,0,0.0,109,0.00,0.00,0.00,2.93,16,4,0,0.0,0.0,2026-08-30T13:00:00Z,90,FALSE,6,0,0,0,0,2,1,2133814,1,3,4,0.0,0,39276,84756,45480,45,False,0,0,2
Jason Steele,GK,Brighton,,0,0,0,0,0.0,111,0.00,0.00,0.00,0.00,16,0,0,0.0,0.0,2026-08-30T13:00:00Z,0,FALSE,6,0,0,0,0,2,0,398691,0,3,4,0.0,0,-3330,10714,14044,40,False,0,0,2
Ferdi Kadıoğlu,DEF,Brighton,,0,0,-4,0,0.0,113,0.01,0.03,0.02,2.93,16,4,0,0.0,0.0,2026-08-30T13:00:00Z,90,FALSE,6,0,0,0,0,2,0,221172,1,3,4,0.0,0,-48824,2580,51404,45,False,0,0,2
Olivier Boscagli,DEF,Brighton,,0,0,-2,0,0.0,114,0.11,0.16,0.05,2.93,16,4,0,0.0,0.0,2026-08-30T13:00:00Z,90,FALSE,6,0,0,0,0,2,0,26909,1,3,4,0.0,-1,2544,4103,1559,45,False,1,3,2
Maxim De Cuyper,DEF,Brighton,,0,0,-2,0,0.0,115,0.05,0.08,0.03,2.93,16,4,0,0.0,0.0,2026-08-30T13:00:00Z,90,FALSE,6,0,0,0,0,2,0,847829,1,3,4,0.0,0,473840,494998,21158,46,False,0,2,2
Lewis Dunk,DEF,Brighton,,0,0,-4,0,0.0,116,0.01,0.01,0.00,2.93,16,4,0,0.0,0.0,2026-08-30T13:00:00Z,90,FALSE,6,0,0,0,0,2,0,118436,1,3,4,0.0,-1,8033,13343,5310,45,False,1,3,2
Diego Coppola,DEF,Brighton,,0,0,0,0,0.0,117,0.00,0.00,0.00,0.00,16,0,0,0.0,0.0,2026-08-30T13:00:00Z,0,FALSE,6,0,0,0,0,2,0,1892,0,3,4,0.0,0,-33,191,224,45,False,0,0,2
Igor Julio dos Santos de Paulo,DEF,Brighton,,0,0,0,0,0.0,118,0.00,0.00,0.00,0.00,16,0,0,0.0,0.0,2026-08-30T13:00:00Z,0,FALSE,6,0,0,0,0,2,0,8240,0,3,4,0.0,0,-404,471,875,45,False,0,0,2
João Pedro Loureiro da Costa,DEF,Brighton,,0,0,-1,0,0.0,119,0.00,0.00,0.00,0.04,16,0,0,0.0,0.0,2026-08-30T13:00:00Z,10,FALSE,6,0,0,0,0,2,0,3512,0,3,4,0.0,0,59,285,226,45,False,1,0,2
Michael Svoboda,DEF,Brighton,,0,0,0,0,0.0,120,0.00,0.00,0.00,0.00,16,0,0,0.0,0.0,2026-08-30T13:00:00Z,0,FALSE,6,0,0,0,0,2,0,5185,0,3,4,0.0,0,84,768,684,50,False,0,0,2
Mitoma Kaoru,MID,Brighton,,0,0,0,0,0.0,121,0.00,0.00,0.00,0.00,16,0,0,0.0,0.0,2026-08-30T13:00:00Z,0,FALSE,6,0,0,0,0,2,0,4114,0,3,4,0.0,0,-1078,159,1237,60,False,0,0,2
Yankuba Minteh,MID,Brighton,,0,0,0,0,0.0,122,0.00,0.00,0.00,0.00,16,0,0,0.0,0.0,2026-08-30T13:00:00Z,0,FALSE,6,0,0,0,0,2,0,6199,0,3,4,0.0,0,-3381,140,3521,60,False,0,0,2
Jack Hinshelwood,MID,Brighton,,0,0,0,0,0.0,123,0.00,0.00,0.00,0.00,16,0,0,0.0,0.0,2026-08-30T13:00:00Z,0,FALSE,6,0,0,0,0,2,0,230171,0,3,4,0.0,0,101743,139828,38085,60,False,0,0,2
Pascal Groß,MID,Brighton,,1,3,46,0,0.0,124,0.11,0.16,0.05,2.93,16,4,1,0.0,0.0,2026-08-30T13:00:00Z,90,FALSE,6,0,0,0,0,2,0,1268429,1,3,4,0.0,13,-81694,24179,105873,55,False,0,6,2
Georginio Rutter,FWD,Brighton,,0,0,0,0,0.0,125,0.00,0.00,0.00,0.00,16,0,0,0.0,0.0,2026-08-30T13:00:00Z,0,FALSE,6,0,0,0,0,2,0,98683,0,3,4,0.0,0,8880,23887,15007,55,False,0,0,2
Matt O'Riley,MID,Brighton,,0,0,0,0,0.0,126,0.00,0.00,0.00,0.00,16,0,0,0.0,0.0,2026-08-30T13:00:00Z,0,FALSE,6,0,0,0,0,2,0,10143,0,3,4,0.0,0,-696,656,1352,55,False,0,0,2
Diego Gómez Amarilla,MID,Brighton,,1,0,15,0,0.0,127,0.17,0.55,0.38,2.93,16,4,0,0.0,0.0,2026-08-30T13:00:00Z,90,FALSE,6,0,0,0,0,2,0,380491,1,3,4,0.0,5,7080,23952,16872,50,False,0,5,2
Facundo Buonanotte,MID,Brighton,,0,0,0,0,0.0,128,0.00,0.00,0.00,0.00,16,0,0,0.0,0.0,2026-08-30T13:00:00Z,0,FALSE,6,0,0,0,0,2,0,346,0,3,4,0.0,0,-173,0,173,50,False,0,0,2
Yasin Ayari,MID,Brighton,,0,0,0,0,0.0,129,0.00,0.00,0.00,0.00,16,0,0,0.0,0.0,2026-08-30T13:00:00Z,0,FALSE,6,0,0,0,0,2,0,62632,0,3,4,0.0,0,-4277,3334,7611,55,False,0,0,2
Mats Wieffer,DEF,Brighton,,0,0,6,0,0.0,130,0.08,0.11,0.03,2.89,16,4,0,0.0,0.0,2026-08-30T13:00:00Z,79,FALSE,6,0,0,0,0,2,0,43921,1,3,4,0.0,0,10371,13428,3057,50,False,0,7,2
Harry Howell,MID,Brighton,,0,0,0,0,0.0,132,0.00,0.00,0.00,0.00,16,0,0,0.0,0.0,2026-08-30T13:00:00Z,0,FALSE,6,0,0,0,0,2,0,5161,0,3,4,0.0,0,-1532,0,1532,45,False,0,0,2
Tom Watson,MID,Brighton,,0,0,0,0,0.0,133,0.00,0.00,0.00,0.00,16,0,0,0.0,0.0,2026-08-30T13:00:00Z,0,FALSE,6,0,0,0,0,2,0,182,0,3,4,0.0,0,-56,0,56,50,False,0,0,2
Nehemiah Oriola,MID,Brighton,,0,0,0,0,0.0,134,0.00,0.00,0.00,0.00,16,0,0,0.0,0.0,2026-08-30T13:00:00Z,0,FALSE,6,0,0,0,0,2,0,27277,0,3,4,0.0,0,-1072,1708,2780,45,False,0,0,2
Zadok Yohanna,MID,Brighton,,0,0,0,0,0.0,135,0.00,0.00,0.00,0.00,16,0,0,0.0,0.0,2026-08-30T13:00:00Z,0,FALSE,6,0,0,0,0,2,0,6909,0,3,4,0.0,0,-506,373,879,50,False,0,0,2
Stefanos Tzimas,FWD,Brighton,,0,0,0,0,0.0,137,0.00,0.00,0.00,0.00,16,0,0,0.0,0.0,2026-08-30T13:00:00Z,0,FALSE,6,0,0,0,0,2,0,839,0,3,4,0.0,0,-168,84,252,55,False,0,0,2
Charalampos Kostoulas,FWD,Brighton,,1,0,17,0,0.0,138,0.02,0.19,0.17,2.89,16,4,0,0.0,0.0,2026-08-30T13:00:00Z,79,FALSE,6,0,0,0,0,2,0,22097,1,3,4,0.0,5,-767,1384,2151,55,False,0,6,2
Evan Ferguson,FWD,Brighton,,0,0,0,0,0.0,139,0.00,0.00,0.00,0.00,16,0,0,0.0,0.0,2026-08-30T13:00:00Z,0,FALSE,6,0,0,0,0,2,0,3163,0,3,4,0.0,0,-305,318,623,50,False,0,0,2
Pascal Struijk,DEF,Brighton,,0,0,0,0,0.0,328,0.00,0.00,0.00,0.00,16,0,0,0.0,0.0,2026-08-30T13:00:00Z,0,FALSE,6,0,0,0,0,2,0,22519,0,3,4,0.0,0,-1138,1416,2554,50,False,0,0,2
Luka Vušković,DEF,Brighton,,0,0,-2,0,0.0,504,0.02,0.05,0.03,2.93,16,4,0,0.0,0.0,2026-08-30T13:00:00Z,90,FALSE,6,0,0,0,0,2,0,250629,1,3,4,0.0,0,8839,21186,12347,50,False,0,8,2
Promise David,FWD,Brighton,,0,0,3,0,0.0,594,0.00,0.00,0.00,0.04,16,0,0,0.0,0.0,2026-08-30T13:00:00Z,10,FALSE,6,0,0,0,0,2,0,25435,0,3,4,0.0,1,-1622,2519,4141,60,False,0,0,2
Ibrahim Osman,MID,Brighton,,0,0,6,0,0.0,600,0.01,0.01,0.00,0.10,16,1,0,0.0,0.0,2026-08-30T13:00:00Z,16,FALSE,6,0,0,0,0,2,0,1521,0,3,4,0.0,1,75,218,143,50,False,0,1,2
Malick Yalcouyé,MID,Brighton,,0,1,39,0,0.0,605,0.16,0.86,0.70,2.83,16,3,1,0.0,0.0,2026-08-30T13:00:00Z,73,FALSE,6,0,0,0,0,2,0,9806,1,3,4,0.0,8,3387,4339,952,45,False,0,7,2
Jaouen Hadjam,DEF,Brighton,,0,0,0,0,0.0,614,0.00,0.00,0.00,0.00,16,0,0,0.0,0.0,2026-08-30T13:00:00Z,0,FALSE,6,0,0,0,0,2,0,1839,0,3,4,0.0,0,952,1006,54,45,False,0,0,2
Amario Cozier-Duberry,MID,Brighton,,0,0,0,0,0.0,624,0.00,0.00,0.00,0.00,16,0,0,0.0,0.0,2026-08-30T13:00:00Z,0,FALSE,6,0,0,0,0,2,0,0,0,3,4,0.0,0,0,0,0,50,False,0,0,2
Emiliano Martínez Romero,GK,Chelsea,,0,0,18,0,0.0,28,0.01,0.01,0.00,1.41,16,3,0,0.0,0.0,2026-08-30T13:00:00Z,90,FALSE,5,0,0,0,0,2,4,419555,1,3,4,0.0,2,-42289,14876,8115,50,True,0,0,2
Morgan Rogers,MID,Chelsea,,1,0,28,0,0.0,40,1.01,1.15,0.14,1.41,16,3,0,0.0,0.0,2026-08-30T13:00:00Z,90,FALSE,5,0,0,0,0,2,0,2607781,1,3,4,0.0,5,180102,251851,71749,75,True,0,5,2
Jordan Henderson,MID,Chelsea,,0,0,0,0,0.0,101,0.00,0.00,0.00,0.00,16,0,0,0.0,0.0,2026-08-30T13:00:00Z,0,FALSE,5,0,0,0,0,2,0,3715,0,3,4,0.0,0,-477,214,691,50,True,0,0,2
Danny Welbeck,FWD,Chelsea,,0,0,0,0,0.0,136,0.00,0.00,0.00,0.00,16,0,0,0.0,0.0,2026-08-30T13:00:00Z,0,FALSE,5,0,0,0,0,2,0,96753,0,3,4,0.0,0,-19289,3136,22425,60,True,0,0,2
Robert Lynch Sánchez,GK,Chelsea,,0,0,0,0,0.0,140,0.00,0.00,0.00,0.00,16,0,0,0.0,0.0,2026-08-30T13:00:00Z,0,FALSE,5,0,0,0,0,2,0,217448,0,3,4,0.0,0,-18267,8924,27191,50,True,0,0,2
Filip Jörgensen,GK,Chelsea,,0,0,0,0,0.0,141,0.00,0.00,0.00,0.00,16,0,0,0.0,0.0,2026-08-30T13:00:00Z,0,FALSE,5,0,0,0,0,2,0,1280,0,3,4,0.0,0,-501,0,501,50,True,0,0,2
Reece James,DEF,Chelsea,,0,0,-1,0,0.0,142,0.00,0.00,0.00,0.14,16,1,0,0.0,0.0,2026-08-30T13:00:00Z,22,FALSE,5,0,0,0,0,2,0,987947,0,3,4,0.0,1,-18793,62525,81318,55,True,0,0,2
Trevoh Chalobah,DEF,Chelsea,,0,0,0,0,0.0,143,0.00,0.00,0.00,0.00,16,0,0,0.0,0.0,2026-08-30T13:00:00Z,0,FALSE,5,0,0,0,0,2,0,12877,0,3,4,0.0,0,-8058,0,8058,55,True,0,0,2
Malo Gusto,DEF,Chelsea,,0,0,-1,0,0.0,144,0.01,0.01,0.00,1.41,16,3,0,0.0,0.0,2026-08-30T13:00:00Z,90,FALSE,5,0,0,0,0,2,0,122291,1,3,4,0.0,1,2378,13325,10947,50,True,0,5,2
Wesley Fofana,DEF,Chelsea,,0,0,-2,0,0.0,145,0.01,0.01,0.00,1.26,16,2,0,0.0,0.0,2026-08-30T13:00:00Z,67,FALSE,5,0,0,0,0,2,0,3489,1,3,4,0.0,0,552,813,261,50,True,1,9,2
Benoît Badiashile Mukinayi,DEF,Chelsea,,0,0,0,0,0.0,146,0.00,0.00,0.00,0.00,16,0,0,0.0,0.0,2026-08-30T13:00:00Z,0,FALSE,5,0,0,0,0,2,0,2126,0,3,4,0.0,0,-568,232,800,45,True,0,0,2
Tosin Adarabioyo,DEF,Chelsea,,0,0,0,0,0.0,147,0.00,0.00,0.00,0.00,16,0,0,0.0,0.0,2026-08-30T13:00:00Z,0,FALSE,5,0,0,0,0,2,0,19280,0,3,4,0.0,0,-1857,263,2120,45,True,0,0,2
Jorrel Hato,DEF,Chelsea,,1,0,12,0,0.0,148,0.06,0.06,0.00,1.41,16,3,0,0.0,0.0,2026-08-30T13:00:00Z,90,FALSE,5,0,0,0,0,2,0,47286,1,3,4,0.0,4,-126,4358,4484,45,True,0,6,2
Levi Samuels Colwill,DEF,Chelsea,,0,0,2,0,0.0,149,0.00,0.00,0.00,1.31,16,2,0,0.0,0.0,2026-08-30T13:00:00Z,71,FALSE,5,0,0,0,0,2,0,150119,1,3,4,0.0,1,-7208,10571,17779,50,True,0,9,2
Mamadou Sarr,DEF,Chelsea,,0,0,0,0,0.0,150,0.00,0.00,0.00,0.00,16,0,0,0.0,0.0,2026-08-30T13:00:00Z,0,FALSE,5,0,0,0,0,2,0,7741,0,3,4,0.0,0,-544,405,949,45,True,0,0,2
Josh Acheampong,DEF,Chelsea,,0,0,-1,0,0.0,151,0.00,0.00,0.00,0.14,16,1,0,0.0,0.0,2026-08-30T13:00:00Z,22,FALSE,5,0,0,0,0,2,0,37116,0,3,4,0.0,1,4931,8065,3134,45,True,0,3,2
Marco Palestra,DEF,Chelsea,,0,0,0,0,0.0,152,0.00,0.00,0.00,0.00,16,0,0,0.0,0.0,2026-08-30T13:00:00Z,0,FALSE,5,0,0,0,0,2,0,209865,0,3,4,0.0,0,-64977,4960,69937,55,True,0,0,2
Cole Palmer,MID,Chelsea,,0,0,28,0,0.0,154,0.13,0.79,0.66,1.41,16,3,1,0.0,0.0,2026-08-30T13:00:00Z,90,FALSE,5,0,0,0,0,2,0,1644351,1,3,4,0.0,7,344912,376872,31960,95,True,0,8,2
Enzo Fernández,MID,Chelsea,,0,0,0,0,0.0,155,0.00,0.00,0.00,0.00,16,0,0,0.0,0.0,2026-08-30T13:00:00Z,0,FALSE,5,0,0,0,0,2,0,430662,0,3,4,0.0,0,-74211,14954,89165,70,True,0,0,2
Pedro Lomba Neto,MID,Chelsea,,0,0,32,0,0.0,156,0.33,0.74,0.41,1.26,16,2,1,0.0,0.0,2026-08-30T13:00:00Z,67,FALSE,5,0,0,0,0,2,0,117566,1,3,4,0.0,7,-17727,5635,23362,65,True,0,4,2
Estêvão Almeida de Oliveira Gonçalves,MID,Chelsea,,0,0,0,0,0.0,157,0.00,0.00,0.00,0.00,16,0,0,0.0,0.0,2026-08-30T13:00:00Z,0,FALSE,5,0,0,0,0,2,0,111448,0,3,4,0.0,0,-18220,5564,23784,65,True,0,0,2
Jamie Bynoe-Gittens,MID,Chelsea,,0,0,0,0,0.0,158,0.00,0.00,0.00,0.00,16,0,0,0.0,0.0,2026-08-30T13:00:00Z,0,FALSE,5,0,0,0,0,2,0,3391,0,3,4,0.0,0,-502,271,773,60,True,0,0,2
Moisés Caicedo Corozo,MID,Chelsea,,0,0,3,0,0.0,159,0.00,0.00,0.00,0.07,16,0,0,0.0,0.0,2026-08-30T13:00:00Z,13,FALSE,5,0,0,0,0,2,0,282404,0,3,4,0.0,1,-88842,9481,98323,55,True,0,0,2
Roméo Lavia,MID,Chelsea,,0,0,32,0,0.0,161,0.00,0.54,0.54,1.26,16,2,1,0.0,0.0,2026-08-30T13:00:00Z,67,FALSE,5,0,0,0,0,2,0,6337,1,3,4,0.0,7,254,1173,919,50,True,0,7,2
Dário Luís Essugo,MID,Chelsea,,0,0,0,0,0.0,163,0.00,0.00,0.00,0.00,16,0,0,0.0,0.0,2026-08-30T13:00:00Z,0,FALSE,5,0,0,0,0,2,0,18847,0,3,4,0.0,0,-1635,1252,2887,45,True,0,0,2
Geovany Quenda,MID,Chelsea,,0,0,0,0,0.0,164,0.00,0.00,0.00,0.00,16,0,0,0.0,0.0,2026-08-30T13:00:00Z,0,FALSE,5,0,0,0,0,2,0,4061,0,3,4,0.0,0,-589,231,820,55,True,0,0,2
João Pedro Junqueira de Jesus,FWD,Chelsea,,1,2,44,0,0.0,165,0.04,1.27,1.23,1.41,16,3,1,0.0,0.0,2026-08-30T13:00:00Z,90,FALSE,5,1,0,0,0,2,0,6802308,1,3,4,0.0,9,377023,405188,28165,76,True,0,3,2
Marc Guiu Paz,FWD,Chelsea,,0,0,0,0,0.0,168,0.00,0.00,0.00,0.00,16,0,0,0.0,0.0,2026-08-30T13:00:00Z,0,FALSE,5,0,0,0,0,2,0,43955,0,3,4,0.0,0,-3968,2178,6146,50,True,0,0,2
Shumaira Mheuka,FWD,Chelsea,,0,0,0,0,0.0,169,0.00,0.00,0.00,0.00,16,0,0,0.0,0.0,2026-08-30T13:00:00Z,0,FALSE,5,0,0,0,0,2,0,34265,0,3,4,0.0,0,-1480,2929,4409,45,True,0,0,2
Emmanuel Emegha,FWD,Chelsea,,0,0,0,0,0.0,170,0.00,0.00,0.00,0.00,16,0,0,0.0,0.0,2026-08-30T13:00:00Z,0,FALSE,5,0,0,0,0,2,0,14647,0,3,4,0.0,0,-884,1450,2334,50,True,0,0,2
Maxence Lacroix,DEF,Chelsea,,0,0,-3,0,0.0,200,0.00,0.02,0.02,1.41,16,3,0,0.0,0.0,2026-08-30T13:00:00Z,90,FALSE,5,0,0,0,0,2,0,946023,1,3,4,0.0,1,18715,63522,44807,60,True,0,9,2
Mike Penders,GK,Chelsea,,0,0,0,0,0.0,560,0.00,0.00,0.00,0.00,16,0,0,0.0,0.0,2026-08-30T13:00:00Z,0,FALSE,5,0,0,0,0,2,0,7073,0,3,4,0.0,0,-370,395,765,45,True,0,0,2
Aaron Anselmino,DEF,Chelsea,,0,0,0,0,0.0,561,0.00,0.00,0.00,0.00,16,0,0,0.0,0.0,2026-08-30T13:00:00Z,0,FALSE,5,0,0,0,0,2,0,1737,0,3,4,0.0,0,-324,122,446,45,True,0,0,2
Valentín Barco,MID,Chelsea,,0,0,1,0,0.0,568,0.00,0.04,0.04,0.07,16,1,0,0.0,0.0,2026-08-30T13:00:00Z,8,FALSE,5,0,0,0,0,2,0,13561,0,3,4,0.0,1,-1133,528,1661,55,True,0,1,2
Mykhailo Mudryk,MID,Chelsea,,0,0,0,0,0.0,578,0.00,0.00,0.00,0.00,16,0,0,0.0,0.0,2026-08-30T13:00:00Z,0,FALSE,5,0,0,0,0,2,0,4222,0,3,4,0.0,0,-742,234,976,55,True,0,0,2
Pep Chavarría,DEF,Chelsea,,0,0,1,0,0.0,583,0.02,0.02,0.00,0.09,16,1,0,0.0,0.0,2026-08-30T13:00:00Z,18,FALSE,5,0,0,0,0,2,0,19574,0,3,4,0.0,1,-1477,1081,2558,50,True,0,3,2
Ethan Pinnock,DEF,Coventry City,,0,0,-1,0,0.0,91,0.00,0.00,0.00,0.54,13,1,0,0.0,0.0,2026-08-29T14:00:00Z,12,FALSE,11,0,0,0,0,2,0,7757,0,1,0,0.0,1,-397,574,971,45,True,0,2,2
Frank Onyeka,MID,Coventry City,,0,0,0,0,0.0,104,0.00,0.00,0.00,0.00,13,0,0,0.0,0.0,2026-08-29T14:00:00Z,0,FALSE,11,0,0,0,0,2,0,16442,0,1,0,0.0,0,856,2456,1600,50,True,0,0,2
Carl Rushworth,GK,Coventry City,,0,0,10,0,0.0,110,0.00,0.00,0.00,0.72,13,1,0,0.0,0.0,2026-08-29T14:00:00Z,90,FALSE,11,0,0,0,0,2,1,122624,1,1,0,0.0,2,7259,11931,4672,45,True,0,0,2
Oliver Dovin,GK,Coventry City,,0,0,0,0,0.0,171,0.00,0.00,0.00,0.00,13,0,0,0.0,0.0,2026-08-29T14:00:00Z,0,FALSE,11,0,0,0,0,2,0,152756,0,1,0,0.0,0,-3777,2634,6411,40,True,0,0,2
Ben Wilson,GK,Coventry City,,0,0,0,0,0.0,172,0.00,0.00,0.00,0.00,13,0,0,0.0,0.0,2026-08-29T14:00:00Z,0,FALSE,11,0,0,0,0,2,0,45549,0,1,0,0.0,0,-3213,227,3440,45,True,0,0,2
Bobby Thomas,DEF,Coventry City,,0,2,28,1,0.0,173,0.01,0.01,0.00,0.18,13,0,0,0.0,0.0,2026-08-29T14:00:00Z,77,FALSE,11,0,0,0,0,2,0,791028,1,1,0,0.0,8,14221,38111,23890,40,True,0,9,2
Liam Kitching,DEF,Coventry City,,0,0,0,0,0.0,174,0.00,0.00,0.00,0.00,13,0,0,0.0,0.0,2026-08-29T14:00:00Z,0,FALSE,11,0,0,0,0,2,0,64130,0,1,0,0.0,0,-4266,520,4786,40,True,0,0,2
Milan van Ewijk,DEF,Coventry City,,0,0,15,0,0.0,175,0.19,0.19,0.00,0.72,13,1,0,0.0,0.0,2026-08-29T14:00:00Z,90,FALSE,11,0,0,0,0,2,0,1295672,1,1,0,0.0,2,-15407,34451,49858,40,True,0,2,2
Jay Dasilva,DEF,Coventry City,,0,0,15,0,0.0,176,0.05,0.23,0.18,0.72,13,1,0,0.0,0.0,2026-08-29T14:00:00Z,90,FALSE,11,0,0,0,0,2,0,82832,1,1,0,0.0,2,-830,3224,4054,40,True,0,3,2
Kaine Kesler-Hayden,DEF,Coventry City,,0,0,0,0,0.0,177,0.00,0.00,0.00,0.00,13,0,0,0.0,0.0,2026-08-29T14:00:00Z,0,FALSE,11,0,0,0,0,2,0,5764,0,1,0,0.0,0,-582,168,750,40,True,0,0,2
Jake Bidwell,DEF,Coventry City,,0,0,0,0,0.0,178,0.00,0.00,0.00,0.00,13,0,0,0.0,0.0,2026-08-29T14:00:00Z,0,FALSE,11,0,0,0,0,2,0,8500,0,1,0,0.0,0,-238,506,744,40,True,0,0,2
Joel Latibeaudiere,DEF,Coventry City,,0,0,0,0,0.0,179,0.00,0.00,0.00,0.00,13,0,0,0.0,0.0,2026-08-29T14:00:00Z,0,FALSE,11,0,0,0,0,2,0,3984,0,1,0,0.0,0,-260,160,420,40,True,0,0,2
Luke Woolfenden,DEF,Coventry City,,0,0,0,0,0.0,180,0.00,0.00,0.00,0.00,13,0,0,0.0,0.0,2026-08-29T14:00:00Z,0,FALSE,11,0,0,0,0,2,0,16943,0,1,0,0.0,0,-1282,946,2228,40,True,0,0,2
Miguel Brau,DEF,Coventry City,,0,0,0,0,0.0,181,0.00,0.00,0.00,0.00,13,0,0,0.0,0.0,2026-08-29T14:00:00Z,0,FALSE,11,0,0,0,0,2,0,4079,0,1,0,0.0,0,-82,256,338,40,True,0,0,2
Aurèle Amenda,DEF,Coventry City,,0,0,4,0,0.0,182,0.04,0.06,0.02,0.72,13,1,0,0.0,0.0,2026-08-29T14:00:00Z,90,FALSE,11,0,0,0,0,2,0,84795,1,1,0,0.0,1,-1183,3328,4511,40,True,1,4,2
Jack Rudoni,MID,Coventry City,,0,0,12,1,0.0,183,0.09,0.15,0.06,0.02,13,0,0,0.0,0.0,2026-08-29T14:00:00Z,70,FALSE,11,0,0,0,0,2,0,14191,1,1,0,0.0,3,-49,1250,1299,50,True,0,6,2
Matt Grimes,MID,Coventry City,,0,0,14,0,0.0,184,0.04,0.05,0.01,0.72,13,1,0,0.0,0.0,2026-08-29T14:00:00Z,90,FALSE,11,0,0,0,0,2,0,20154,1,1,0,0.0,2,674,2290,1616,50,True,0,10,2
Tatsuhiro Sakamoto,MID,Coventry City,,0,0,8,0,0.0,185,0.02,0.04,0.02,0.69,13,1,0,0.0,0.0,2026-08-29T14:00:00Z,31,FALSE,11,0,0,0,0,2,0,9710,0,1,0,0.0,1,-1318,137,1455,50,True,0,4,2
Ephron Mason-Clark,MID,Coventry City,,0,0,4,0,0.0,186,0.06,0.06,0.00,0.02,13,0,0,0.0,0.0,2026-08-29T14:00:00Z,57,FALSE,11,0,0,0,0,2,0,12149,1,1,0,0.0,1,-1089,489,1578,55,True,0,4,2
Josh Eccles,MID,Coventry City,,0,0,0,0,0.0,187,0.00,0.00,0.00,0.00,13,0,0,0.0,0.0,2026-08-29T14:00:00Z,0,FALSE,11,0,0,0,0,2,0,1391,0,1,0,0.0,0,-230,69,299,50,True,0,0,2
Victor Torp,MID,Coventry City,,0,0,2,0,0.0,188,0.01,0.01,0.00,0.69,13,1,0,0.0,0.0,2026-08-29T14:00:00Z,19,FALSE,11,0,0,0,0,2,0,16221,0,1,0,0.0,1,-1275,549,1824,55,True,0,2,2
George Shepherd,MID,Coventry City,,0,0,0,0,0.0,189,0.00,0.00,0.00,0.00,13,0,0,0.0,0.0,2026-08-29T14:00:00Z,0,FALSE,11,0,0,0,0,2,0,28459,0,1,0,0.0,0,-2158,1013,3171,45,True,0,0,2
Loum Tchaouna,MID,Coventry City,,0,0,7,0,0.0,190,0.13,0.18,0.05,0.02,13,0,0,0.0,0.0,2026-08-29T14:00:00Z,58,FALSE,11,0,0,0,0,2,0,16325,1,1,0,0.0,1,1311,2762,1451,55,True,0,6,2
Raphael Borges Rodrigues,MID,Coventry City,,0,0,0,0,0.0,191,0.00,0.00,0.00,0.00,13,0,0,0.0,0.0,2026-08-29T14:00:00Z,0,FALSE,11,0,0,0,0,2,0,16655,0,1,0,0.0,0,-1193,680,1873,45,True,0,0,2
Kai Andrews,MID,Coventry City,,0,0,0,0,0.0,192,0.00,0.00,0.00,0.00,13,0,0,0.0,0.0,2026-08-29T14:00:00Z,0,FALSE,11,0,0,0,0,2,0,62913,0,1,0,0.0,0,-4618,2576,7194,45,True,0,0,2
Haji Wright,FWD,Coventry City,,0,0,0,0,0.0,193,0.00,0.00,0.00,0.00,13,0,0,0.0,0.0,2026-08-29T14:00:00Z,0,FALSE,11,0,0,0,0,2,0,13634,0,1,0,0.0,0,-5318,107,5425,55,True,0,0,2
Brandon Thomas-Asante,FWD,Coventry City,,0,0,5,0,0.0,194,0.00,0.00,0.00,0.69,13,1,0,0.0,0.0,2026-08-29T14:00:00Z,32,FALSE,11,0,0,0,0,2,0,83366,0,1,0,0.0,1,6706,14594,7888,50,True,0,2,2
Ellis Simms,FWD,Coventry City,,0,0,0,0,0.0,195,0.00,0.00,0.00,0.00,13,0,0,0.0,0.0,2026-08-29T14:00:00Z,0,FALSE,11,0,0,0,0,2,0,100916,0,1,0,0.0,0,10333,19936,9603,50,True,0,0,2
Jahnoah Markelo,FWD,Coventry City,,0,0,0,0,0.0,196,0.00,0.00,0.00,0.00,13,0,0,0.0,0.0,2026-08-29T14:00:00Z,0,FALSE,11,0,0,0,0,2,0,1206,0,1,0,0.0,0,-590,0,590,50,True,0,0,2
Norman Bassette,FWD,Coventry City,,0,0,0,0,0.0,197,0.00,0.00,0.00,0.00,13,0,0,0.0,0.0,2026-08-29T14:00:00Z,0,FALSE,11,0,0,0,0,2,0,3783,0,1,0,0.0,0,-788,0,788,45,True,0,0,2
Taiwo Awoniyi,FWD,Coventry City,,0,0,6,0,0.0,492,0.03,0.96,0.93,0.72,13,1,0,0.0,0.0,2026-08-29T14:00:00Z,90,FALSE,11,0,0,0,0,2,0,83094,1,1,0,0.0,2,-639,8654,9293,55,True,0,3,2
Caleb Yirenkyi,MID,Coventry City,,0,0,17,1,0.0,575,0.13,0.16,0.03,0.02,13,0,0,0.0,0.0,2026-08-29T14:00:00Z,70,FALSE,11,0,0,0,0,2,0,23711,1,1,0,0.0,3,-1578,997,2575,50,True,0,7,2
Gustavo Hamer,MID,Coventry City,,0,0,2,0,0.0,584,0.02,0.02,0.00,0.69,13,1,0,0.0,0.0,2026-08-29T14:00:00Z,19,FALSE,11,0,0,0,0,2,0,13996,0,1,0,0.0,1,-1042,386,1428,55,True,0,0,2
Sidiki Cherif,FWD,Coventry City,,0,0,0,0,0.0,599,0.00,0.00,0.00,0.00,13,0,0,0.0,0.0,2026-08-29T14:00:00Z,0,FALSE,11,0,0,0,0,2,0,9736,0,1,0,0.0,0,330,1724,1394,50,True,0,0,2
Dan Bentley,GK,Coventry City,,0,0,0,0,0.0,623,0.00,0.00,0.00,0.00,13,0,0,0.0,0.0,2026-08-29T14:00:00Z,0,FALSE,11,0,0,0,0,2,0,0,0,1,0,0.0,0,0,0,0,40,True,0,0,2
Evann Guessand,MID,Crystal Palace,,0,0,3,0,0.0,42,0.01,0.01,0.00,0.20,11,1,0,0.0,0.0,2026-08-28T19:00:00Z,27,FALSE,15,0,0,0,0,2,0,4594,0,4,1,0.0,1,-140,483,623,55,True,0,1,2
Axel Disasi,DEF,Crystal Palace,,0,0,-2,0,0.0,153,0.00,0.00,0.00,0.20,11,1,0,0.0,0.0,2026-08-28T19:00:00Z,16,FALSE,15,0,0,0,0,2,0,6037,0,4,1,0.0,1,-323,525,848,45,True,0,1,2
Dean Henderson,GK,Crystal Palace,,0,0,4,0,0.0,198,0.00,0.00,0.00,2.21,11,4,0,0.0,0.0,2026-08-28T19:00:00Z,90,FALSE,15,0,0,0,0,2,4,182716,1,4,1,0.0,1,-7870,5904,13774,50,True,0,0,2
Walter Benítez,GK,Crystal Palace,,0,0,0,0,0.0,199,0.00,0.00,0.00,0.00,11,0,0,0.0,0.0,2026-08-28T19:00:00Z,0,FALSE,15,0,0,0,0,2,0,11403,0,4,1,0.0,0,-908,468,1376,45,True,0,0,2
Daniel Muñoz Mejía,DEF,Crystal Palace,,0,0,0,0,0.0,201,0.00,0.00,0.00,0.00,11,0,0,0.0,0.0,2026-08-28T19:00:00Z,0,FALSE,15,0,0,0,0,2,0,815530,0,4,1,0.0,0,-109781,15645,125426,55,True,0,0,2
Chris Richards,DEF,Crystal Palace,,0,0,-4,0,0.0,202,0.00,0.04,0.04,2.21,11,4,0,0.0,0.0,2026-08-28T19:00:00Z,90,FALSE,15,0,0,0,0,2,0,71981,1,4,1,0.0,0,-2246,4208,6454,50,True,0,6,2
Jaydee Canvot,DEF,Crystal Palace,,0,0,-1,0,0.0,203,0.00,0.00,0.00,2.21,11,4,0,0.0,0.0,2026-08-28T19:00:00Z,90,FALSE,15,0,0,0,0,2,0,29914,1,4,1,0.0,0,-3200,821,4021,50,True,0,7,2
Tyrick Mitchell,DEF,Crystal Palace,,0,0,-8,0,0.0,204,0.16,0.27,0.11,2.21,11,4,0,0.0,0.0,2026-08-28T19:00:00Z,90,FALSE,15,0,0,0,0,2,0,548942,1,4,1,0.0,0,-44374,5965,50339,45,True,0,5,2
Borna Sosa,DEF,Crystal Palace,,0,0,0,0,0.0,205,0.00,0.00,0.00,0.00,11,0,0,0.0,0.0,2026-08-28T19:00:00Z,0,FALSE,15,0,0,0,0,2,0,3040,0,4,1,0.0,0,-226,126,352,45,True,0,0,2
Chadi Riad Dnanou,DEF,Crystal Palace,,0,0,0,0,0.0,206,0.00,0.00,0.00,0.00,11,0,0,0.0,0.0,2026-08-28T19:00:00Z,0,FALSE,15,0,0,0,0,2,0,4410,0,4,1,0.0,0,-2523,320,2843,45,True,0,0,2
Oscar Mingueza,DEF,Crystal Palace,,0,0,1,0,0.0,207,0.00,0.00,0.00,0.20,11,1,0,0.0,0.0,2026-08-28T19:00:00Z,15,FALSE,15,0,0,0,0,2,0,7384,0,4,1,0.0,1,-1081,199,1280,45,True,0,1,2
Ismaïla Sarr,MID,Crystal Palace,,0,0,0,0,0.0,208,0.00,0.00,0.00,0.00,11,0,0,0.0,0.0,2026-08-28T19:00:00Z,0,FALSE,15,0,0,0,0,2,0,227391,0,4,1,0.0,0,-204476,2102,206578,64,True,0,0,2
Adam Wharton,MID,Crystal Palace,,0,0,21,0,0.0,210,0.07,0.07,0.00,2.21,11,4,0,0.0,0.0,2026-08-28T19:00:00Z,90,FALSE,15,0,0,0,0,2,0,88998,1,4,1,0.0,2,-1090,6710,7800,55,True,0,7,2
Yéremy Pino Santos,MID,Crystal Palace,,1,0,27,0,0.0,211,0.07,0.12,0.05,2.01,11,3,0,0.0,0.0,2026-08-28T19:00:00Z,67,FALSE,15,0,0,0,0,2,0,18326,1,4,1,0.0,5,-2144,314,2458,55,True,0,10,2
Will Hughes,MID,Crystal Palace,,0,0,0,0,0.0,212,0.00,0.00,0.00,0.00,11,0,0,0.0,0.0,2026-08-28T19:00:00Z,0,FALSE,15,0,0,0,0,2,0,1064673,0,4,1,0.0,0,-69998,20182,90180,45,True,0,0,2
Jefferson Lerma Solís,MID,Crystal Palace,,0,0,0,0,0.0,213,0.00,0.00,0.00,0.00,11,0,0,0.0,0.0,2026-08-28T19:00:00Z,0,FALSE,15,0,0,0,0,2,0,10302,0,4,1,0.0,0,-1246,204,1450,50,True,0,0,2
Daichi Kamada,MID,Crystal Palace,,0,0,21,0,0.0,214,0.02,0.07,0.05,2.21,11,4,0,0.0,0.0,2026-08-28T19:00:00Z,90,FALSE,15,0,0,0,0,2,0,27191,1,4,1,0.0,2,-1150,1944,3094,50,True,0,9,2
Justin Devenny,MID,Crystal Palace,,0,0,0,0,0.0,215,0.00,0.00,0.00,0.00,11,0,0,0.0,0.0,2026-08-28T19:00:00Z,0,FALSE,15,0,0,0,0,2,0,1141,0,4,1,0.0,0,-107,69,176,50,True,0,0,2
Romain Esse,MID,Crystal Palace,,0,0,0,0,0.0,216,0.00,0.00,0.00,0.00,11,0,0,0.0,0.0,2026-08-28T19:00:00Z,0,FALSE,15,0,0,0,0,2,0,3956,0,4,1,0.0,0,-379,211,590,50,True,0,0,2
Matheus França de Oliveira,MID,Crystal Palace,,0,0,0,0,0.0,217,0.00,0.00,0.00,0.00,11,0,0,0.0,0.0,2026-08-28T19:00:00Z,0,FALSE,15,0,0,0,0,2,0,2546,0,4,1,0.0,0,-697,17,714,50,True,0,0,2
Cheick Doucouré,MID,Crystal Palace,,0,0,0,0,0.0,218,0.00,0.00,0.00,0.00,11,0,0,0.0,0.0,2026-08-28T19:00:00Z,0,FALSE,15,0,0,0,0,2,0,6115,0,4,1,0.0,0,-811,248,1059,50,True,0,0,2
Jesurun Rak-Sakyi,MID,Crystal Palace,,0,0,0,0,0.0,219,0.00,0.00,0.00,0.00,11,0,0,0.0,0.0,2026-08-28T19:00:00Z,0,FALSE,15,0,0,0,0,2,0,578,0,4,1,0.0,0,-51,39,90,50,True,0,0,2
Rio Cardines,DEF,Crystal Palace,,0,0,0,0,0.0,220,0.00,0.00,0.00,0.00,11,0,0,0.0,0.0,2026-08-28T19:00:00Z,0,FALSE,15,0,0,0,0,2,0,187,0,4,1,0.0,0,-65,0,65,45,True,0,0,2
Joél Drakes-Thomas,MID,Crystal Palace,,0,0,0,0,0.0,221,0.00,0.00,0.00,0.00,11,0,0,0.0,0.0,2026-08-28T19:00:00Z,0,FALSE,15,0,0,0,0,2,0,8204,0,4,1,0.0,0,-589,399,988,45,True,0,0,2
Jørgen Strand Larsen,FWD,Crystal Palace,,0,0,13,0,0.0,222,0.00,0.05,0.05,2.01,11,3,0,0.0,0.0,2026-08-28T19:00:00Z,62,FALSE,15,0,0,0,0,2,0,50504,1,4,1,0.0,2,-6261,1510,7771,60,True,0,4,2
Jean-Philippe Mateta,FWD,Crystal Palace,,0,0,0,0,0.0,223,0.00,0.00,0.00,0.00,11,0,0,0.0,0.0,2026-08-28T19:00:00Z,0,FALSE,15,0,0,0,0,2,0,510630,0,4,1,0.0,0,-48482,23951,72433,65,True,0,0,2
Eddie Nketiah,FWD,Crystal Palace,,0,0,8,0,0.0,224,0.00,0.36,0.36,2.01,11,3,0,0.0,0.0,2026-08-28T19:00:00Z,67,FALSE,15,0,0,0,0,2,0,47953,1,4,1,0.0,2,-2517,3263,5780,55,True,0,6,2
Christantus Uche,FWD,Crystal Palace,,0,0,0,0,0.0,225,0.00,0.00,0.00,0.00,11,0,0,0.0,0.0,2026-08-28T19:00:00Z,0,FALSE,15,0,0,0,0,2,0,0,0,4,1,0.0,0,0,0,0,50,True,0,0,2
Dwight McNeil,MID,Crystal Palace,,0,0,2,0,0.0,241,0.00,0.00,0.00,0.20,11,1,0,0.0,0.0,2026-08-28T19:00:00Z,22,FALSE,15,0,0,0,0,2,0,16698,0,4,1,0.0,1,-1356,472,1828,55,True,0,2,2
Remi Matthews,GK,Crystal Palace,,0,0,0,0,0.0,555,0.00,0.00,0.00,0.00,11,0,0,0.0,0.0,2026-08-28T19:00:00Z,0,FALSE,15,0,0,0,0,2,0,183203,0,4,1,0.0,0,-290,5945,6235,40,True,0,0,2
Takehiro Tomiyasu,DEF,Crystal Palace,,0,0,-3,0,0.0,577,0.00,0.00,0.00,2.01,11,3,0,0.0,0.0,2026-08-28T19:00:00Z,73,FALSE,15,0,0,0,0,2,0,34647,1,4,1,0.0,1,-1838,829,2667,45,True,0,8,2
Anan Khalaili,DEF,Crystal Palace,,0,0,9,0,0.0,588,0.00,0.02,0.02,2.01,11,3,0,0.0,0.0,2026-08-28T19:00:00Z,74,FALSE,15,0,0,0,0,2,0,10199,1,4,1,0.0,2,-365,462,827,50,True,1,14,2
Zavier Gozo,MID,Crystal Palace,,0,0,3,0,0.0,595,0.00,0.00,0.00,0.20,11,1,0,0.0,0.0,2026-08-28T19:00:00Z,22,FALSE,15,0,0,0,0,2,0,1414,0,4,1,0.0,1,-72,101,173,50,True,0,1,2
Christian Nørgaard,MID,Everton,,0,0,0,0,0.0,21,0.00,0.00,0.00,0.00,12,0,0,0.0,0.0,2026-08-29T14:00:00Z,0,FALSE,3,0,0,0,0,2,0,8315,0,1,1,0.0,0,-2764,102,2866,50,False,0,0,2
Brennan Johnson,MID,Everton,,0,0,1,0,0.0,209,0.00,0.00,0.00,1.58,12,0,0,0.0,0.0,2026-08-29T14:00:00Z,28,FALSE,3,0,0,0,0,2,0,15402,0,1,1,0.0,1,-1848,732,2580,60,False,0,2,2
Jordan Pickford,GK,Everton,,0,0,22,0,0.0,226,0.00,0.00,0.00,2.16,12,1,0,0.0,0.0,2026-08-29T14:00:00Z,90,FALSE,3,0,0,0,0,2,4,878157,1,1,1,0.0,3,35349,63539,28190,55,False,0,0,2
Mark Travers,GK,Everton,,0,0,0,0,0.0,227,0.00,0.00,0.00,0.00,12,0,0,0.0,0.0,2026-08-29T14:00:00Z,0,FALSE,3,0,0,0,0,2,0,3593,0,1,1,0.0,0,-113,290,403,50,False,0,0,2
Tom King,GK,Everton,,0,0,0,0,0.0,228,0.00,0.00,0.00,0.00,12,0,0,0.0,0.0,2026-08-29T14:00:00Z,0,FALSE,3,0,0,0,0,2,0,4235,0,1,1,0.0,0,-136,243,379,45,False,0,0,2
James Tarkowski,DEF,Everton,,0,2,27,0,0.0,229,0.01,0.11,0.10,2.16,12,1,1,0.0,0.0,2026-08-29T14:00:00Z,90,FALSE,3,0,0,0,0,2,0,861719,1,1,1,0.0,12,5670,42736,37066,60,False,0,10,2
Jarrad Branthwaite,DEF,Everton,,0,0,6,0,0.0,230,0.01,0.10,0.09,2.16,12,1,0,0.0,0.0,2026-08-29T14:00:00Z,90,FALSE,3,0,0,0,0,2,0,183710,1,1,1,0.0,4,10185,19103,8918,55,False,0,12,2
Michael Keane,DEF,Everton,,0,0,0,0,0.0,231,0.00,0.00,0.00,0.00,12,0,0,0.0,0.0,2026-08-29T14:00:00Z,0,FALSE,3,0,0,0,0,2,0,136213,0,1,1,0.0,0,-21625,3260,24885,50,False,0,0,2
Jake O'Brien,DEF,Everton,,0,0,0,0,0.0,232,0.00,0.00,0.00,0.00,12,0,0,0.0,0.0,2026-08-29T14:00:00Z,0,FALSE,3,0,0,0,0,2,0,42208,0,1,1,0.0,0,-6326,1403,7729,50,False,0,0,2
Vitalii Mykolenko,DEF,Everton,,0,0,7,0,0.0,233,0.01,0.01,0.00,2.16,12,1,0,0.0,0.0,2026-08-29T14:00:00Z,90,FALSE,3,0,0,0,0,2,0,164056,1,1,1,0.0,4,12714,21784,9070,45,False,0,12,2
Nathan Patterson,DEF,Everton,,0,0,0,0,0.0,234,0.00,0.00,0.00,0.00,12,0,0,0.0,0.0,2026-08-29T14:00:00Z,0,FALSE,3,0,0,0,0,2,0,3302,0,1,1,0.0,0,-162,207,369,45,False,0,0,2
Adam Aznou,DEF,Everton,,0,0,0,0,0.0,235,0.00,0.00,0.00,0.00,12,0,0,0.0,0.0,2026-08-29T14:00:00Z,0,FALSE,3,0,0,0,0,2,0,18113,0,1,1,0.0,0,-679,1009,1688,40,False,0,0,2
Kiernan Dewsbury-Hall,MID,Everton,,0,0,24,0,0.0,236,0.16,0.22,0.06,2.16,12,1,0,0.0,0.0,2026-08-29T14:00:00Z,90,FALSE,3,0,0,0,0,2,0,473030,1,1,1,0.0,2,105696,132647,26951,65,False,0,10,2
Iliman Ndiaye,MID,Everton,,0,0,16,0,0.0,237,0.07,0.09,0.02,2.16,12,1,0,0.0,0.0,2026-08-29T14:00:00Z,90,FALSE,3,0,0,0,0,2,0,1595715,1,1,1,0.0,4,62668,122688,60020,60,False,0,13,2
James Garner,MID,Everton,,0,0,9,0,0.0,239,0.00,0.00,0.00,0.58,12,1,0,0.0,0.0,2026-08-29T14:00:00Z,61,FALSE,3,0,0,0,0,2,0,13621,1,1,1,0.0,1,-116,1533,1649,60,False,1,10,2
Tim Iroegbunam,MID,Everton,,0,0,2,0,0.0,240,0.00,0.00,0.00,0.00,12,0,0,0.0,0.0,2026-08-29T14:00:00Z,4,FALSE,3,0,0,0,0,2,0,1093,0,1,1,0.0,1,-327,21,348,50,False,0,0,2
Tyrique George,MID,Everton,,0,0,12,0,0.0,242,0.01,0.06,0.05,0.58,12,1,0,0.0,0.0,2026-08-29T14:00:00Z,61,FALSE,3,0,0,0,0,2,0,28043,1,1,1,0.0,2,-209,2273,2482,55,False,0,2,2
Carlos Alcaraz Durán,MID,Everton,,0,0,-2,0,0.0,243,0.02,0.05,0.03,0.00,12,0,0,0.0,0.0,2026-08-29T14:00:00Z,4,FALSE,3,0,0,0,0,2,0,9333,0,1,1,0.0,0,-385,753,1138,50,False,1,0,2
Harrison Armstrong,MID,Everton,,0,0,12,0,0.0,244,0.03,0.03,0.00,2.16,12,1,0,0.0,0.0,2026-08-29T14:00:00Z,86,FALSE,3,0,0,0,0,2,0,24656,1,1,1,0.0,2,10319,12786,2467,50,False,0,9,2
Tyler Dibling,MID,Everton,,0,0,0,0,0.0,245,0.00,0.00,0.00,0.00,12,0,0,0.0,0.0,2026-08-29T14:00:00Z,0,FALSE,3,0,0,0,0,2,0,3529,0,1,1,0.0,0,-550,201,751,55,False,0,0,2
Merlin Röhl,MID,Everton,,0,0,13,0,0.0,246,0.01,0.01,0.00,2.16,12,1,0,0.0,0.0,2026-08-29T14:00:00Z,85,FALSE,3,0,0,0,0,2,0,5759,1,1,1,0.0,2,-118,518,636,50,False,0,9,2
Hayden Hackney,MID,Everton,,0,0,3,0,0.0,247,0.01,0.01,0.00,1.58,12,0,0,0.0,0.0,2026-08-29T14:00:00Z,28,FALSE,3,0,0,0,0,2,0,24628,0,1,1,0.0,1,-2358,844,3202,55,False,0,3,2
Norberto Bercique Gomes Betuncal,FWD,Everton,,0,0,2,0,0.0,248,0.00,0.04,0.04,1.58,12,0,0,0.0,0.0,2026-08-29T14:00:00Z,20,FALSE,3,0,0,0,0,2,0,227543,0,1,1,0.0,1,-35102,7709,42811,55,False,0,1,2
Thierno Barry,FWD,Everton,,0,0,6,0,0.0,249,0.00,1.48,1.48,0.58,12,1,0,0.0,0.0,2026-08-29T14:00:00Z,69,FALSE,3,0,0,0,0,2,0,352239,1,1,1,0.0,2,127837,150265,22428,55,False,0,3,2
Bernd Leno,GK,Fulham,,0,0,11,0,0.0,250,0.00,0.00,0.00,2.02,19,1,0,0.0,0.0,2026-08-30T13:00:00Z,90,FALSE,20,0,0,0,0,2,3,300981,1,0,1,0.0,3,645,12174,11529,45,False,0,0,2
Benjamin Lecomte,GK,Fulham,,0,0,0,0,0.0,251,0.00,0.00,0.00,0.00,19,0,0,0.0,0.0,2026-08-30T13:00:00Z,0,FALSE,20,0,0,0,0,2,0,117798,0,0,1,0.0,0,-2636,1492,4128,40,False,0,0,2
Alfie McNally,GK,Fulham,,0,0,0,0,0.0,252,0.00,0.00,0.00,0.00,19,0,0,0.0,0.0,2026-08-30T13:00:00Z,0,FALSE,20,0,0,0,0,2,0,15794,0,0,1,0.0,0,185,805,620,40,False,0,0,2
Joachim Andersen,DEF,Fulham,,0,0,4,0,0.0,253,0.04,0.04,0.00,2.02,19,1,0,0.0,0.0,2026-08-30T13:00:00Z,90,FALSE,20,0,0,0,0,2,0,7735,1,0,1,0.0,1,1684,2314,630,50,False,1,8,2
Antonee Robinson,DEF,Fulham,,0,0,10,0,0.0,254,0.02,0.02,0.00,2.02,19,1,0,0.0,0.0,2026-08-30T13:00:00Z,90,FALSE,20,0,0,0,0,2,0,165662,1,0,1,0.0,2,1752,11181,9429,45,False,0,3,2
Jorge Cuenca Barreno,DEF,Fulham,,0,0,0,0,0.0,255,0.00,0.00,0.00,0.00,19,0,0,0.0,0.0,2026-08-30T13:00:00Z,0,FALSE,20,0,0,0,0,2,0,3423,0,0,1,0.0,0,522,781,259,45,False,0,0,2
Kenny Tete,DEF,Fulham,,0,0,0,0,0.0,256,0.00,0.00,0.00,0.00,19,0,0,0.0,0.0,2026-08-30T13:00:00Z,0,FALSE,20,0,0,0,0,2,0,25956,0,0,1,0.0,0,-1723,338,2061,45,False,0,0,2
Calvin Bassey,DEF,Fulham,,0,0,13,0,0.0,257,0.01,0.01,0.00,2.02,19,1,0,0.0,0.0,2026-08-30T13:00:00Z,90,FALSE,20,0,0,0,0,2,0,75885,1,0,1,0.0,2,821,6863,6042,45,False,0,7,2
Timothy Castagne,DEF,Fulham,,0,0,18,1,0.0,258,0.00,0.00,0.00,0.26,19,0,0,0.0,0.0,2026-08-30T13:00:00Z,67,FALSE,20,0,0,0,0,2,0,45933,1,0,1,0.0,6,9481,12096,2615,45,False,0,2,2
Alex Iwobi,MID,Fulham,,0,0,20,0,0.0,261,0.40,0.41,0.01,2.02,19,1,0,0.0,0.0,2026-08-30T13:00:00Z,90,FALSE,20,0,0,0,0,2,0,95898,1,0,1,0.0,2,-3301,6095,9396,55,False,0,4,2
Emile Smith Rowe,MID,Fulham,,0,0,5,0,0.0,262,0.02,0.08,0.06,0.41,19,0,0,0.0,0.0,2026-08-30T13:00:00Z,14,FALSE,20,0,0,0,0,2,0,36765,0,0,1,0.0,1,-3334,1414,4748,55,False,0,1,2
Kevin Santos Lopes de Macedo,MID,Fulham,,0,0,2,0,0.0,263,0.04,0.04,0.00,0.17,19,0,0,0.0,0.0,2026-08-30T13:00:00Z,7,FALSE,20,0,0,0,0,2,0,5495,0,0,1,0.0,1,-443,419,862,55,False,0,0,2
Oscar Bobb,MID,Fulham,,0,0,8,1,0.0,264,0.01,0.01,0.00,0.26,19,0,0,0.0,0.0,2026-08-30T13:00:00Z,67,FALSE,20,0,0,0,0,2,0,33606,1,0,1,0.0,3,1523,4520,2997,55,False,0,5,2
Sander Berge,MID,Fulham,,0,0,14,0,0.0,265,0.20,0.20,0.00,1.85,19,1,0,0.0,0.0,2026-08-30T13:00:00Z,82,FALSE,20,0,0,0,0,2,0,38868,1,0,1,0.0,2,-1868,1465,3333,50,False,0,2,2
Tom Cairney,MID,Fulham,,0,0,0,0,0.0,266,0.00,0.00,0.00,0.00,19,0,0,0.0,0.0,2026-08-30T13:00:00Z,0,FALSE,20,0,0,0,0,2,0,379,0,0,1,0.0,0,-103,12,115,50,False,0,0,2
Josh King,MID,Fulham,,0,0,8,0,0.0,268,0.03,0.50,0.47,2.02,19,1,0,0.0,0.0,2026-08-30T13:00:00Z,90,FALSE,20,0,0,0,0,2,0,59498,1,0,1,0.0,2,30519,34683,4164,55,False,0,4,2
Ryan Sessegnon,DEF,Fulham,,0,0,3,0,0.0,269,0.12,0.14,0.02,1.77,19,1,0,0.0,0.0,2026-08-30T13:00:00Z,22,FALSE,20,0,0,0,0,2,0,41879,0,0,1,0.0,1,-2055,959,3014,45,False,0,1,2
Harrison Reed,MID,Fulham,,0,0,0,0,0.0,270,0.00,0.00,0.00,0.00,19,0,0,0.0,0.0,2026-08-30T13:00:00Z,0,FALSE,20,0,0,0,0,2,0,141446,0,0,1,0.0,0,-8921,5582,14503,45,False,0,0,2
Rodrigo Muniz Carvalho,FWD,Fulham,,0,0,0,0,0.0,271,0.00,0.00,0.00,0.00,19,0,0,0.0,0.0,2026-08-30T13:00:00Z,0,FALSE,20,0,0,0,0,2,0,54718,0,0,1,0.0,0,-4078,2812,6890,55,False,0,0,2
Jonah Kusi-Asare,FWD,Fulham,,0,0,0,0,0.0,272,0.00,0.00,0.00,0.00,19,0,0,0.0,0.0,2026-08-30T13:00:00Z,0,FALSE,20,0,0,0,0,2,0,685336,0,0,1,0.0,0,-20589,23688,44277,45,False,0,0,2
Gonzalo García,FWD,Fulham,,0,0,2,0,0.0,569,0.01,0.28,0.27,2.02,19,1,0,0.0,0.0,2026-08-30T13:00:00Z,90,FALSE,20,0,0,0,0,2,0,399587,1,0,1,0.0,2,135011,152218,17207,60,False,0,4,2
César Palacios,MID,Fulham,,0,0,6,0,0.0,570,0.00,0.02,0.02,1.62,19,1,0,0.0,0.0,2026-08-30T13:00:00Z,75,FALSE,20,0,0,0,0,2,0,20418,1,0,1,0.0,1,-874,910,1784,55,False,1,9,2
Shea Charles,MID,Fulham,,0,0,2,0,0.0,580,0.03,0.12,0.09,1.77,19,1,0,0.0,0.0,2026-08-30T13:00:00Z,22,FALSE,20,0,0,0,0,2,0,8645,0,0,1,0.0,1,-449,359,808,50,False,0,2,2
Luc De Fougerolles,DEF,Fulham,,0,0,0,0,0.0,610,0.00,0.00,0.00,0.00,19,0,0,0.0,0.0,2026-08-30T13:00:00Z,0,FALSE,20,0,0,0,0,2,0,7950,0,0,1,0.0,0,2577,3051,474,40,False,0,0,2
Macauley Zepa,MID,Fulham,,0,0,0,0,0.0,626,0.00,0.00,0.00,0.00,19,0,0,0.0,0.0,2026-08-30T13:00:00Z,0,FALSE,20,0,0,0,0,2,0,0,0,0,1,0.0,0,0,0,0,45,False,0,0,2
Dillon Phillips,GK,Hull City,,0,0,0,0,0.0,273,0.00,0.00,0.00,0.00,13,0,0,0.0,0.0,2026-08-29T14:00:00Z,0,FALSE,7,0,0,0,0,2,0,150763,0,1,0,0.0,0,-3979,3115,7094,40,False,0,0,2
Jack Butland,GK,Hull City,,0,0,0,0,0.0,274,0.00,0.00,0.00,0.00,13,0,0,0.0,0.0,2026-08-29T14:00:00Z,0,FALSE,7,0,0,0,0,2,0,9646,0,1,0,0.0,0,-1614,124,1738,45,False,0,0,2
Harvey Cartwright,GK,Hull City,,0,0,0,0,0.0,275,0.00,0.00,0.00,0.00,13,0,0,0.0,0.0,2026-08-29T14:00:00Z,0,FALSE,7,0,0,0,0,2,0,909,0,1,0,0.0,0,-111,0,111,40,False,0,0,2
Thimothée Lo-Tutala,GK,Hull City,,0,0,0,0,0.0,276,0.00,0.00,0.00,0.00,13,0,0,0.0,0.0,2026-08-29T14:00:00Z,0,FALSE,7,0,0,0,0,2,0,3116,0,1,0,0.0,0,-383,0,383,40,False,0,0,2
John Egan,DEF,Hull City,,0,1,25,1,0.0,277,0.00,0.00,0.00,1.29,13,0,0,0.0,0.0,2026-08-29T14:00:00Z,90,FALSE,7,0,0,0,0,2,0,197783,1,1,0,0.0,9,31730,42937,11207,40,False,0,13,2
Charlie Hughes,DEF,Hull City,,0,0,0,0,0.0,278,0.00,0.00,0.00,0.00,13,0,0,0.0,0.0,2026-08-29T14:00:00Z,0,FALSE,7,0,0,0,0,2,0,10606,0,1,0,0.0,0,-2221,99,2320,40,False,0,0,2
Semi Ajayi,DEF,Hull City,,0,0,24,1,0.0,279,0.00,0.00,0.00,1.29,13,0,0,0.0,0.0,2026-08-29T14:00:00Z,90,FALSE,7,0,0,0,0,2,0,200860,1,1,0,0.0,6,63813,79406,15593,40,False,0,7,2
Lewie Coyle,DEF,Hull City,,0,0,2,0,0.0,280,0.00,0.00,0.00,1.09,13,0,0,0.0,0.0,2026-08-29T14:00:00Z,45,FALSE,7,0,0,0,0,2,0,62770,1,1,0,0.0,0,-2458,2623,5081,40,False,1,4,2
Cody Drameh,DEF,Hull City,,0,0,4,0,0.0,281,0.00,0.00,0.00,0.20,13,0,0,0.0,0.0,2026-08-29T14:00:00Z,45,FALSE,7,0,0,0,0,2,0,7175,0,1,0,0.0,1,695,1108,413,40,False,0,3,2
Ryan Giles,DEF,Hull City,,0,0,21,1,0.0,282,0.07,0.07,0.00,1.29,13,0,0,0.0,0.0,2026-08-29T14:00:00Z,90,FALSE,7,0,0,0,0,2,0,90479,1,1,0,0.0,6,8701,12892,4191,40,False,0,2,2
Matty Jacob,DEF,Hull City,,0,0,0,0,0.0,283,0.00,0.00,0.00,0.00,13,0,0,0.0,0.0,2026-08-29T14:00:00Z,0,FALSE,7,0,0,0,0,2,0,1177,0,1,0,0.0,0,-171,57,228,40,False,0,0,2
Cathal McCarthy,DEF,Hull City,,0,0,0,0,0.0,284,0.00,0.00,0.00,0.00,13,0,0,0.0,0.0,2026-08-29T14:00:00Z,0,FALSE,7,0,0,0,0,2,0,8232,0,1,0,0.0,0,-284,675,959,40,False,0,0,2
Paddy McNair,DEF,Hull City,,0,0,0,0,0.0,285,0.00,0.00,0.00,0.00,13,0,0,0.0,0.0,2026-08-29T14:00:00Z,0,FALSE,7,0,0,0,0,2,0,13083,0,1,0,0.0,0,-44,646,690,40,False,0,0,2
Mohamed Belloumi,MID,Hull City,,1,0,23,1,0.0,286,0.02,0.14,0.12,1.11,13,0,0,0.0,0.0,2026-08-29T14:00:00Z,82,FALSE,7,0,0,0,0,2,0,63814,1,1,0,0.0,6,9859,13890,4031,50,False,0,10,2
Liam Millar,MID,Hull City,,0,0,24,0,0.0,287,0.00,0.58,0.58,0.20,13,0,1,0.0,0.0,2026-08-29T14:00:00Z,31,FALSE,7,0,0,0,0,2,0,6233,0,1,0,0.0,6,-682,305,987,50,False,0,1,2
Kieran Dowell,MID,Hull City,,0,0,0,0,0.0,288,0.00,0.00,0.00,0.00,13,0,0,0.0,0.0,2026-08-29T14:00:00Z,0,FALSE,7,0,0,0,0,2,0,35966,0,1,0,0.0,0,-2542,1716,4258,45,False,0,0,2
Matt Crooks,MID,Hull City,,0,0,0,0,0.0,289,0.00,0.00,0.00,0.00,13,0,0,0.0,0.0,2026-08-29T14:00:00Z,0,FALSE,7,0,0,0,0,2,0,71261,0,1,0,0.0,0,4451,10141,5690,45,False,0,0,2
Regan Slater,MID,Hull City,,0,0,6,1,0.0,290,0.01,0.01,0.00,1.29,13,0,0,0.0,0.0,2026-08-29T14:00:00Z,90,FALSE,7,0,0,0,0,2,0,391444,1,1,0,0.0,2,69997,92371,22374,45,False,1,10,2
Eliot Matazo,MID,Hull City,,0,0,0,0,0.0,291,0.00,0.00,0.00,0.00,13,0,0,0.0,0.0,2026-08-29T14:00:00Z,0,FALSE,7,0,0,0,0,2,0,625,0,1,0,0.0,0,-32,64,96,45,False,0,0,2
Abdülkadir Ömür,MID,Hull City,,0,0,0,0,0.0,292,0.00,0.00,0.00,0.00,13,0,0,0.0,0.0,2026-08-29T14:00:00Z,0,FALSE,7,0,0,0,0,2,0,1668,0,1,0,0.0,0,-178,209,387,50,False,0,0,2
Abu Kamara,MID,Hull City,,0,0,0,0,0.0,293,0.00,0.00,0.00,0.00,13,0,0,0.0,0.0,2026-08-29T14:00:00Z,0,FALSE,7,0,0,0,0,2,0,353,0,1,0,0.0,0,-197,0,197,50,False,0,0,2
Óscar Zambrano,MID,Hull City,,0,0,0,0,0.0,294,0.00,0.00,0.00,0.00,13,0,0,0.0,0.0,2026-08-29T14:00:00Z,0,FALSE,7,0,0,0,0,2,0,10090,0,1,0,0.0,0,-1658,491,2149,45,False,0,0,2
Oli McBurnie,FWD,Hull City,,0,0,7,1,0.0,295,0.01,0.01,0.00,1.29,13,0,0,0.0,0.0,2026-08-29T14:00:00Z,90,FALSE,7,0,0,0,0,2,0,219548,1,1,0,0.0,1,66700,82641,15941,55,False,1,4,2
David Akintola,MID,Hull City,,0,0,0,0,0.0,296,0.00,0.00,0.00,0.00,13,0,0,0.0,0.0,2026-08-29T14:00:00Z,0,FALSE,7,0,0,0,0,2,0,4113,0,1,0,0.0,0,-26,914,940,50,False,0,0,2
Darko Gyabi,MID,Hull City,,0,0,0,0,0.0,297,0.00,0.00,0.00,0.00,13,0,0,0.0,0.0,2026-08-29T14:00:00Z,0,FALSE,7,0,0,0,0,2,0,2377,0,1,0,0.0,0,-462,64,526,45,False,0,0,2
Enis Destan,FWD,Hull City,,0,0,0,0,0.0,298,0.00,0.00,0.00,0.00,13,0,0,0.0,0.0,2026-08-29T14:00:00Z,0,FALSE,7,0,0,0,0,2,0,31698,0,1,0,0.0,0,-8866,0,8866,45,False,0,0,2
Mason Burstow,FWD,Hull City,,0,0,0,0,0.0,299,0.00,0.00,0.00,0.00,13,0,0,0.0,0.0,2026-08-29T14:00:00Z,0,FALSE,7,0,0,0,0,2,0,5122,0,1,0,0.0,0,-1210,0,1210,45,False,0,0,2
Joe Gelhardt,MID,Hull City,,0,0,0,0,0.0,340,0.00,0.00,0.00,0.00,13,0,0,0.0,0.0,2026-08-29T14:00:00Z,0,FALSE,7,0,0,0,0,2,0,1160,0,1,0,0.0,0,-243,45,288,50,False,0,0,2
Matt Targett,DEF,Hull City,,0,0,0,0,0.0,556,0.00,0.00,0.00,0.00,13,0,0,0.0,0.0,2026-08-29T14:00:00Z,0,FALSE,7,0,0,0,0,2,0,224749,0,1,0,0.0,0,-10048,5393,15441,40,False,0,0,2
Hidemasa Morita,MID,Hull City,,0,0,6,0,0.0,563,0.00,0.00,0.00,1.09,13,0,0,0.0,0.0,2026-08-29T14:00:00Z,45,FALSE,7,0,0,0,0,2,0,2129,1,1,0,0.0,1,-210,118,328,50,False,0,3,2
Konstantinos Tzolakis,GK,Hull City,,0,3,32,1,0.0,572,0.00,0.00,0.00,1.29,13,0,0,0.0,0.0,2026-08-29T14:00:00Z,90,FALSE,7,0,0,0,0,2,3,301344,1,1,0,0.0,10,89555,101970,12415,45,False,0,0,2
Jens Hjertø-Dahl,MID,Hull City,,0,0,0,0,0.0,574,0.00,0.00,0.00,0.00,13,0,0,0.0,0.0,2026-08-29T14:00:00Z,0,FALSE,7,0,0,0,0,2,0,7716,0,1,0,0.0,0,-662,307,969,50,False,0,0,2
Elliot Stroud,MID,Hull City,,0,0,-2,0,0.0,576,0.01,0.02,0.01,1.09,13,0,0,0.0,0.0,2026-08-29T14:00:00Z,58,FALSE,7,0,0,0,0,2,0,9465,1,1,0,0.0,0,833,1430,597,50,False,1,7,2
Lucas Herrington,DEF,Hull City,,0,0,3,0,0.0,585,0.00,0.00,0.00,0.20,13,0,0,0.0,0.0,2026-08-29T14:00:00Z,31,FALSE,7,0,0,0,0,2,0,63919,0,1,0,0.0,1,-831,2771,3602,40,False,0,1,2
Nobel Mendy,DEF,Hull City,,0,0,9,0,0.0,586,0.00,0.01,0.01,1.09,13,0,0,0.0,0.0,2026-08-29T14:00:00Z,58,FALSE,7,0,0,0,0,2,0,418634,1,1,0,0.0,1,160120,179580,19460,40,False,0,9,2
Lucas Gourna-Douath,MID,Hull City,,0,0,6,0,0.0,589,0.01,0.01,0.00,0.20,13,0,0,0.0,0.0,2026-08-29T14:00:00Z,45,FALSE,7,0,0,0,0,2,0,2781,0,1,0,0.0,1,-178,135,313,50,False,0,6,2
Mohamed-Ali Cho,MID,Hull City,,0,0,3,0,0.0,617,0.00,0.00,0.00,0.18,13,0,0,0.0,0.0,2026-08-29T14:00:00Z,7,FALSE,7,0,0,0,0,2,0,49,0,1,0,0.0,1,23,25,2,50,False,0,0,2
Issa Diop,DEF,Ipswich Town,,0,0,7,0,0.0,259,0.00,0.00,0.00,4.77,18,5,0,0.0,0.0,2026-08-30T15:30:00Z,90,FALSE,16,0,0,0,0,2,0,1683238,1,2,5,0.0,2,-44411,26513,70924,40,False,0,12,2
Saša Lukić,MID,Ipswich Town,,0,0,11,0,0.0,267,0.02,0.04,0.02,3.91,18,4,0,0.0,0.0,2026-08-30T15:30:00Z,72,FALSE,16,0,0,0,0,2,0,12592,1,2,5,0.0,1,-167,1178,1345,50,False,1,11,2
Christian Walton,GK,Ipswich Town,,0,0,0,0,0.0,300,0.00,0.00,0.00,0.00,18,0,0,0.0,0.0,2026-08-30T15:30:00Z,0,FALSE,16,0,0,0,0,2,0,48759,0,2,5,0.0,0,-4363,209,4572,45,False,0,0,2
Alex Palmer,GK,Ipswich Town,,0,0,0,0,0.0,301,0.00,0.00,0.00,0.00,18,0,0,0.0,0.0,2026-08-30T15:30:00Z,0,FALSE,16,0,0,0,0,2,0,442454,0,2,5,0.0,0,-9662,7686,17348,40,False,0,0,2
David Button,GK,Ipswich Town,,0,0,0,0,0.0,302,0.00,0.00,0.00,0.00,18,0,0,0.0,0.0,2026-08-30T15:30:00Z,0,FALSE,16,0,0,0,0,2,0,44640,0,2,5,0.0,0,140,1959,1819,40,False,0,0,2
Cédric Kipré,DEF,Ipswich Town,,0,0,0,0,0.0,303,0.00,0.00,0.00,0.00,18,0,0,0.0,0.0,2026-08-30T15:30:00Z,0,FALSE,16,0,0,0,0,2,0,60443,0,2,5,0.0,0,-4615,332,4947,40,False,0,0,2
Dara O'Shea,DEF,Ipswich Town,,0,0,-14,0,0.0,304,0.01,0.08,0.07,4.77,18,5,0,0.0,0.0,2026-08-30T15:30:00Z,90,FALSE,16,0,0,0,0,2,0,338381,1,2,5,0.0,0,1655,15639,13984,40,False,0,1,2
Leif Davis,DEF,Ipswich Town,,0,0,1,0,0.0,305,0.12,0.66,0.54,4.77,18,5,1,0.0,0.0,2026-08-30T15:30:00Z,90,FALSE,16,0,0,0,0,2,0,482824,1,2,5,0.0,6,-13968,7322,21290,40,False,0,4,2
Jacob Greaves,DEF,Ipswich Town,,0,0,-13,0,0.0,306,0.01,0.01,0.00,4.77,18,5,0,0.0,0.0,2026-08-30T15:30:00Z,90,FALSE,16,1,0,0,0,2,0,141835,1,2,5,0.0,-1,-4475,1636,6111,40,False,1,10,2
Ben Johnson,DEF,Ipswich Town,,0,0,0,0,0.0,307,0.00,0.00,0.00,0.00,18,0,0,0.0,0.0,2026-08-30T15:30:00Z,0,FALSE,16,0,0,0,0,2,0,10501,0,2,5,0.0,0,-595,427,1022,40,False,0,0,2
Darnell Furlong,DEF,Ipswich Town,,0,0,-1,0,0.0,308,0.00,0.00,0.00,0.86,18,1,0,0.0,0.0,2026-08-30T15:30:00Z,17,FALSE,16,0,0,0,0,2,0,59266,0,2,5,0.0,1,-4147,269,4416,40,False,0,3,2
Marcelino Núñez,MID,Ipswich Town,,0,0,6,0,0.0,309,0.02,0.02,0.00,2.85,18,3,0,0.0,0.0,2026-08-30T15:30:00Z,61,FALSE,16,0,0,0,0,2,0,14039,1,2,5,0.0,2,-196,1197,1393,50,False,0,9,2
Azor Matusiwa,MID,Ipswich Town,,0,0,0,0,0.0,310,0.00,0.00,0.00,0.00,18,0,0,0.0,0.0,2026-08-30T15:30:00Z,0,FALSE,16,0,0,0,0,2,0,328,0,2,5,0.0,0,-104,8,112,50,False,0,0,2
Wes Burns,MID,Ipswich Town,,0,0,0,0,0.0,311,0.00,0.00,0.00,0.00,18,0,0,0.0,0.0,2026-08-30T15:30:00Z,0,FALSE,16,0,0,0,0,2,0,366,0,2,5,0.0,0,-191,0,191,50,False,0,0,2
Jack Taylor,MID,Ipswich Town,,0,0,0,0,0.0,312,0.00,0.00,0.00,0.00,18,0,0,0.0,0.0,2026-08-30T15:30:00Z,0,FALSE,16,0,0,0,0,2,0,3887,0,2,5,0.0,0,-772,111,883,45,False,0,0,2
Jack Clarke,MID,Ipswich Town,,0,0,0,0,0.0,313,0.00,0.00,0.00,0.00,18,0,0,0.0,0.0,2026-08-30T15:30:00Z,0,FALSE,16,0,0,0,0,2,0,29170,0,2,5,0.0,0,759,3202,2443,55,False,0,0,2
Chiedozie Ogbene,MID,Ipswich Town,,0,0,0,0,0.0,314,0.00,0.00,0.00,0.00,18,0,0,0.0,0.0,2026-08-30T15:30:00Z,0,FALSE,16,0,0,0,0,2,0,1468,0,2,5,0.0,0,-206,37,243,50,False,0,0,2
Abdul Fatawu,MID,Ipswich Town,,1,0,25,0,0.0,315,0.22,0.22,0.00,4.59,18,5,0,0.0,0.0,2026-08-30T15:30:00Z,82,FALSE,16,0,0,0,0,2,0,21573,1,2,5,0.0,4,-2198,570,2768,55,False,1,4,2
Emersonn Correia da Silva,FWD,Ipswich Town,,0,0,7,0,0.0,316,0.00,0.00,0.00,0.77,18,1,0,0.0,0.0,2026-08-30T15:30:00Z,45,FALSE,16,0,0,0,0,2,0,182058,1,2,5,0.0,1,59997,76807,16810,55,False,0,1,2
George Hirst,FWD,Ipswich Town,,0,0,0,0,0.0,317,0.00,0.00,0.00,0.00,18,0,0,0.0,0.0,2026-08-30T15:30:00Z,0,FALSE,16,0,0,0,0,2,0,16241,0,2,5,0.0,0,-8695,0,8695,50,False,0,0,2
Jaden Philogene,MID,Ipswich Town,,0,0,0,0,0.0,318,0.00,0.00,0.00,0.00,18,0,0,0.0,0.0,2026-08-30T15:30:00Z,0,FALSE,16,0,0,0,0,2,0,12592,0,2,5,0.0,0,-3822,106,3928,55,False,0,0,2
Sam Szmodics,MID,Ipswich Town,,0,0,0,0,0.0,319,0.00,0.00,0.00,0.00,18,0,0,0.0,0.0,2026-08-30T15:30:00Z,0,FALSE,16,0,0,0,0,2,0,615,0,2,5,0.0,0,-409,0,409,50,False,0,0,2
Chuba Akpom,FWD,Ipswich Town,,0,0,30,0,0.0,320,0.00,0.97,0.97,4.01,18,4,1,0.0,0.0,2026-08-30T15:30:00Z,45,FALSE,16,0,0,0,0,2,0,52422,0,2,5,0.0,5,-1625,4625,6250,50,False,0,0,2
Sindre Walle Egeli,FWD,Ipswich Town,,0,0,0,0,0.0,321,0.00,0.00,0.00,0.00,18,0,0,0.0,0.0,2026-08-30T15:30:00Z,0,FALSE,16,0,0,0,0,2,0,247770,0,2,5,0.0,0,17271,40712,23441,45,False,0,0,2
Ali Al-Hamadi,FWD,Ipswich Town,,0,0,0,0,0.0,322,0.00,0.00,0.00,0.00,18,0,0,0.0,0.0,2026-08-30T15:30:00Z,0,FALSE,16,0,0,0,0,2,0,12213,0,2,5,0.0,0,-2247,755,3002,50,False,0,0,2
Kasey McAteer,MID,Ipswich Town,,0,0,3,0,0.0,323,0.00,0.00,0.00,0.18,18,0,0,0.0,0.0,2026-08-30T15:30:00Z,7,FALSE,16,0,0,0,0,2,0,133761,0,2,5,0.0,1,-5950,5615,11565,45,False,0,1,2
Anis Mehmeti,MID,Ipswich Town,,0,0,0,0,0.0,324,0.00,0.00,0.00,0.00,18,0,0,0.0,0.0,2026-08-30T15:30:00Z,0,FALSE,16,0,0,0,0,2,0,4692,0,2,5,0.0,0,-639,47,686,50,False,0,0,2
Kayne van Oevelen,GK,Ipswich Town,,0,0,0,0,0.0,554,0.00,0.00,0.00,0.00,18,0,0,0.0,0.0,2026-08-30T15:30:00Z,0,FALSE,16,0,0,0,0,2,0,3085,0,2,5,0.0,0,-583,54,637,45,False,0,0,2
Daizen Maeda,MID,Ipswich Town,,0,0,10,0,0.0,562,0.01,0.07,0.06,3.91,18,4,0,0.0,0.0,2026-08-30T15:30:00Z,72,FALSE,16,0,0,0,0,2,0,37115,1,2,5,0.0,2,-3302,740,4042,55,False,0,5,2
Kjell Scherpen,GK,Ipswich Town,,0,0,9,0,0.0,564,0.01,0.01,0.00,4.77,18,5,0,0.0,0.0,2026-08-30T15:30:00Z,90,FALSE,16,0,0,0,0,2,6,62701,1,2,5,0.0,2,-2247,1329,3576,45,False,0,0,2
Florentino Ibrain Morris Luís,MID,Ipswich Town,,0,0,0,0,0.0,571,0.00,0.00,0.00,0.00,18,0,0,0.0,0.0,2026-08-30T15:30:00Z,0,FALSE,16,0,0,0,0,2,0,11870,0,2,5,0.0,0,-1993,214,2207,50,False,0,0,2
Julio Enciso,MID,Ipswich Town,,1,0,25,0,0.0,591,0.31,0.71,0.40,4.77,18,5,0,0.0,0.0,2026-08-30T15:30:00Z,90,FALSE,16,0,0,0,0,2,0,48266,1,2,5,0.0,5,13215,17669,4454,55,False,0,8,2
Abdoul Ouattara,DEF,Ipswich Town,,0,0,-1,0,0.0,592,0.00,0.00,0.00,0.86,18,1,0,0.0,0.0,2026-08-30T15:30:00Z,17,FALSE,16,0,0,0,0,2,0,99458,0,2,5,0.0,1,-3097,2769,5866,40,False,0,0,2
Cameron Humphreys,MID,Ipswich Town,,0,0,0,0,0.0,602,0.00,0.00,0.00,0.00,18,0,0,0.0,0.0,2026-08-30T15:30:00Z,0,FALSE,16,0,0,0,0,2,0,3086,0,2,5,0.0,0,942,1275,333,45,False,0,0,2
Exequiel Palacios,MID,Ipswich Town,,0,0,11,0,0.0,619,0.01,0.01,0.00,1.92,18,2,0,0.0,0.0,2026-08-30T15:30:00Z,28,FALSE,16,0,0,0,0,2,0,127,0,2,5,0.0,1,84,89,5,50,False,0,6,2
Harry Wilson,MID,Leeds,,0,0,7,0,0.0,260,0.04,0.05,0.01,1.13,17,0,0,0.0,0.0,2026-08-30T13:00:00Z,45,FALSE,4,0,0,0,0,2,0,557212,0,1,1,0.0,1,-42839,14929,57768,65,True,0,6,2
Lucas Estella Perri,GK,Leeds,,0,0,0,0,0.0,326,0.00,0.00,0.00,0.00,17,0,0,0.0,0.0,2026-08-30T13:00:00Z,0,FALSE,4,0,0,0,0,2,0,54468,0,1,1,0.0,0,-5031,328,5359,45,True,0,0,2
Jaka Bijol,DEF,Leeds,,0,0,0,0,0.0,327,0.00,0.00,0.00,0.55,17,1,0,0.0,0.0,2026-08-30T13:00:00Z,45,FALSE,4,0,0,0,0,2,0,96315,1,1,1,0.0,1,37035,45219,8184,50,True,0,5,2
Joe Rodon,DEF,Leeds,,0,0,4,0,0.0,329,0.00,0.00,0.00,0.35,17,0,0,0.0,0.0,2026-08-30T13:00:00Z,33,FALSE,4,0,0,0,0,2,0,358288,1,1,1,0.0,1,9026,21600,12574,45,True,0,4,2
Jayden Bogle,DEF,Leeds,,0,0,9,0,0.0,330,0.01,0.01,0.00,0.74,17,1,0,0.0,0.0,2026-08-30T13:00:00Z,67,FALSE,4,0,0,0,0,2,0,54809,1,1,1,0.0,2,2801,5925,3124,45,True,0,7,2
Gabriel Gudmundsson,DEF,Leeds,,0,0,0,0,0.0,331,0.00,0.00,0.00,0.00,17,0,0,0.0,0.0,2026-08-30T13:00:00Z,0,FALSE,4,0,0,0,0,2,0,4329,0,1,1,0.0,0,-926,66,992,45,True,0,0,2
James Justin,DEF,Leeds,,0,0,12,0,0.0,332,0.01,0.04,0.03,1.67,17,1,0,0.0,0.0,2026-08-30T13:00:00Z,90,FALSE,4,0,0,0,0,2,0,121554,1,1,1,0.0,2,34143,43534,9391,45,True,0,8,2
Sebastiaan Bornauw,DEF,Leeds,,0,0,0,0,0.0,333,0.00,0.00,0.00,0.00,17,0,0,0.0,0.0,2026-08-30T13:00:00Z,0,FALSE,4,0,0,0,0,2,0,335,0,1,1,0.0,0,-170,0,170,45,True,0,0,2
Tarik Muharemović,DEF,Leeds,,0,0,17,0,0.0,334,0.01,0.01,0.00,1.67,17,1,0,0.0,0.0,2026-08-30T13:00:00Z,90,FALSE,4,0,0,0,0,2,0,336009,1,1,1,0.0,4,9697,21539,11842,50,True,0,19,2
Anton Stach,MID,Leeds,,0,0,13,0,0.0,335,0.01,0.08,0.07,1.67,17,1,0,0.0,0.0,2026-08-30T13:00:00Z,90,FALSE,4,0,0,0,0,2,0,255319,1,1,1,0.0,4,67665,81344,13679,60,True,0,16,2
Noah Okafor,MID,Leeds,,0,0,11,0,0.0,336,0.01,0.09,0.08,0.74,17,1,0,0.0,0.0,2026-08-30T13:00:00Z,68,FALSE,4,0,0,0,0,2,0,40559,1,1,1,0.0,2,-7813,1355,9168,60,True,0,2,2
Brenden Aaronson,MID,Leeds,,0,0,6,0,0.0,337,0.01,0.01,0.00,0.55,17,1,0,0.0,0.0,2026-08-30T13:00:00Z,45,FALSE,4,0,0,0,0,2,0,85405,1,1,1,0.0,1,-5840,2593,8433,55,True,0,3,2
Ethan Ampadu,MID,Leeds,,0,0,12,0,0.0,338,0.09,0.10,0.01,1.67,17,1,0,0.0,0.0,2026-08-30T13:00:00Z,90,FALSE,4,0,0,0,0,2,0,133624,1,1,1,0.0,2,-4850,4591,9441,55,True,0,10,2
Sean Longstaff,MID,Leeds,,0,0,0,0,0.0,339,0.00,0.00,0.00,0.00,17,0,0,0.0,0.0,2026-08-30T13:00:00Z,0,FALSE,4,0,0,0,0,2,0,12723,0,1,1,0.0,0,-1056,575,1631,50,True,0,0,2
Wilfried Gnonto,MID,Leeds,,0,0,0,0,0.0,341,0.00,0.00,0.00,0.00,17,0,0,0.0,0.0,2026-08-30T13:00:00Z,0,FALSE,4,0,0,0,0,2,0,1522,0,1,1,0.0,0,-678,18,696,50,True,0,0,2
Jack Harrison,MID,Leeds,,0,0,0,0,0.0,342,0.00,0.00,0.00,0.00,17,0,0,0.0,0.0,2026-08-30T13:00:00Z,0,FALSE,4,0,0,0,0,2,0,98,0,1,1,0.0,0,-36,0,36,50,True,0,0,2
Daniel James,MID,Leeds,,0,0,2,0,0.0,343,0.01,0.25,0.24,0.93,17,0,0,0.0,0.0,2026-08-30T13:00:00Z,22,FALSE,4,0,0,0,0,2,0,11703,0,1,1,0.0,1,-873,863,1736,50,True,0,2,2
Ilia Gruev,MID,Leeds,,0,0,0,0,0.0,344,0.00,0.00,0.00,0.00,17,0,0,0.0,0.0,2026-08-30T13:00:00Z,0,FALSE,4,0,0,0,0,2,0,362,0,1,1,0.0,0,-120,9,129,50,True,0,0,2
Tanaka Ao,MID,Leeds,,0,0,6,0,0.0,345,0.01,0.01,0.00,1.13,17,0,0,0.0,0.0,2026-08-30T13:00:00Z,45,FALSE,4,0,0,0,0,2,0,21386,0,1,1,0.0,1,-3334,899,4233,50,True,0,11,2
Dominic Calvert-Lewin,FWD,Leeds,,0,2,31,0,0.0,346,0.02,0.94,0.92,1.67,17,1,1,0.0,0.0,2026-08-30T13:00:00Z,90,FALSE,4,0,0,0,0,2,0,2823193,1,1,1,0.0,8,-104622,84314,188936,60,True,0,4,2
Lukas Nmecha,FWD,Leeds,,1,0,18,0,0.0,347,0.00,0.10,0.10,0.93,17,0,0,0.0,0.0,2026-08-30T13:00:00Z,21,FALSE,4,0,0,0,0,2,0,51231,0,1,1,0.0,4,-7627,1917,9544,55,True,0,1,2
Joël Piroe,FWD,Leeds,,0,0,0,0,0.0,348,0.00,0.00,0.00,0.00,17,0,0,0.0,0.0,2026-08-30T13:00:00Z,0,FALSE,4,0,0,0,0,2,0,11733,0,1,1,0.0,0,-5351,0,5351,50,True,0,0,2
Mateo Joseph Fernández-Regatillo,FWD,Leeds,,0,0,0,0,0.0,349,0.00,0.00,0.00,0.00,17,0,0,0.0,0.0,2026-08-30T13:00:00Z,0,FALSE,4,0,0,0,0,2,0,5489,0,1,1,0.0,0,-726,325,1051,45,True,0,0,2
James Trafford,GK,Leeds,,0,0,20,0,0.0,385,0.00,0.00,0.00,1.67,17,1,0,0.0,0.0,2026-08-30T13:00:00Z,90,FALSE,4,0,0,0,0,2,4,437245,1,1,1,0.0,3,48690,63794,15104,50,True,0,0,2
Nico Elvedi,DEF,Leeds,,0,0,9,0,0.0,598,0.00,0.00,0.00,1.32,17,1,0,0.0,0.0,2026-08-30T13:00:00Z,56,FALSE,4,0,0,0,0,2,0,2511,0,1,1,0.0,1,75,354,279,45,True,0,6,2
Jayden Lienou,DEF,Leeds,,0,0,0,0,0.0,603,0.00,0.00,0.00,0.00,17,0,0,0.0,0.0,2026-08-30T13:00:00Z,0,FALSE,4,0,0,0,0,2,0,7187,0,1,1,0.0,0,1169,1488,319,40,True,0,0,2
Alfie Cresswell,MID,Leeds,,0,0,0,0,0.0,604,0.00,0.00,0.00,0.00,17,0,0,0.0,0.0,2026-08-30T13:00:00Z,0,FALSE,4,0,0,0,0,2,0,7215,0,1,1,0.0,0,2319,3029,710,45,True,0,0,2
Alex Cairns,GK,Leeds,,0,0,0,0,0.0,625,0.00,0.00,0.00,0.00,17,0,0,0.0,0.0,2026-08-30T13:00:00Z,0,FALSE,4,0,0,0,0,2,0,0,0,1,1,0.0,0,0,0,0,40,True,0,0,2
Alisson Becker,GK,Liverpool,,0,0,-5,0,0.0,350,0.00,0.00,0.00,2.30,14,2,0,0.0,0.0,2026-08-29T11:30:00Z,90,FALSE,18,0,0,0,0,2,1,377543,1,2,2,0.0,0,4084,25307,21223,55,True,1,0,2
Giorgi Mamardashvili,GK,Liverpool,,0,0,0,0,0.0,351,0.00,0.00,0.00,0.00,14,0,0,0.0,0.0,2026-08-29T11:30:00Z,0,FALSE,18,0,0,0,0,2,0,15032,0,2,2,0.0,0,-1380,658,2038,50,True,0,0,2
Freddie Woodman,GK,Liverpool,,0,0,0,0,0.0,352,0.00,0.00,0.00,0.00,14,0,0,0.0,0.0,2026-08-29T11:30:00Z,0,FALSE,18,0,0,0,0,2,0,107195,0,2,2,0.0,0,-2260,3263,5523,40,True,0,0,2
Armin Pecsi,GK,Liverpool,,0,0,0,0,0.0,353,0.00,0.00,0.00,0.00,14,0,0,0.0,0.0,2026-08-29T11:30:00Z,0,FALSE,18,0,0,0,0,2,0,2467,0,2,2,0.0,0,-448,0,448,40,True,0,0,2
Vitezslav Jaros,GK,Liverpool,,0,0,0,0,0.0,354,0.00,0.00,0.00,0.00,14,0,0,0.0,0.0,2026-08-29T11:30:00Z,0,FALSE,18,0,0,0,0,2,0,1453,0,2,2,0.0,0,-16,163,179,40,True,0,0,2
Harvey Davies,GK,Liverpool,,0,0,0,0,0.0,355,0.00,0.00,0.00,0.00,14,0,0,0.0,0.0,2026-08-29T11:30:00Z,0,FALSE,18,0,0,0,0,2,0,13945,0,2,2,0.0,0,-69,644,713,40,True,0,0,2
Virgil van Dijk,DEF,Liverpool,,0,0,5,0,0.0,356,0.03,0.03,0.00,2.30,14,2,0,0.0,0.0,2026-08-29T11:30:00Z,90,FALSE,18,0,0,0,0,2,0,1939518,1,2,2,0.0,1,-4506,74614,79120,65,True,0,7,2
Jeremie Frimpong,DEF,Liverpool,,0,0,9,0,0.0,357,0.02,0.02,0.00,2.23,14,2,0,0.0,0.0,2026-08-29T11:30:00Z,70,FALSE,18,0,0,0,0,2,0,339802,1,2,2,0.0,1,-9049,24520,33569,55,True,0,6,2
Milos Kerkez,DEF,Liverpool,,0,0,9,0,0.0,358,0.01,0.01,0.00,2.23,14,2,0,0.0,0.0,2026-08-29T11:30:00Z,70,FALSE,18,0,0,0,0,2,0,347978,1,2,2,0.0,1,-18742,15645,34387,55,True,0,8,2
Joe Gomez,DEF,Liverpool,,0,0,0,0,0.0,359,0.00,0.00,0.00,0.00,14,0,0,0.0,0.0,2026-08-29T11:30:00Z,0,FALSE,18,0,0,0,0,2,0,1606,0,2,2,0.0,0,-330,79,409,50,True,0,0,2
Conor Bradley,DEF,Liverpool,,0,0,0,0,0.0,360,0.00,0.00,0.00,0.00,14,0,0,0.0,0.0,2026-08-29T11:30:00Z,0,FALSE,18,0,0,0,0,2,0,1023,0,2,2,0.0,0,-140,79,219,50,True,0,0,2
Wellity Lucky,DEF,Liverpool,,0,0,0,0,0.0,361,0.00,0.00,0.00,0.00,14,0,0,0.0,0.0,2026-08-29T11:30:00Z,0,FALSE,18,0,0,0,0,2,0,11947,0,2,2,0.0,0,-529,608,1137,40,True,0,0,2
Jeremy Jacquet,DEF,Liverpool,,0,0,13,0,0.0,362,0.05,0.05,0.00,2.23,14,2,0,0.0,0.0,2026-08-29T11:30:00Z,76,FALSE,18,0,0,0,0,2,0,235410,1,2,2,0.0,3,4556,22712,18156,50,True,0,11,2
Giovanni Leoni,DEF,Liverpool,,0,0,0,0,0.0,363,0.00,0.00,0.00,0.00,14,0,0,0.0,0.0,2026-08-29T11:30:00Z,0,FALSE,18,0,0,0,0,2,0,4039,0,2,2,0.0,0,-337,182,519,40,True,0,0,2
Kostas Tsimikas,DEF,Liverpool,,0,0,4,0,0.0,364,0.01,0.05,0.04,0.07,14,0,0,0.0,0.0,2026-08-29T11:30:00Z,19,FALSE,18,0,0,0,0,2,0,7352,0,2,2,0.0,1,-643,339,982,50,True,0,0,2
Calvin Ramsay,DEF,Liverpool,,0,0,0,0,0.0,365,0.00,0.00,0.00,0.00,14,0,0,0.0,0.0,2026-08-29T11:30:00Z,0,FALSE,18,0,0,0,0,2,0,18344,0,2,2,0.0,0,-3114,638,3752,40,True,0,0,2
Florian Wirtz,MID,Liverpool,,1,0,23,0,0.0,366,0.20,0.43,0.23,2.30,14,2,0,0.0,0.0,2026-08-29T11:30:00Z,90,FALSE,18,0,0,0,0,2,0,1118328,1,2,2,0.0,4,-98339,24923,123262,75,True,1,10,2
Cody Gakpo,MID,Liverpool,,1,0,21,0,0.0,367,0.65,0.65,0.00,2.23,14,2,0,0.0,0.0,2026-08-29T11:30:00Z,70,FALSE,18,0,0,0,0,2,0,653797,1,2,2,0.0,5,177953,205704,27751,70,True,0,3,2
Dominik Szoboszlai,MID,Liverpool,,0,0,24,0,0.0,368,0.17,0.33,0.16,2.30,14,2,0,0.0,0.0,2026-08-29T11:30:00Z,90,FALSE,18,0,0,0,0,2,0,4309636,1,2,2,0.0,4,177598,245003,67405,70,True,0,13,2
Rio Ngumoha,MID,Liverpool,,0,0,5,0,0.0,369,0.03,0.03,0.00,0.07,14,0,0,0.0,0.0,2026-08-29T11:30:00Z,19,FALSE,18,0,0,0,0,2,0,106917,0,2,2,0.0,1,-9330,5547,14877,60,True,0,0,2
Federico Chiesa,MID,Liverpool,,0,0,0,0,0.0,370,0.00,0.00,0.00,0.00,14,0,0,0.0,0.0,2026-08-29T11:30:00Z,0,FALSE,18,0,0,0,0,2,0,10863,0,2,2,0.0,0,-2965,585,3550,55,True,0,0,2
Ryan Gravenberch,MID,Liverpool,,0,0,7,0,0.0,371,0.01,0.01,0.00,0.07,14,0,0,0.0,0.0,2026-08-29T11:30:00Z,19,FALSE,18,0,0,0,0,2,0,196536,0,2,2,0.0,1,-178,15005,15183,60,True,0,1,2
Alexis Mac Allister,MID,Liverpool,,0,0,10,0,0.0,372,0.39,0.39,0.00,2.23,14,2,0,0.0,0.0,2026-08-29T11:30:00Z,76,FALSE,18,0,0,0,0,2,0,156781,1,2,2,0.0,2,-14941,6567,21508,55,True,0,10,2
Curtis Jones,MID,Liverpool,,0,0,0,0,0.0,373,0.00,0.00,0.00,0.00,14,0,0,0.0,0.0,2026-08-29T11:30:00Z,0,FALSE,18,0,0,0,0,2,0,3769,0,2,2,0.0,0,-1095,33,1128,55,True,0,0,2
Endo Wataru,MID,Liverpool,,0,0,0,0,0.0,374,0.00,0.00,0.00,0.00,14,0,0,0.0,0.0,2026-08-29T11:30:00Z,0,FALSE,18,0,0,0,0,2,0,6389,0,2,2,0.0,0,-500,485,985,50,True,0,0,2
Trey Nyoni,MID,Liverpool,,0,0,3,0,0.0,375,0.00,0.00,0.00,0.07,14,0,0,0.0,0.0,2026-08-29T11:30:00Z,13,FALSE,18,0,0,0,0,2,0,3607,0,2,2,0.0,1,-534,139,673,50,True,0,5,2
Stefan Bajčetić Maquieira,MID,Liverpool,,0,0,0,0,0.0,376,0.00,0.00,0.00,0.00,14,0,0,0.0,0.0,2026-08-29T11:30:00Z,0,FALSE,18,0,0,0,0,2,0,173,0,2,2,0.0,0,-21,8,29,50,True,0,0,2
Victor Munoz,MID,Liverpool,,0,0,24,0,0.0,377,0.19,0.51,0.32,2.30,14,2,1,0.0,0.0,2026-08-29T11:30:00Z,90,FALSE,18,0,0,0,0,2,0,60184,1,2,2,0.0,6,573,6486,5913,65,True,1,7,2
James McConnell,MID,Liverpool,,0,0,0,0,0.0,378,0.00,0.00,0.00,0.00,14,0,0,0.0,0.0,2026-08-29T11:30:00Z,0,FALSE,18,0,0,0,0,2,0,25168,0,2,2,0.0,0,-2017,883,2900,45,True,0,0,2
Alexander Isak,FWD,Liverpool,,0,2,30,0,0.0,379,0.00,0.99,0.99,2.30,14,2,1,0.0,0.0,2026-08-29T11:30:00Z,90,FALSE,18,0,0,0,0,2,0,1629014,1,2,2,0.0,8,-28097,73036,101133,90,True,0,1,2
Hugo Ekitiké,FWD,Liverpool,,0,0,0,0,0.0,380,0.00,0.00,0.00,0.00,14,0,0,0.0,0.0,2026-08-29T11:30:00Z,0,FALSE,18,0,0,0,0,2,0,14299,0,2,2,0.0,0,-3098,709,3807,75,True,0,0,2
Lewis Koumas,MID,Liverpool,,0,0,0,0,0.0,381,0.00,0.00,0.00,0.00,14,0,0,0.0,0.0,2026-08-29T11:30:00Z,0,FALSE,18,0,0,0,0,2,0,2137,0,2,2,0.0,0,-54,156,210,50,True,0,0,2
Jayden Danns,FWD,Liverpool,,0,0,0,0,0.0,382,0.00,0.00,0.00,0.00,14,0,0,0.0,0.0,2026-08-29T11:30:00Z,0,FALSE,18,0,0,0,0,2,0,3423,0,2,2,0.0,0,-253,309,562,45,True,0,0,2
Harvey Elliott,MID,Liverpool,,0,0,0,0,0.0,383,0.00,0.00,0.00,0.00,14,0,0,0.0,0.0,2026-08-29T11:30:00Z,0,FALSE,18,0,0,0,0,2,0,7117,0,2,2,0.0,0,-836,380,1216,55,True,0,0,2
Ronald Araujo,DEF,Liverpool,,0,0,-1,0,0.0,579,0.01,0.01,0.00,0.07,14,0,0,0.0,0.0,2026-08-29T11:30:00Z,13,FALSE,18,0,0,0,0,2,0,267054,0,2,2,0.0,0,-9867,23907,33774,55,True,1,1,2
Jack Grealish,MID,Man City,,0,0,0,0,0.0,238,0.00,0.00,0.00,0.00,11,0,0,0.0,0.0,2026-08-28T19:00:00Z,0,FALSE,8,0,0,0,0,2,0,21085,0,4,1,0.0,0,-1201,1202,2403,65,False,0,0,2
Gianluigi Donnarumma,GK,Man City,,0,0,5,0,0.0,384,0.00,0.00,0.00,0.66,11,1,0,0.0,0.0,2026-08-28T19:00:00Z,90,FALSE,8,1,0,0,0,2,1,828113,1,4,1,0.0,0,-10944,34008,44952,55,False,0,0,2
Marcus Bettinelli,GK,Man City,,0,0,0,0,0.0,386,0.00,0.00,0.00,0.00,11,0,0,0.0,0.0,2026-08-28T19:00:00Z,0,FALSE,8,0,0,0,0,2,0,2853,0,4,1,0.0,0,-101,135,236,45,False,0,0,2
Nico O'Reilly,DEF,Man City,,0,0,11,0,0.0,387,0.02,0.04,0.02,0.66,11,1,0,0.0,0.0,2026-08-28T19:00:00Z,88,FALSE,8,0,0,0,0,2,0,2068744,1,4,1,0.0,2,-38546,68784,107330,65,False,0,1,2
Marc Guéhi,DEF,Man City,,0,0,12,0,0.0,388,0.04,0.04,0.00,0.66,11,1,0,0.0,0.0,2026-08-28T19:00:00Z,90,FALSE,8,0,0,0,0,2,0,1952448,1,4,1,0.0,2,140987,182745,41758,60,False,0,5,2
Matheus Nunes,DEF,Man City,,0,0,0,0,0.0,389,0.00,0.00,0.00,0.00,11,0,0,0.0,0.0,2026-08-28T19:00:00Z,0,FALSE,8,0,0,0,0,2,0,142089,0,4,1,0.0,0,-14462,3031,17493,60,False,0,0,2
Rúben dos Santos Gato Alves Dias,DEF,Man City,,0,0,19,0,0.0,390,0.57,0.66,0.09,0.66,11,1,0,0.0,0.0,2026-08-28T19:00:00Z,90,FALSE,8,0,0,0,0,2,0,176387,1,4,1,0.0,2,-2699,9858,12557,55,False,0,6,2
Joško Gvardiol,DEF,Man City,,1,0,18,0,0.0,391,0.04,0.04,0.00,0.66,11,1,0,0.0,0.0,2026-08-28T19:00:00Z,74,FALSE,8,0,0,0,0,2,0,1383738,1,4,1,0.0,5,193061,228418,35357,55,False,0,2,2
Rayan Aït-Nouri,DEF,Man City,,0,0,0,0,0.0,392,0.00,0.00,0.00,0.00,11,0,0,0.0,0.0,2026-08-28T19:00:00Z,0,FALSE,8,0,0,0,0,2,0,77633,0,4,1,0.0,0,-14163,2616,16779,55,False,0,0,2
Abdukodir Khusanov,DEF,Man City,,0,0,17,0,0.0,393,0.02,0.02,0.00,0.66,11,1,0,0.0,0.0,2026-08-28T19:00:00Z,88,FALSE,8,0,0,0,0,2,0,170855,1,4,1,0.0,2,-8451,6086,14537,55,False,0,7,2
Max Alleyne,DEF,Man City,,0,0,0,0,0.0,394,0.00,0.00,0.00,0.00,11,0,0,0.0,0.0,2026-08-28T19:00:00Z,0,FALSE,8,0,0,0,0,2,0,720,0,4,1,0.0,0,-357,0,357,50,False,0,0,2
Rico Lewis,DEF,Man City,,0,0,0,0,0.0,395,0.00,0.00,0.00,0.00,11,0,0,0.0,0.0,2026-08-28T19:00:00Z,0,FALSE,8,0,0,0,0,2,0,25045,0,4,1,0.0,0,1097,3620,2523,45,False,0,0,2
Vitor de Oliveira Nunes dos Reis,DEF,Man City,,0,0,3,0,0.0,396,0.00,0.00,0.00,0.00,11,0,0,0.0,0.0,2026-08-28T19:00:00Z,1,FALSE,8,0,0,0,0,2,0,2034,0,4,1,0.0,1,-138,102,240,45,False,0,0,2
Antoine Semenyo,MID,Man City,,1,0,33,0,0.0,397,0.57,0.63,0.06,0.66,11,1,0,0.0,0.0,2026-08-28T19:00:00Z,90,FALSE,8,0,0,0,0,2,0,2377196,1,4,1,0.0,5,-124110,49100,173210,85,False,0,3,2
Phil Foden,MID,Man City,,2,1,38,0,0.0,398,0.45,1.32,0.87,0.66,11,1,0,0.0,0.0,2026-08-28T19:00:00Z,90,FALSE,8,0,0,0,0,2,0,400716,1,4,1,0.0,9,-26374,20147,46521,70,False,0,7,2
Rayan Cherki,MID,Man City,,0,3,60,0,0.0,399,0.55,0.90,0.35,0.66,11,1,2,0.0,0.0,2026-08-28T19:00:00Z,81,FALSE,8,0,0,0,0,2,0,1073154,1,4,1,0.0,14,161916,203318,41402,75,False,1,3,2
Jérémy Doku,MID,Man City,,0,0,0,0,0.0,400,0.00,0.00,0.00,0.00,11,0,0,0.0,0.0,2026-08-28T19:00:00Z,0,FALSE,8,0,0,0,0,2,0,122950,0,4,1,0.0,0,-69521,494,70015,75,False,0,0,2
Rodrigo 'Rodri' Hernandez Cascante,MID,Man City,,0,0,0,0,0.0,402,0.00,0.00,0.00,0.00,11,0,0,0.0,0.0,2026-08-28T19:00:00Z,0,FALSE,8,0,0,0,0,2,0,1526,0,4,1,0.0,0,-796,0,796,65,False,0,0,2
Tijjani Reijnders,MID,Man City,,0,0,0,0,0.0,404,0.00,0.00,0.00,0.00,11,0,0,0.0,0.0,2026-08-28T19:00:00Z,0,FALSE,8,0,0,0,0,2,0,5966,0,4,1,0.0,0,-5624,0,5624,60,False,0,0,2
Mateo Kovačić,MID,Man City,,0,0,9,0,0.0,406,0.01,0.01,0.00,0.00,11,0,0,0.0,0.0,2026-08-28T19:00:00Z,15,FALSE,8,0,0,0,0,2,0,8589,0,4,1,0.0,1,-460,829,1289,55,False,0,0,2
Claudio Echeverri,MID,Man City,,0,0,0,0,0.0,407,0.00,0.00,0.00,0.00,11,0,0,0.0,0.0,2026-08-28T19:00:00Z,0,FALSE,8,0,0,0,0,2,0,1653,0,4,1,0.0,0,-204,93,297,50,False,0,0,2
Kalvin Phillips,MID,Man City,,0,0,0,0,0.0,408,0.00,0.00,0.00,0.00,11,0,0,0.0,0.0,2026-08-28T19:00:00Z,0,FALSE,8,0,0,0,0,2,0,762,0,4,1,0.0,0,-305,0,305,50,False,0,0,2
Divine Mukasa,MID,Man City,,0,0,0,0,0.0,409,0.00,0.00,0.00,0.00,11,0,0,0.0,0.0,2026-08-28T19:00:00Z,0,FALSE,8,0,0,0,0,2,0,17482,0,4,1,0.0,0,-1559,927,2486,45,False,0,0,2
Jeremy Monga,MID,Man City,,0,0,0,0,0.0,410,0.00,0.00,0.00,0.00,11,0,0,0.0,0.0,2026-08-28T19:00:00Z,0,FALSE,8,0,0,0,0,2,0,1523,0,4,1,0.0,0,-207,76,283,50,False,0,0,2
Erling Haaland,FWD,Man City,,0,3,60,0,0.0,411,0.00,0.66,0.66,0.66,11,1,2,0.0,0.0,2026-08-28T19:00:00Z,90,FALSE,8,0,0,0,0,2,0,6731685,1,4,1,0.0,13,-34247,69605,103852,155,False,0,5,2
Elliot Anderson,MID,Man City,,0,0,25,0,0.0,481,0.22,0.29,0.07,0.66,11,1,0,0.0,0.0,2026-08-28T19:00:00Z,81,FALSE,8,0,0,0,0,2,0,597491,1,4,1,0.0,3,-143069,10236,153305,64,False,1,14,2
Gerónimo Rulli,GK,Man City,,0,0,0,0,0.0,587,0.00,0.00,0.00,0.00,11,0,0,0.0,0.0,2026-08-28T19:00:00Z,0,FALSE,8,0,0,0,0,2,0,2020,0,4,1,0.0,0,-130,94,224,50,False,0,0,2
Ayyoub Bouaddi,MID,Man City,,0,0,3,0,0.0,616,0.12,0.12,0.00,0.00,11,0,0,0.0,0.0,2026-08-28T19:00:00Z,8,FALSE,8,0,0,0,0,2,0,4327,0,4,1,0.0,1,2706,3055,349,55,False,0,1,2
Ryan McAidoo,MID,Man City,,0,0,3,0,0.0,621,0.00,0.10,0.10,0.00,11,0,0,0.0,0.0,2026-08-28T19:00:00Z,8,FALSE,8,0,0,0,0,2,0,0,0,4,1,0.0,1,0,0,0,45,False,0,0,2
Kaden Braithwaite,DEF,Man City,,0,0,3,0,0.0,622,0.00,0.00,0.00,0.00,11,0,0,0.0,0.0,2026-08-28T19:00:00Z,1,FALSE,8,0,0,0,0,2,0,0,0,4,1,0.0,1,0,0,0,40,False,0,0,2
Youri Tielemans,MID,Man Utd,,0,0,26,0,0.0,43,0.11,0.58,0.47,2.06,18,2,0,0.0,0.0,2026-08-30T15:30:00Z,90,FALSE,12,0,0,0,0,2,0,232262,1,2,5,0.0,4,-23073,12631,35704,60,True,0,13,2
Carlos Baleba,MID,Man Utd,,0,0,0,0,0.0,131,0.00,0.00,0.00,0.00,18,0,0,0.0,0.0,2026-08-30T15:30:00Z,0,FALSE,12,0,0,0,0,2,0,17743,0,2,5,0.0,0,-2097,2324,4421,50,True,0,0,2
Andrey Nascimento dos Santos,MID,Man Utd,,0,0,2,0,0.0,162,0.00,0.00,0.00,1.00,18,1,0,0.0,0.0,2026-08-30T15:30:00Z,10,FALSE,12,0,0,0,0,2,0,96490,0,2,5,0.0,1,-7693,7456,15149,50,True,0,5,2
Karl Darlow,GK,Man Utd,,0,0,0,0,0.0,325,0.00,0.00,0.00,0.00,18,0,0,0.0,0.0,2026-08-30T15:30:00Z,0,FALSE,12,0,0,0,0,2,0,3863,0,2,5,0.0,0,-15,242,257,45,True,0,0,2
Senne Lammens,GK,Man Utd,,0,0,11,0,0.0,412,0.00,0.00,0.00,2.06,18,2,0,0.0,0.0,2026-08-30T15:30:00Z,90,FALSE,12,0,0,0,0,2,3,1543070,1,2,5,0.0,2,-53896,34714,88610,50,True,0,0,2
Altay Bayındır,GK,Man Utd,,0,0,0,0,0.0,413,0.00,0.00,0.00,0.00,18,0,0,0.0,0.0,2026-08-30T15:30:00Z,0,FALSE,12,0,0,0,0,2,0,1739,0,2,5,0.0,0,-588,0,588,45,True,0,0,2
Tom Heaton,GK,Man Utd,,0,0,0,0,0.0,414,0.00,0.00,0.00,0.00,18,0,0,0.0,0.0,2026-08-30T15:30:00Z,0,FALSE,12,0,0,0,0,2,0,8703,0,2,5,0.0,0,-790,215,1005,40,True,0,0,2
Patrick Dorgu,MID,Man Utd,,0,0,4,0,0.0,415,0.01,0.19,0.18,1.00,18,1,0,0.0,0.0,2026-08-30T15:30:00Z,10,FALSE,12,0,0,0,0,2,0,107542,0,2,5,0.0,1,-23853,4808,28661,60,True,0,2,2
Matthijs de Ligt,DEF,Man Utd,,0,0,0,0,0.0,416,0.00,0.00,0.00,0.00,18,0,0,0.0,0.0,2026-08-30T15:30:00Z,0,FALSE,12,0,0,0,0,2,0,2498,0,2,5,0.0,0,-381,117,498,50,True,0,0,2
Diogo Dalot Teixeira,DEF,Man Utd,,0,0,12,0,0.0,417,0.12,0.27,0.15,1.06,18,1,0,0.0,0.0,2026-08-30T15:30:00Z,73,FALSE,12,0,0,0,0,2,0,242125,1,2,5,0.0,2,-25442,8190,33632,50,True,0,4,2
Harry Maguire,DEF,Man Utd,,1,0,13,0,0.0,418,0.01,0.04,0.03,2.06,18,2,0,0.0,0.0,2026-08-30T15:30:00Z,90,FALSE,12,0,0,0,0,2,0,1686850,1,2,5,0.0,4,-53358,52953,106311,50,True,0,5,2
Lisandro Martínez,DEF,Man Utd,,0,0,2,0,0.0,419,0.06,0.09,0.03,2.06,18,2,0,0.0,0.0,2026-08-30T15:30:00Z,90,FALSE,12,0,0,0,0,2,0,127444,1,2,5,0.0,1,-12800,6775,19575,50,True,0,0,2
Leny Yoro,DEF,Man Utd,,0,0,-2,0,0.0,420,0.01,0.01,0.00,1.00,18,1,0,0.0,0.0,2026-08-30T15:30:00Z,16,FALSE,12,0,0,0,0,2,0,62806,0,2,5,0.0,1,-9208,1536,10744,50,True,0,2,2
Ayden Heaven,DEF,Man Utd,,0,0,0,0,0.0,421,0.00,0.00,0.00,0.00,18,0,0,0.0,0.0,2026-08-30T15:30:00Z,0,FALSE,12,0,0,0,0,2,0,40184,0,2,5,0.0,0,-1103,3088,4191,45,True,0,0,2
Noussair Mazraoui,DEF,Man Utd,,0,0,-1,0,0.0,422,0.00,0.00,0.00,1.00,18,1,0,0.0,0.0,2026-08-30T15:30:00Z,17,FALSE,12,0,0,0,0,2,0,70057,0,2,5,0.0,1,-238,5854,6092,45,True,0,0,2
Luke Shaw,DEF,Man Utd,,0,0,12,0,0.0,423,0.02,0.02,0.00,1.06,18,1,0,0.0,0.0,2026-08-30T15:30:00Z,72,FALSE,12,0,0,0,0,2,0,1935721,1,2,5,0.0,2,-74162,42927,117089,45,True,0,8,2
Harry Amass,DEF,Man Utd,,0,0,0,0,0.0,424,0.00,0.00,0.00,0.00,18,0,0,0.0,0.0,2026-08-30T15:30:00Z,0,FALSE,12,0,0,0,0,2,0,19337,0,2,5,0.0,0,-1093,888,1981,40,True,0,0,2
Tyler Fredricson,DEF,Man Utd,,0,0,0,0,0.0,425,0.00,0.00,0.00,0.00,18,0,0,0.0,0.0,2026-08-30T15:30:00Z,0,FALSE,12,0,0,0,0,2,0,1885,0,2,5,0.0,0,-680,0,680,40,True,0,0,2
Bruno Borges Fernandes,MID,Man Utd,,1,3,87,0,0.0,426,0.48,2.50,2.02,2.06,18,2,3,0.0,0.0,2026-08-30T15:30:00Z,90,FALSE,12,0,0,0,0,2,0,4770471,1,2,5,0.0,23,-180062,48518,228580,120,True,0,8,2
Bryan Mbeumo,MID,Man Utd,,1,2,37,0,0.0,427,0.21,1.97,1.76,2.06,18,2,1,0.0,0.0,2026-08-30T15:30:00Z,90,FALSE,12,0,0,0,0,2,0,3537164,1,2,5,0.0,11,-137963,82225,220188,80,True,1,5,2
Matheus Santos Carneiro da Cunha,MID,Man Utd,,2,1,31,0,0.0,428,0.15,0.26,0.11,1.06,18,1,0,0.0,0.0,2026-08-30T15:30:00Z,79,FALSE,12,0,0,0,0,2,0,924196,1,2,5,0.0,9,-66103,26854,92957,80,True,0,2,2
Marcus Rashford,MID,Man Utd,,0,0,17,0,0.0,429,0.05,0.31,0.26,1.06,18,1,0,0.0,0.0,2026-08-30T15:30:00Z,79,FALSE,12,0,0,0,0,2,0,165554,1,2,5,0.0,2,-7014,15064,22078,70,True,0,6,2
Mason Mount,MID,Man Utd,,0,0,0,0,0.0,430,0.00,0.00,0.00,0.00,18,0,0,0.0,0.0,2026-08-30T15:30:00Z,0,FALSE,12,0,0,0,0,2,0,2752,0,2,5,0.0,0,-660,35,695,55,True,0,0,2
Amad Diallo,MID,Man Utd,,0,0,0,0,0.0,431,0.00,0.00,0.00,0.00,18,0,0,0.0,0.0,2026-08-30T15:30:00Z,0,FALSE,12,0,0,0,0,2,0,91945,0,2,5,0.0,0,-57883,1576,59459,59,True,0,0,2
Kobbie Mainoo,MID,Man Utd,,0,0,25,0,0.0,432,0.27,0.41,0.14,1.06,18,1,0,0.0,0.0,2026-08-30T15:30:00Z,79,FALSE,12,0,0,0,0,2,0,93316,1,2,5,0.0,4,-10233,3460,13693,55,True,0,15,2
Manuel Ugarte Ribeiro,MID,Man Utd,,0,0,0,0,0.0,433,0.00,0.00,0.00,0.00,18,0,0,0.0,0.0,2026-08-30T15:30:00Z,0,FALSE,12,0,0,0,0,2,0,348,0,2,5,0.0,0,-64,24,88,50,True,0,0,2
Jack Fletcher,MID,Man Utd,,0,0,0,0,0.0,434,0.00,0.00,0.00,0.00,18,0,0,0.0,0.0,2026-08-30T15:30:00Z,0,FALSE,12,0,0,0,0,2,0,1094,0,2,5,0.0,0,-128,41,169,50,True,0,0,2
Shea Lacey,MID,Man Utd,,0,0,0,0,0.0,435,0.00,0.00,0.00,0.00,18,0,0,0.0,0.0,2026-08-30T15:30:00Z,0,FALSE,12,0,0,0,0,2,0,4851,0,2,5,0.0,0,-263,327,590,50,True,0,0,2
Toby Collyer,MID,Man Utd,,0,0,0,0,0.0,436,0.00,0.00,0.00,0.00,18,0,0,0.0,0.0,2026-08-30T15:30:00Z,0,FALSE,12,0,0,0,0,2,0,1667,0,2,5,0.0,0,-174,60,234,50,True,0,0,2
Bendito Mantato,MID,Man Utd,,0,0,0,0,0.0,437,0.00,0.00,0.00,0.00,18,0,0,0.0,0.0,2026-08-30T15:30:00Z,0,FALSE,12,0,0,0,0,2,0,17670,0,2,5,0.0,0,-1410,961,2371,45,True,0,0,2
Tyler Fletcher,MID,Man Utd,,0,0,0,0,0.0,438,0.00,0.00,0.00,0.00,18,0,0,0.0,0.0,2026-08-30T15:30:00Z,0,FALSE,12,0,0,0,0,2,0,32667,0,2,5,0.0,0,-2656,1328,3984,45,True,0,0,2
Benjamin Sesko,FWD,Man Utd,,0,0,5,0,0.0,439,0.01,0.01,0.00,1.00,18,1,0,0.0,0.0,2026-08-30T15:30:00Z,10,FALSE,12,0,0,0,0,2,0,181866,0,2,5,0.0,1,15428,30554,15126,70,True,0,3,2
Joshua Zirkzee,FWD,Man Utd,,0,0,0,0,0.0,440,0.00,0.00,0.00,0.00,18,0,0,0.0,0.0,2026-08-30T15:30:00Z,0,FALSE,12,0,0,0,0,2,0,51589,0,2,5,0.0,0,-11086,2045,13131,55,True,0,0,2
Chido Obi,FWD,Man Utd,,0,0,0,0,0.0,441,0.00,0.00,0.00,0.00,18,0,0,0.0,0.0,2026-08-30T15:30:00Z,0,FALSE,12,0,0,0,0,2,0,109991,0,2,5,0.0,0,-5253,6316,11569,45,True,0,0,2
Nico González Iglesias,MID,Newcastle,,0,0,9,1,0.0,405,0.20,0.20,0.00,0.74,15,0,0,0.0,0.0,2026-08-29T16:30:00Z,70,FALSE,19,0,0,0,0,2,0,15669,1,2,0,0.0,2,645,2387,1742,55,False,1,4,2
Nick Pope,GK,Newcastle,,0,0,0,0,0.0,442,0.00,0.00,0.00,0.00,15,0,0,0.0,0.0,2026-08-29T16:30:00Z,0,FALSE,19,0,0,0,0,2,0,124934,0,2,0,0.0,0,-9598,2706,12304,50,False,0,0,2
Mark Gillespie,GK,Newcastle,,0,0,0,0,0.0,443,0.00,0.00,0.00,0.00,15,0,0,0.0,0.0,2026-08-29T16:30:00Z,0,FALSE,19,0,0,0,0,2,0,3435,0,2,0,0.0,0,-69,162,231,45,False,0,0,2
Ewen Jaouen,GK,Newcastle,,0,0,0,0,0.0,444,0.00,0.00,0.00,0.00,15,0,0,0.0,0.0,2026-08-29T16:30:00Z,0,FALSE,19,0,0,0,0,2,0,2775,0,2,0,0.0,0,-224,124,348,45,False,0,0,2
Malick Thiaw,DEF,Newcastle,,0,0,25,1,0.0,445,0.02,0.02,0.00,1.12,15,0,0,0.0,0.0,2026-08-29T16:30:00Z,90,FALSE,19,0,0,0,0,2,0,175248,1,2,0,0.0,6,8900,19798,10898,50,False,0,3,2
Fabian Schär,DEF,Newcastle,,0,0,0,0,0.0,446,0.00,0.00,0.00,0.00,15,0,0,0.0,0.0,2026-08-29T16:30:00Z,0,FALSE,19,0,0,0,0,2,0,26250,0,2,0,0.0,0,10,1895,1885,50,False,0,0,2
Sven Botman,DEF,Newcastle,,0,0,22,1,0.0,447,0.00,0.01,0.01,1.12,15,0,0,0.0,0.0,2026-08-29T16:30:00Z,90,FALSE,19,0,0,0,0,2,0,52947,1,2,0,0.0,5,5603,8885,3282,50,False,1,5,2
Dan Burn,DEF,Newcastle,,0,0,0,0,0.0,448,0.00,0.00,0.00,0.00,15,0,0,0.0,0.0,2026-08-29T16:30:00Z,0,FALSE,19,0,0,0,0,2,0,159459,0,2,0,0.0,0,-69064,6247,75311,50,False,0,0,2
Lewis Hall,DEF,Newcastle,,0,3,52,1,0.0,449,0.31,0.34,0.03,1.12,15,0,0,0.0,0.0,2026-08-29T16:30:00Z,90,FALSE,19,0,0,0,0,2,0,411061,1,2,0,0.0,11,33265,52701,19436,50,False,0,13,2
Tino Livramento,DEF,Newcastle,,0,0,0,0,0.0,450,0.00,0.00,0.00,0.00,15,0,0,0.0,0.0,2026-08-29T16:30:00Z,0,FALSE,19,0,0,0,0,2,0,3475,0,2,0,0.0,0,-1137,91,1228,50,False,0,0,2
Alex Murphy,DEF,Newcastle,,0,0,0,0,0.0,451,0.00,0.00,0.00,0.00,15,0,0,0.0,0.0,2026-08-29T16:30:00Z,0,FALSE,19,0,0,0,0,2,0,9468,0,2,0,0.0,0,-3276,0,3276,40,False,0,0,2
Harvey Barnes,MID,Newcastle,,0,0,9,1,0.0,453,0.01,0.05,0.04,1.12,15,0,0,0.0,0.0,2026-08-29T16:30:00Z,90,FALSE,19,0,0,0,0,2,0,113402,1,2,0,0.0,3,4665,14995,10330,60,False,0,4,2
Anthony Elanga,MID,Newcastle,,0,0,32,1,0.0,454,0.10,0.30,0.20,0.74,15,0,1,0.0,0.0,2026-08-29T16:30:00Z,81,FALSE,19,0,0,0,0,2,0,215548,1,2,0,0.0,8,83568,95441,11873,60,False,0,3,2
Jacob Ramsey,MID,Newcastle,,0,0,3,0,0.0,456,0.13,0.13,0.00,0.38,15,0,0,0.0,0.0,2026-08-29T16:30:00Z,8,FALSE,19,0,0,0,0,2,0,34073,0,2,0,0.0,1,-3238,1442,4680,50,False,0,1,2
Jacob Murphy,MID,Newcastle,,0,0,3,0,0.0,457,0.20,0.20,0.00,0.38,15,0,0,0.0,0.0,2026-08-29T16:30:00Z,8,FALSE,19,0,0,0,0,2,0,15641,0,2,0,0.0,1,-1965,717,2682,60,False,0,3,2
Joelinton Cássio Apolinário de Lira,MID,Newcastle,,0,0,0,0,0.0,458,0.00,0.00,0.00,0.00,15,0,0,0.0,0.0,2026-08-29T16:30:00Z,0,FALSE,19,0,0,0,0,2,0,2722,0,2,0,0.0,0,-1020,48,1068,55,False,0,0,2
Lewis Miley,MID,Newcastle,,0,0,16,1,0.0,459,0.04,0.04,0.00,1.12,15,0,0,0.0,0.0,2026-08-29T16:30:00Z,90,FALSE,19,0,0,0,0,2,0,6985,1,2,0,0.0,3,857,1391,534,55,False,0,9,2
Joe Willock,MID,Newcastle,,0,0,0,1,0.0,460,0.02,0.09,0.07,0.74,15,0,0,0.0,0.0,2026-08-29T16:30:00Z,70,FALSE,19,0,0,0,0,2,0,24746,1,2,0,0.0,3,6831,8763,1932,50,False,0,2,2
Bazoumana Touré,MID,Newcastle,,0,0,3,0,0.0,461,0.00,0.00,0.00,0.00,15,0,0,0.0,0.0,2026-08-29T16:30:00Z,1,FALSE,19,0,0,0,0,2,0,20967,0,2,0,0.0,1,-3945,513,4458,60,False,0,0,2
Sean Steur,MID,Newcastle,,0,0,4,0,0.0,462,0.00,0.00,0.00,0.38,15,0,0,0.0,0.0,2026-08-29T16:30:00Z,19,FALSE,19,0,0,0,0,2,0,10539,0,2,0,0.0,1,-238,762,1000,50,False,0,3,2
Nick Woltemade,FWD,Newcastle,,1,0,18,0,0.0,463,0.01,0.03,0.02,0.38,15,0,0,0.0,0.0,2026-08-29T16:30:00Z,19,FALSE,19,0,0,0,0,2,0,150038,0,2,0,0.0,4,-23591,7193,30784,60,False,0,0,2
Yoane Wissa,FWD,Newcastle,,0,2,37,1,0.0,464,0.00,0.35,0.35,0.74,15,0,1,0.0,0.0,2026-08-29T16:30:00Z,81,FALSE,19,0,0,0,0,2,0,359321,1,2,0,0.0,8,134869,158957,24088,60,False,0,6,2
William Osula,FWD,Newcastle,,0,0,0,0,0.0,465,0.00,0.00,0.00,0.00,15,0,0,0.0,0.0,2026-08-29T16:30:00Z,0,FALSE,19,0,0,0,0,2,0,90550,0,2,0,0.0,0,-6163,20344,26507,60,False,0,0,2
Sean Neave,FWD,Newcastle,,0,0,0,0,0.0,466,0.00,0.00,0.00,0.00,15,0,0,0.0,0.0,2026-08-29T16:30:00Z,0,FALSE,19,0,0,0,0,2,0,75688,0,2,0,0.0,0,-1647,6478,8125,45,False,0,0,2
Aladji Bamba,MID,Newcastle,,0,0,0,0,0.0,559,0.00,0.00,0.00,0.00,15,0,0,0.0,0.0,2026-08-29T16:30:00Z,0,FALSE,19,0,0,0,0,2,0,13188,0,2,0,0.0,0,-977,690,1667,50,False,0,0,2
Lukás Hornícek,GK,Newcastle,,0,0,32,1,0.0,567,0.00,0.00,0.00,1.12,15,0,0,0.0,0.0,2026-08-29T16:30:00Z,90,FALSE,19,0,0,0,0,2,4,70807,1,2,0,0.0,7,1279,5537,4258,50,False,0,0,2
Amar Dedic,DEF,Newcastle,,1,2,37,1,0.0,593,0.06,0.06,0.00,1.12,15,0,0,0.0,0.0,2026-08-29T16:30:00Z,90,FALSE,19,0,0,0,0,2,0,36928,1,2,0,0.0,11,8203,10359,2156,45,False,0,8,2
Leo Shahar,DEF,Newcastle,,0,0,0,0,0.0,609,0.00,0.00,0.00,0.00,15,0,0,0.0,0.0,2026-08-29T16:30:00Z,0,FALSE,19,0,0,0,0,2,0,11777,0,2,0,0.0,0,3348,3993,645,40,False,0,0,2
Liam Delap,FWD,Nott'm Forest,,0,0,9,0,0.0,167,0.00,0.07,0.07,0.33,14,1,0,0.0,0.0,2026-08-29T11:30:00Z,24,FALSE,14,0,0,0,0,2,0,48067,0,2,2,0.0,1,175,7740,7565,55,False,0,0,2
Matz Sels,GK,Nott'm Forest,,0,0,6,0,0.0,467,0.01,0.01,0.00,1.75,14,2,0,0.0,0.0,2026-08-29T11:30:00Z,90,FALSE,14,0,0,0,0,2,2,148147,1,2,2,0.0,1,-8396,3350,11746,50,False,0,0,2
John Victor Maciel Furtado,GK,Nott'm Forest,,0,0,0,0,0.0,468,0.00,0.00,0.00,0.00,14,0,0,0.0,0.0,2026-08-29T11:30:00Z,0,FALSE,14,0,0,0,0,2,0,6338,0,2,2,0.0,0,-288,178,466,45,False,0,0,2
Neco Williams,DEF,Nott'm Forest,,1,0,16,0,0.0,469,0.15,0.27,0.12,1.75,14,2,0,0.0,0.0,2026-08-29T11:30:00Z,90,FALSE,14,0,0,0,0,2,0,880209,1,2,2,0.0,6,-67984,14150,82134,50,False,0,12,2
Felipe Rodrigues da Silva,DEF,Nott'm Forest,,0,0,0,0,0.0,470,0.00,0.00,0.00,0.00,14,0,0,0.0,0.0,2026-08-29T11:30:00Z,0,FALSE,14,0,0,0,0,2,0,4633,0,2,2,0.0,0,-437,230,667,50,False,0,0,2
Nikola Milenković,DEF,Nott'm Forest,,0,0,3,0,0.0,471,0.00,0.00,0.00,1.75,14,2,0,0.0,0.0,2026-08-29T11:30:00Z,90,FALSE,14,0,0,0,0,2,0,176049,1,2,2,0.0,3,-14450,2591,17041,55,False,0,13,2
Murillo Costa dos Santos,DEF,Nott'm Forest,,0,0,2,0,0.0,472,0.00,0.18,0.18,1.75,14,2,0,0.0,0.0,2026-08-29T11:30:00Z,90,FALSE,14,0,0,0,0,2,0,162661,1,2,2,0.0,1,-3257,8580,11837,55,False,0,6,2
Ola Aina,DEF,Nott'm Forest,,0,0,2,0,0.0,473,0.35,0.35,0.00,1.75,14,2,0,0.0,0.0,2026-08-29T11:30:00Z,85,FALSE,14,0,0,0,0,2,0,345943,1,2,2,0.0,0,-5067,17770,22837,45,False,1,5,2
Jair Paula da Cunha Filho,DEF,Nott'm Forest,,0,0,6,0,0.0,474,0.00,0.00,0.00,1.75,14,2,0,0.0,0.0,2026-08-29T11:30:00Z,90,FALSE,14,0,0,0,0,2,0,21029,1,2,2,0.0,1,-1300,259,1559,45,False,0,8,2
Nicolò Savona,DEF,Nott'm Forest,,0,0,0,0,0.0,475,0.00,0.00,0.00,0.00,14,0,0,0.0,0.0,2026-08-29T11:30:00Z,0,FALSE,14,0,0,0,0,2,0,304,0,2,2,0.0,0,65,113,48,45,False,0,0,2
Omar Richards,DEF,Nott'm Forest,,0,0,0,0,0.0,476,0.00,0.00,0.00,0.00,14,0,0,0.0,0.0,2026-08-29T11:30:00Z,0,FALSE,14,0,0,0,0,2,0,23167,0,2,2,0.0,0,-1513,495,2008,40,False,0,0,2
Zach Abbott,DEF,Nott'm Forest,,0,0,0,0,0.0,477,0.00,0.00,0.00,0.00,14,0,0,0.0,0.0,2026-08-29T11:30:00Z,0,FALSE,14,0,0,0,0,2,0,24822,0,2,2,0.0,0,-1227,996,2223,40,False,0,0,2
Luca Netz,DEF,Nott'm Forest,,0,0,5,0,0.0,478,0.00,0.00,0.00,0.00,14,0,0,0.0,0.0,2026-08-29T11:30:00Z,4,FALSE,14,0,0,0,0,2,0,3516,0,2,2,0.0,1,-176,112,288,45,False,0,1,2
Tyler Bindon,DEF,Nott'm Forest,,0,0,0,0,0.0,479,0.00,0.00,0.00,0.00,14,0,0,0.0,0.0,2026-08-29T11:30:00Z,0,FALSE,14,0,0,0,0,2,0,18138,0,2,2,0.0,0,-1052,365,1417,40,False,0,0,2
Morgan Gibbs-White,MID,Nott'm Forest,,1,3,36,0,0.0,480,0.04,0.83,0.79,1.75,14,2,1,0.0,0.0,2026-08-29T11:30:00Z,90,FALSE,14,0,0,0,0,2,0,815842,1,2,2,0.0,13,-274313,8780,283093,80,False,0,5,2
Callum Hudson-Odoi,MID,Nott'm Forest,,0,0,2,0,0.0,482,0.00,0.00,0.00,0.00,14,0,0,0.0,0.0,2026-08-29T11:30:00Z,1,FALSE,14,0,0,0,0,2,0,21667,0,2,2,0.0,1,-4758,726,5484,60,False,0,0,2
Dan Ndoye,MID,Nott'm Forest,,0,2,30,0,0.0,483,0.63,0.98,0.35,1.42,14,1,1,0.0,0.0,2026-08-29T11:30:00Z,65,FALSE,14,0,0,0,0,2,0,39501,1,2,2,0.0,9,-3771,1491,5262,55,False,0,9,2
Omari Hutchinson,MID,Nott'm Forest,,0,0,0,0,0.0,484,0.00,0.00,0.00,0.00,14,0,0,0.0,0.0,2026-08-29T11:30:00Z,0,FALSE,14,0,0,0,0,2,0,15837,0,2,2,0.0,0,-2032,214,2246,55,False,0,0,2
Dilane Bakwa,MID,Nott'm Forest,,0,0,0,0,0.0,485,0.00,0.00,0.00,0.00,14,0,0,0.0,0.0,2026-08-29T11:30:00Z,0,FALSE,14,0,0,0,0,2,0,1297,0,2,2,0.0,0,-298,107,405,55,False,0,0,2
James McAtee,MID,Nott'm Forest,,0,0,16,0,0.0,486,0.16,0.16,0.00,1.75,14,2,0,0.0,0.0,2026-08-29T11:30:00Z,90,FALSE,14,0,0,0,0,2,0,5218,1,2,2,0.0,2,199,674,475,55,False,0,8,2
Nicolás Domínguez,MID,Nott'm Forest,,0,0,3,0,0.0,487,0.00,0.00,0.00,0.00,14,0,0,0.0,0.0,2026-08-29T11:30:00Z,1,FALSE,14,0,0,0,0,2,0,7613,0,2,2,0.0,1,-848,214,1062,50,False,0,0,2
Ibrahim Sangaré,MID,Nott'm Forest,,0,0,0,0,0.0,488,0.00,0.00,0.00,0.00,14,0,0,0.0,0.0,2026-08-29T11:30:00Z,0,FALSE,14,0,0,0,0,2,0,88298,0,2,2,0.0,0,-15127,2850,17977,50,False,0,0,2
Ryan Yates,MID,Nott'm Forest,,0,0,0,0,0.0,489,0.00,0.00,0.00,0.00,14,0,0,0.0,0.0,2026-08-29T11:30:00Z,0,FALSE,14,0,0,0,0,2,0,142945,0,2,2,0.0,0,-35340,1743,37083,45,False,0,0,2
Chris Wood,FWD,Nott'm Forest,,0,0,0,0,0.0,490,0.00,0.00,0.00,0.00,14,0,0,0.0,0.0,2026-08-29T11:30:00Z,0,FALSE,14,0,0,0,0,2,0,152998,0,2,2,0.0,0,-24782,4569,29351,60,False,0,0,2
Igor Jesus Maciel da Cruz,FWD,Nott'm Forest,,0,0,4,0,0.0,491,0.04,0.78,0.74,1.75,14,2,0,0.0,0.0,2026-08-29T11:30:00Z,90,FALSE,14,0,0,0,0,2,0,361702,1,2,2,0.0,1,-48313,10237,58550,60,False,1,5,2
Arnaud Kalimuendo,FWD,Nott'm Forest,,0,0,0,0,0.0,493,0.00,0.00,0.00,0.00,14,0,0,0.0,0.0,2026-08-29T11:30:00Z,0,FALSE,14,0,0,0,0,2,0,5177,0,2,2,0.0,0,-418,339,757,55,False,0,0,2
Xaver Schlager,MID,Nott'm Forest,,0,0,15,0,0.0,558,0.00,0.05,0.05,1.75,14,2,0,0.0,0.0,2026-08-29T11:30:00Z,90,FALSE,14,0,0,0,0,2,0,9781,1,2,2,0.0,4,-986,158,1144,50,False,0,15,2
Ousmane Diomande,DEF,Nott'm Forest,,0,0,0,0,0.0,581,0.00,0.00,0.00,0.00,14,0,0,0.0,0.0,2026-08-29T11:30:00Z,0,FALSE,14,0,0,0,0,2,0,71062,0,2,2,0.0,0,-8617,3484,12101,55,False,0,0,2
Steven Benda,GK,Nott'm Forest,,0,0,0,0,0.0,590,0.00,0.00,0.00,0.00,14,0,0,0.0,0.0,2026-08-29T11:30:00Z,0,FALSE,14,0,0,0,0,2,0,6630,0,2,2,0.0,0,81,625,544,45,False,0,0,2
Jan Paul van Hecke,DEF,Spurs,,0,0,9,0,0.0,112,0.03,0.14,0.11,0.72,15,2,0,0.0,0.0,2026-08-29T16:30:00Z,90,FALSE,17,0,0,0,0,2,0,945549,1,2,0,0.0,1,-62164,36604,98768,50,True,0,8,2
Omar Marmoush,FWD,Spurs,,0,0,14,0,0.0,401,0.07,0.24,0.17,0.72,15,2,0,0.0,0.0,2026-08-29T16:30:00Z,90,FALSE,17,0,0,0,0,2,0,131884,1,2,0,0.0,2,20447,39808,19361,70,True,0,4,2
Sávio Moreira de Oliveira,MID,Spurs,,0,0,0,0,0.0,403,0.00,0.00,0.00,0.00,15,0,0,0.0,0.0,2026-08-29T16:30:00Z,0,FALSE,17,0,0,0,0,2,0,92925,0,2,0,0.0,0,48883,55747,6864,65,True,0,0,2
Sandro Tonali,MID,Spurs,,0,0,16,0,0.0,455,0.02,0.07,0.05,0.72,15,2,0,0.0,0.0,2026-08-29T16:30:00Z,74,FALSE,17,0,0,0,0,2,0,369291,1,2,0,0.0,2,-38097,14119,52216,55,True,0,4,2
Guglielmo Vicario,GK,Spurs,,0,0,0,0,0.0,494,0.00,0.00,0.00,0.00,15,0,0,0.0,0.0,2026-08-29T16:30:00Z,0,FALSE,17,0,0,0,0,2,0,23872,0,2,0,0.0,0,-11437,0,11437,45,True,0,0,2
Brandon Austin,GK,Spurs,,0,0,0,0,0.0,495,0.00,0.00,0.00,0.00,15,0,0,0.0,0.0,2026-08-29T16:30:00Z,0,FALSE,17,0,0,0,0,2,0,88358,0,2,0,0.0,0,-490,3212,3702,40,True,0,0,2
Antonín Kinský,GK,Spurs,,0,0,4,0,0.0,496,0.00,0.00,0.00,0.72,15,2,0,0.0,0.0,2026-08-29T16:30:00Z,90,FALSE,17,0,0,0,0,2,0,2247365,1,2,0,0.0,1,-41526,40625,82151,45,True,0,0,2
Martin Dubravka,GK,Spurs,,0,0,0,0,0.0,497,0.00,0.00,0.00,0.00,15,0,0,0.0,0.0,2026-08-29T16:30:00Z,0,FALSE,17,0,0,0,0,2,0,1835588,0,2,0,0.0,0,-28731,35086,63817,40,True,0,0,2
Marcos Senesi Barón,DEF,Spurs,,0,0,0,0,0.0,498,0.00,0.00,0.00,0.00,15,0,0,0.0,0.0,2026-08-29T16:30:00Z,0,FALSE,17,0,0,0,0,2,0,746751,0,2,0,0.0,0,-48293,15942,64235,60,True,0,0,2
Pedro Porro Sauceda,DEF,Spurs,,0,0,1,0,0.0,499,0.10,0.43,0.33,0.72,15,2,0,0.0,0.0,2026-08-29T16:30:00Z,90,FALSE,17,0,0,0,0,2,0,1331308,1,2,0,0.0,1,-296944,20574,317518,55,True,0,4,2
Cristian Romero,DEF,Spurs,,0,0,0,0,0.0,500,0.00,0.00,0.00,0.00,15,0,0,0.0,0.0,2026-08-29T16:30:00Z,0,FALSE,17,0,0,0,0,2,0,14805,0,2,0,0.0,0,-10779,0,10779,50,True,0,0,2
Kevin Danso,DEF,Spurs,,0,0,0,0,0.0,501,0.00,0.00,0.00,0.00,15,0,0,0.0,0.0,2026-08-29T16:30:00Z,0,FALSE,17,0,0,0,0,2,0,17484,0,2,0,0.0,0,-1412,1020,2432,50,True,0,0,2
Andrew Robertson,DEF,Spurs,,0,0,7,0,0.0,502,0.02,0.08,0.06,0.48,15,1,0,0.0,0.0,2026-08-29T16:30:00Z,67,FALSE,17,0,0,0,0,2,0,379457,1,2,0,0.0,2,-1127,22171,23298,45,True,0,3,2
Micky van de Ven,DEF,Spurs,,0,0,5,0,0.0,503,0.02,0.02,0.00,0.72,15,2,0,0.0,0.0,2026-08-29T16:30:00Z,90,FALSE,17,0,0,0,0,2,0,422798,1,2,0,0.0,0,-116329,8374,124703,50,True,1,8,2
Djed Spence,DEF,Spurs,,0,0,0,0,0.0,505,0.00,0.00,0.00,0.00,15,0,0,0.0,0.0,2026-08-29T16:30:00Z,0,FALSE,17,0,0,0,0,2,0,46576,0,2,0,0.0,0,-45782,0,45782,45,True,0,0,2
Destiny Udogie,DEF,Spurs,,0,0,2,0,0.0,506,0.19,0.19,0.00,0.24,15,1,0,0.0,0.0,2026-08-29T16:30:00Z,22,FALSE,17,0,0,0,0,2,0,47523,0,2,0,0.0,1,-3007,1685,4692,45,True,0,1,2
Ashley Phillips,DEF,Spurs,,0,0,0,0,0.0,507,0.00,0.00,0.00,0.00,15,0,0,0.0,0.0,2026-08-29T16:30:00Z,0,FALSE,17,0,0,0,0,2,0,1903,0,2,0,0.0,0,-658,0,658,45,True,0,0,2
Ben Davies,DEF,Spurs,,0,0,0,0,0.0,508,0.00,0.00,0.00,0.00,15,0,0,0.0,0.0,2026-08-29T16:30:00Z,0,FALSE,17,0,0,0,0,2,0,102932,0,2,0,0.0,0,-6106,2877,8983,40,True,0,0,2
Jun'ai Byfield,DEF,Spurs,,0,0,0,0,0.0,509,0.00,0.00,0.00,0.00,15,0,0,0.0,0.0,2026-08-29T16:30:00Z,0,FALSE,17,0,0,0,0,2,0,5341,0,2,0,0.0,0,-239,319,558,40,True,0,0,2
James Rowswell,DEF,Spurs,,0,0,0,0,0.0,510,0.00,0.00,0.00,0.00,15,0,0,0.0,0.0,2026-08-29T16:30:00Z,0,FALSE,17,0,0,0,0,2,0,7895,0,2,0,0.0,0,-360,335,695,40,True,0,0,2
João Victor de Souza Menezes,DEF,Spurs,,0,0,0,0,0.0,511,0.00,0.00,0.00,0.00,15,0,0,0.0,0.0,2026-08-29T16:30:00Z,0,FALSE,17,0,0,0,0,2,0,29162,0,2,0,0.0,0,-1501,1193,2694,40,True,0,0,2
Mohammed Kudus,MID,Spurs,,0,0,4,0,0.0,512,0.01,0.05,0.04,0.24,15,1,0,0.0,0.0,2026-08-29T16:30:00Z,22,FALSE,17,0,0,0,0,2,0,6789,0,2,0,0.0,1,-2137,269,2406,65,True,0,2,2
Xavi Simons,MID,Spurs,,0,0,0,0,0.0,513,0.00,0.00,0.00,0.00,15,0,0,0.0,0.0,2026-08-29T16:30:00Z,0,FALSE,17,0,0,0,0,2,0,1453,0,2,0,0.0,0,-279,77,356,60,True,0,0,2
Mathys Tel,MID,Spurs,,0,0,10,0,0.0,514,0.03,0.17,0.14,0.48,15,1,0,0.0,0.0,2026-08-29T16:30:00Z,67,FALSE,17,0,0,0,0,2,0,48495,1,2,0,0.0,2,-6287,4174,10461,60,True,0,3,2
James Maddison,MID,Spurs,,0,0,0,0,0.0,515,0.00,0.00,0.00,0.00,15,0,0,0.0,0.0,2026-08-29T16:30:00Z,0,FALSE,17,0,0,0,0,2,0,96409,0,2,0,0.0,0,-34300,2686,36986,65,True,0,0,2
Rodrigo Bentancur,MID,Spurs,,0,0,17,0,0.0,516,0.02,0.02,0.00,0.72,15,2,0,0.0,0.0,2026-08-29T16:30:00Z,90,FALSE,17,0,0,0,0,2,0,18887,1,2,0,0.0,2,-1429,602,2031,55,True,0,11,2
Wilson Odobert,MID,Spurs,,0,0,0,0,0.0,517,0.00,0.00,0.00,0.00,15,0,0,0.0,0.0,2026-08-29T16:30:00Z,0,FALSE,17,0,0,0,0,2,0,121,0,2,0,0.0,0,-3,16,19,55,True,0,0,2
Pape Matar Sarr,MID,Spurs,,0,0,0,0,0.0,518,0.00,0.00,0.00,0.00,15,0,0,0.0,0.0,2026-08-29T16:30:00Z,0,FALSE,17,0,0,0,0,2,0,15118,0,2,0,0.0,0,-10351,113,10464,49,True,0,0,2
Conor Gallagher,MID,Spurs,,0,0,0,0,0.0,519,0.00,0.00,0.00,0.00,15,0,0,0.0,0.0,2026-08-29T16:30:00Z,0,FALSE,17,0,0,0,0,2,0,27438,0,2,0,0.0,0,-3439,1208,4647,55,True,0,0,2
Lucas Bergvall,MID,Spurs,,0,0,0,0,0.0,520,0.00,0.00,0.00,0.00,15,0,0,0.0,0.0,2026-08-29T16:30:00Z,0,FALSE,17,0,0,0,0,2,0,20234,0,2,0,0.0,0,-1564,635,2199,55,True,0,0,2
Dejan Kulusevski,MID,Spurs,,0,0,0,0,0.0,521,0.00,0.00,0.00,0.00,15,0,0,0.0,0.0,2026-08-29T16:30:00Z,0,FALSE,17,0,0,0,0,2,0,939,0,2,0,0.0,0,-166,75,241,65,True,0,0,2
Archie Gray,MID,Spurs,,0,0,9,0,0.0,522,0.00,0.00,0.00,0.48,15,1,0,0.0,0.0,2026-08-29T16:30:00Z,67,FALSE,17,0,0,0,0,2,0,22329,1,2,0,0.0,2,-833,1711,2544,50,True,0,6,2
Mikey Moore,MID,Spurs,,0,0,1,0,0.0,523,0.00,0.02,0.02,0.24,15,1,0,0.0,0.0,2026-08-29T16:30:00Z,22,FALSE,17,0,0,0,0,2,0,19021,0,2,0,0.0,1,-107,2419,2526,50,True,0,1,2
Callum Olusesi,MID,Spurs,,0,0,0,0,0.0,524,0.00,0.00,0.00,0.00,15,0,0,0.0,0.0,2026-08-29T16:30:00Z,0,FALSE,17,0,0,0,0,2,0,79923,0,2,0,0.0,0,-7298,2014,9312,45,True,0,0,2
Mateus Fernandes,MID,Spurs,,0,0,18,0,0.0,525,0.17,0.18,0.01,0.72,15,2,0,0.0,0.0,2026-08-29T16:30:00Z,90,FALSE,17,0,0,0,0,2,0,160253,1,2,0,0.0,2,-26800,4529,31329,60,True,0,8,2
Dominic Solanke-Mitchell,FWD,Spurs,,0,0,6,0,0.0,526,0.00,0.20,0.20,0.00,15,0,0,0.0,0.0,2026-08-29T16:30:00Z,15,FALSE,17,0,0,0,0,2,0,131276,0,2,0,0.0,1,-12606,8212,20818,60,True,0,0,2
Richarlison de Andrade,FWD,Spurs,,0,0,0,0,0.0,527,0.00,0.00,0.00,0.00,15,0,0,0.0,0.0,2026-08-29T16:30:00Z,0,FALSE,17,0,0,0,0,2,0,275481,0,2,0,0.0,0,-31748,14723,46471,60,True,0,0,2
Dane Scarlett,FWD,Spurs,,0,0,0,0,0.0,528,0.00,0.00,0.00,0.00,15,0,0,0.0,0.0,2026-08-29T16:30:00Z,0,FALSE,17,0,0,0,0,2,0,172295,0,2,0,0.0,0,-3996,13184,17180,45,True,0,0,2
Luca Williams-Barnett,MID,Spurs,,0,0,0,0,0.0,601,0.00,0.00,0.00,0.00,15,0,0,0.0,0.0,2026-08-29T16:30:00Z,0,FALSE,17,0,0,0,0,2,0,7704,0,2,0,0.0,0,2052,2636,584,45,True,0,0,2
Robin Roefs,GK,Sunderland,,0,0,22,1,0.0,529,0.00,0.00,0.00,0.95,19,0,0,0.0,0.0,2026-08-30T13:00:00Z,90,FALSE,10,0,0,0,0,2,0,389022,1,0,1,0.0,6,-25568,4766,30334,50,True,0,0,2
Anthony Patterson,GK,Sunderland,,0,0,0,0,0.0,530,0.00,0.00,0.00,0.00,19,0,0,0.0,0.0,2026-08-30T13:00:00Z,0,FALSE,10,0,0,0,0,2,0,16075,0,0,1,0.0,0,-2307,0,2307,40,True,0,0,2
Melker Ellborg,GK,Sunderland,,0,0,0,0,0.0,531,0.00,0.00,0.00,0.00,19,0,0,0.0,0.0,2026-08-30T13:00:00Z,0,FALSE,10,0,0,0,0,2,0,8877,0,0,1,0.0,0,-645,209,854,45,True,0,0,2
Daniel Ballard,DEF,Sunderland,,0,0,27,1,0.0,532,0.00,0.03,0.03,0.95,19,0,0,0.0,0.0,2026-08-30T13:00:00Z,90,FALSE,10,0,0,0,0,2,0,495946,1,0,1,0.0,8,-36906,12798,49704,50,True,0,10,2
Nordi Mukiele,DEF,Sunderland,,0,1,28,1,0.0,533,0.01,0.01,0.00,0.95,19,0,0,0.0,0.0,2026-08-30T13:00:00Z,90,FALSE,10,0,0,0,0,2,0,244003,1,0,1,0.0,9,-32999,5588,38587,55,True,0,19,2
Trai Hume,DEF,Sunderland,,0,0,24,1,0.0,534,0.01,0.01,0.00,0.95,19,0,0,0.0,0.0,2026-08-30T13:00:00Z,90,FALSE,10,0,0,0,0,2,0,631620,1,0,1,0.0,6,-23752,13619,37371,45,True,0,6,2
Omar Alderete,DEF,Sunderland,,0,0,0,0,0.0,535,0.00,0.00,0.00,0.00,19,0,0,0.0,0.0,2026-08-30T13:00:00Z,0,FALSE,10,0,0,0,0,2,0,43620,0,0,1,0.0,0,-2667,2597,5264,50,True,0,0,2
Reinildo Mandava,DEF,Sunderland,,0,0,26,1,0.0,536,0.01,0.01,0.00,0.95,19,0,0,0.0,0.0,2026-08-30T13:00:00Z,90,FALSE,10,0,0,0,0,2,0,44204,1,0,1,0.0,6,-2603,975,3578,45,True,0,7,2
Jenson Seelt,DEF,Sunderland,,0,0,0,0,0.0,537,0.00,0.00,0.00,0.00,19,0,0,0.0,0.0,2026-08-30T13:00:00Z,0,FALSE,10,0,0,0,0,2,0,1055,0,0,1,0.0,0,-69,58,127,45,True,0,0,2
Leo Fuhr Hjelde,DEF,Sunderland,,0,0,0,0,0.0,538,0.00,0.00,0.00,0.00,19,0,0,0.0,0.0,2026-08-30T13:00:00Z,0,FALSE,10,0,0,0,0,2,0,5174,0,0,1,0.0,0,-990,0,990,40,True,0,0,2
Luke O'Nien,DEF,Sunderland,,0,0,0,0,0.0,539,0.00,0.00,0.00,0.00,19,0,0,0.0,0.0,2026-08-30T13:00:00Z,0,FALSE,10,0,0,0,0,2,0,338160,0,0,1,0.0,0,-12937,4602,17539,40,True,0,0,2
Arthur Masuaku,DEF,Sunderland,,0,0,0,0,0.0,540,0.00,0.00,0.00,0.00,19,0,0,0.0,0.0,2026-08-30T13:00:00Z,0,FALSE,10,0,0,0,0,2,0,20421,0,0,1,0.0,0,-4868,0,4868,40,True,0,0,2
Thomas Meunier,DEF,Sunderland,,0,0,27,1,0.0,541,0.05,0.07,0.02,0.95,19,0,0,0.0,0.0,2026-08-30T13:00:00Z,90,FALSE,10,0,0,0,0,2,0,29834,1,0,1,0.0,6,-708,1010,1718,45,True,0,8,2
Enzo Le Fée,MID,Sunderland,,0,0,13,1,0.0,542,0.17,0.54,0.37,0.86,19,0,0,0.0,0.0,2026-08-30T13:00:00Z,89,FALSE,10,0,0,0,0,2,0,853085,1,0,1,0.0,3,-103724,11386,115110,60,True,0,6,2
Habib Diarra,MID,Sunderland,,1,0,15,0,0.0,543,0.16,0.16,0.00,0.02,19,0,0,0.0,0.0,2026-08-30T13:00:00Z,18,FALSE,10,0,0,0,0,2,0,6801,0,0,1,0.0,4,-842,335,1177,55,True,0,0,2
Granit Xhaka,MID,Sunderland,,0,3,29,1,0.0,544,0.36,0.36,0.00,0.95,19,0,0,0.0,0.0,2026-08-30T13:00:00Z,90,FALSE,10,0,0,0,0,2,0,464299,1,0,1,0.0,6,24566,42781,18215,55,True,0,7,2
Noah Sadiki,MID,Sunderland,,0,0,21,1,0.0,545,0.02,0.04,0.02,0.95,19,0,0,0.0,0.0,2026-08-30T13:00:00Z,90,FALSE,10,0,0,0,0,2,0,32341,1,0,1,0.0,3,-2332,1165,3497,50,True,0,11,2
Simon Adingra,MID,Sunderland,,0,0,0,0,0.0,546,0.00,0.00,0.00,0.00,19,0,0,0.0,0.0,2026-08-30T13:00:00Z,0,FALSE,10,0,0,0,0,2,0,6042,0,0,1,0.0,0,-3506,53,3559,50,True,0,0,2
Romaine Mundle,MID,Sunderland,,0,0,2,0,0.0,547,0.00,0.17,0.17,0.09,19,0,0,0.0,0.0,2026-08-30T13:00:00Z,1,FALSE,10,0,0,0,0,2,0,822,0,0,1,0.0,1,-110,40,150,50,True,0,1,2
Chris Rigg,MID,Sunderland,,0,0,3,0,0.0,548,0.00,0.00,0.00,0.34,19,0,0,0.0,0.0,2026-08-30T13:00:00Z,7,FALSE,10,0,0,0,0,2,0,6409,0,0,1,0.0,1,-521,99,620,50,True,0,0,2
Chemsdine Talbi,MID,Sunderland,,0,0,0,0,0.0,549,0.00,0.00,0.00,0.00,19,0,0,0.0,0.0,2026-08-30T13:00:00Z,0,FALSE,10,0,0,0,0,2,0,20684,0,0,1,0.0,0,-2560,284,2844,55,True,0,0,2
Djiamgone Jocelin Ta Bi,MID,Sunderland,,0,0,0,0,0.0,550,0.00,0.00,0.00,0.00,19,0,0,0.0,0.0,2026-08-30T13:00:00Z,0,FALSE,10,0,0,0,0,2,0,569,0,0,1,0.0,0,-50,51,101,50,True,0,0,2
Nilson Angulo,MID,Sunderland,,0,0,13,1,0.0,551,0.04,0.04,0.00,0.58,19,0,0,0.0,0.0,2026-08-30T13:00:00Z,64,FALSE,10,0,0,0,0,2,0,13112,1,0,1,0.0,3,3964,5343,1379,50,True,0,5,2
Brian Brobbey,FWD,Sunderland,,0,0,5,1,0.0,552,0.00,0.03,0.03,0.58,19,0,0,0.0,0.0,2026-08-30T13:00:00Z,63,FALSE,10,0,0,0,0,2,0,1261093,1,0,1,0.0,2,-81358,38269,119627,60,True,0,4,2
Wilson Isidor,FWD,Sunderland,,0,3,29,0,0.0,553,0.00,1.39,1.39,0.37,19,0,1,0.0,0.0,2026-08-30T13:00:00Z,26,FALSE,10,0,0,0,0,2,0,85703,0,0,1,0.0,8,-10451,2470,12921,55,True,0,0,2
Dayann Méthalie,DEF,Sunderland,,0,0,0,0,0.0,612,0.00,0.00,0.00,0.00,19,0,0,0.0,0.0,2026-08-30T13:00:00Z,0,FALSE,10,0,0,0,0,2,0,156,0,0,1,0.0,0,68,95,27,45,True,0,0,2
Jules Ahoka,MID,Sunderland,,0,0,0,0,0.0,613,0.00,0.00,0.00,0.00,19,0,0,0.0,0.0,2026-08-30T13:00:00Z,0,FALSE,10,0,0,0,0,2,0,6052,0,0,1,0.0,0,2077,2475,398,45,True,0,0,2
