age,assists,assists_per90,cards_red,cards_yellow,cards_yellow_red,crosses,fbref_id,fouled,fouls,games,games_complete,games_starts,games_subs,goals,goals_assists,goals_assists_pens_per90,goals_assists_per90,goals_pens,goals_pens_per90,goals_per90,goals_per_shot,goals_per_shot_on_target,interceptions,minutes,minutes_90s,minutes_pct,minutes_per_game,minutes_per_start,minutes_per_sub,name,nationality,offsides,on_goals_against,on_goals_for,own_goals,pens_att,pens_conceded,pens_made,pens_won,plus_minus,plus_minus_per90,plus_minus_wowy,points_per_game,position,shots,shots_on_target,shots_on_target_pct,shots_on_target_per90,shots_per90,tackles_won,team,unused_subs,gk_clean_sheets,gk_clean_sheets_pct,gk_games,gk_games_starts,gk_goals_against,gk_goals_against_per90,gk_losses,gk_minutes,gk_pens_allowed,gk_pens_att,gk_pens_missed,gk_pens_save_pct,gk_pens_saved,gk_save_pct,gk_saves,gk_shots_on_target_against,gk_ties,gk_wins
"27-258","0","0.00","0","0","0","3","79300479","1","0","2","0","2","0","1","1","0.62","0.62","1","0.62","0.62","0.25","1.00","0","145","1.6","80.6","73","73","0.00","Martin Ødegaard","no NOR","0","0","4","0","0","0.00","0","0.00","+4","+2.48","+2.48","3.00","MF","4","1","25.0","0.62","2.48","3","Arsenal","0","","","","","","","","","","","","","","","","","",""
"27-082","0","0.00","0","0","0","0","fed7cb61","4","3","2","2","2","0","1","1","0.50","0.50","1","0.50","0.50","0.50","0.50","1","180","2.0","100.0","90","90","0.00","Kai Havertz","de GER","7","0","4","0","0","0.00","0","0.00","+4","+2.00","0.00","3.00","FW","2","2","100.0","1.00","1.00","0","Arsenal","0","","","","","","","","","","","","","","","","","",""
"28-256","0","0.00","0","1","0","0","67ac5bb8","2","3","2","2","2","0","0","0","0.00","0.00","0","0.00","0.00","0.00","0.00","3","180","2.0","100.0","90","90","0.00","Gabriel Magalhães","br BRA","0","0","4","0","0","0.00","0","0.00","+4","+2.00","0.00","3.00","DF","2","0","0.0","0.00","1.00","0","Arsenal","0","","","","","","","","","","","","","","","","","",""
"30-351","0","0.00","0","0","0","0","98ea5115","0","0","2","2","2","0","0","0","0.00","0.00","0","0.00","0.00","0.00","0.00","0","180","2.0","100.0","90","90","0.00","David Raya","es ESP","0","0","4","0","0","0.00","0","0.00","+4","+2.00","0.00","3.00","GK","0","0","0.00","0.00","0.00","0","Arsenal","0","2","100.0","2","2","0","0.00","0","180","0","0","0","0.00","0","100.0","1","1","0","2"
"28-328","1","0.50","0","0","0","6","35e413f1","1","1","2","2","2","0","0","1","0.50","0.50","0","0.00","0.00","0.00","0.00","2","180","2.0","100.0","90","90","0.00","Ben White","eng ENG","1","0","4","0","0","0.00","0","0.00","+4","+2.00","0.00","3.00","DF","1","0","0.0","0.00","0.50","2","Arsenal","0","","","","","","","","","","","","","","","","","",""
"24-105","2","1.05","0","0","0","1","aded8e6f","1","1","2","1","2","0","0","2","1.05","1.05","0","0.00","0.00","0.00","0.00","1","171","1.9","95.0","86","86","0.00","Riccardo Calafiori","it ITA","1","0","4","0","0","0.00","0","0.00","+4","+2.11","+2.11","3.00","DF","2","0","0.0","0.00","1.05","1","Arsenal","0","","","","","","","","","","","","","","","","","",""
"22-066","0","0.00","0","0","0","0","dc1ce4f5","0","1","2","1","2","0","0","0","0.00","0.00","0","0.00","0.00","0.00","0.00","2","168","1.9","93.3","84","84","0.00","Cristhian Mosquera","es ESP","0","0","4","0","0","0.00","0","0.00","+4","+2.14","+2.14","3.00","DF","0","0","0.00","0.00","0.00","0","Arsenal","0","","","","","","","","","","","","","","","","","",""
"19-340","0","0.00","0","0","0","0","5dff6c28","5","1","2","1","2","0","0","0","0.00","0.00","0","0.00","0.00","0.00","0.00","1","160","1.8","88.9","80","80","0.00","Myles Lewis-Skelly","eng ENG","0","0","4","0","0","0.00","0","0.00","+4","+2.25","+2.25","3.00","MF","2","0","0.0","0.00","1.13","0","Arsenal","0","","","","","","","","","","","","","","","","","",""
"24-361","0","0.00","0","0","0","9","bc7dc64d","7","0","2","1","2","0","2","2","1.15","1.15","2","1.15","1.15","0.40","1.00","2","157","1.7","87.2","79","79","0.00","Bukayo Saka","eng ENG","2","0","4","0","0","0.00","0","0.00","+4","+2.29","+2.29","3.00","MF","5","2","40.0","1.15","2.87","3","Arsenal","0","","","","","","","","","","","","","","","","","",""
"27-230","0","0.00","0","0","0","8","1c7012b8","0","2","2","0","2","0","0","0","0.00","0.00","0","0.00","0.00","0.00","0.00","1","151","1.7","83.9","76","76","0.00","Declan Rice","eng ENG","1","0","4","0","0","0.00","0","0.00","+4","+2.38","+2.38","3.00","MF","2","0","0.0","0.00","1.19","2","Arsenal","0","","","","","","","","","","","","","","","","","",""
"24-214","0","0.00","0","1","0","6","9f333379","3","1","2","0","2","0","0","0","0.00","0.00","0","0.00","0.00","0.00","0.00","0","120","1.3","66.7","60","60","0.00","Christos Tzolis","gr GRE","1","0","3","0","0","0.00","0","0.00","+3","+2.25","+0.75","3.00","MF","4","2","50.0","1.50","3.00","1","Arsenal","0","","","","","","","","","","","","","","","","","",""
"28-064","0","0.00","0","0","0","0","ae4fc6a4","3","0","2","0","0","2","0","0","0.00","0.00","0","0.00","0.00","0.00","0.00","0","60","0.7","33.3","30","0.00","30","Eberechi Eze","eng ENG","0","0","1","0","0","0.00","0","0.00","+1","+1.50","-0.75","3.00","FW,MF","1","0","0.0","0.00","1.50","0","Arsenal","0","","","","","","","","","","","","","","","","","",""
"30-071","0","0.00","0","0","0","0","d080ed5e","2","3","2","0","0","2","0","0","0.00","0.00","0","0.00","0.00","0.00","0.00","0","35","0.4","19.4","18","0.00","18","Mikel Merino","es ESP","0","0","0","0","0","0.00","0","0.00","0","0.00","-2.48","3.00","MF","2","1","50.0","2.57","5.14","0","Arsenal","0","","","","","","","","","","","","","","","","","",""
"27-211","0","0.00","0","0","0","0","3ee0dd59","0","0","2","0","0","2","0","0","0.00","0.00","0","0.00","0.00","0.00","0.00","0","29","0.3","16.1","15","0.00","15","Martín Zubimendi","es ESP","0","0","0","0","0","0.00","0","0.00","0","0.00","-2.38","3.00","MF","0","0","0.00","0.00","0.00","1","Arsenal","0","","","","","","","","","","","","","","","","","",""
"24-175","0","0.00","0","0","0","1","bf34eebd","0","0","1","0","0","1","0","0","0.00","0.00","0","0.00","0.00","0.00","0.00","0","23","0.3","12.8","23","0.00","23","Noni Madueke","eng ENG","0","0","0","0","0","0.00","0","0.00","0","0.00","-2.29","3.00","FW,MF","0","0","0.00","0.00","0.00","0","Arsenal","1","","","","","","","","","","","","","","","","","",""
"28-289","0","0.00","0","0","0","0","82518f62","0","0","1","0","0","1","0","0","0.00","0.00","0","0.00","0.00","0.00","0.00","0","20","0.2","11.1","20","0.00","20","Bruno Guimarães","br BRA","0","0","0","0","0","0.00","0","0.00","0","0.00","-2.25","3.00","MF","0","0","0.00","0.00","0.00","0","Arsenal","0","","","","","","","","","","","","","","","","","",""
"28-313","0","0.00","0","0","0","0","0313a347","0","0","1","0","0","1","0","0","0.00","0.00","0","0.00","0.00","0.00","0.00","0","12","0.1","6.7","12","0.00","12","Ezri Konsa","eng ENG","0","0","0","0","0","0.00","0","0.00","0","0.00","-2.14","3.00","DF,FW","0","0","0.00","0.00","0.00","0","Arsenal","0","","","","","","","","","","","","","","","","","",""
"24-235","0","0.00","0","0","0","1","0c7a48f8","0","0","1","0","0","1","0","0","0.00","0.00","0","0.00","0.00","0.00","0.00","0","9","0.1","5.0","9","0.00","9","Piero Hincapié","ec ECU","0","0","0","0","0","0.00","0","0.00","0","0.00","-2.11","3.00","DF","0","0","0.00","0.00","0.00","0","Arsenal","1","","","","","","","","","","","","","","","","","",""
"31-333","0.00","0.00","0.00","0.00","","","28d596a0","","","0","0","0","0","0.00","0.00","0.00","0.00","0.00","0.00","0.00","","","","0.00","0.00","0.00","0.00","0.00","0.00","Kepa Arrizabalaga","es ESP","","0.00","0.00","","0.00","","0.00","","0.00","0.00","0.00","0.00","GK","","","","","","","Arsenal","2","","","","","","","","","","","","","","","","","",""
"16-244","0.00","0.00","0.00","0.00","","","9008bb70","","","0","0","0","0","0.00","0.00","0.00","0.00","0.00","0.00","0.00","","","","0.00","0.00","0.00","0.00","0.00","0.00","Max Dowman","eng ENG","","0.00","0.00","","0.00","","0.00","","0.00","0.00","0.00","0.00","MF","","","","","","","Arsenal","1","","","","","","","","","","","","","","","","","",""
"28-089","0.00","0.00","0.00","0.00","","","4d5a9185","","","0","0","0","0","0.00","0.00","0.00","0.00","0.00","0.00","0.00","","","","0.00","0.00","0.00","0.00","0.00","0.00","Viktor Gyökeres","se SWE","","0.00","0.00","","0.00","","0.00","","0.00","0.00","0.00","0.00","FW,MF","","","","","","","Arsenal","2","","","","","","","","","","","","","","","","","",""
"19-164","0.00","0.00","0.00","0.00","","","7f94982c","","","0","0","0","0","0.00","0.00","0.00","0.00","0.00","0.00","0.00","","","","0.00","0.00","0.00","0.00","0.00","0.00","Ethan Nwaneri","eng ENG","","0.00","0.00","","0.00","","0.00","","0.00","0.00","0.00","0.00","MF","","","","","","","Arsenal","1","","","","","","","","","","","","","","","","","",""
"29-110","0","0.00","0","0","0","0","31c69ef1","1","0","2","2","2","0","0","0","0.00","0.00","0","0.00","0.00","0.00","0.00","1","180","2.0","100.0","90","90","0.00","Rúben Dias","pt POR","0","2","6","0","0","0.00","0","0.00","+4","+2.00","0.00","3.00","DF","1","1","100.0","0.50","0.50","1","Man City","0","","","","","","","","","","","","","","","","","",""
"27-188","0","0.00","0","0","0","0","08f5afaa","0","0","2","2","2","0","0","0","0.00","0.00","0","0.00","0.00","0.00","0.00","0","180","2.0","100.0","90","90","0.00","Gianluigi Donnarumma","it ITA","0","2","6","1","0","0.00","0","0.00","+4","+2.00","0.00","3.00","GK","0","0","0.00","0.00","0.00","0","Man City","0","0","0.0","2","2","2","1.00","0","180","0","0","0","0.00","0","66.7","4","6","0","2"
"26-050","0","0.00","0","0","0","0","d0706b27","3","2","2","2","2","0","1","1","0.50","0.50","1","0.50","0.50","0.50","1.00","3","180","2.0","100.0","90","90","0.00","Marc Guéhi","eng ENG","0","2","6","0","0","0.00","0","0.00","+4","+2.00","0.00","3.00","MF,DF","2","1","50.0","0.50","1.00","4","Man City","0","","","","","","","","","","","","","","","","","",""
"26-042","0","0.00","0","0","0","0","1f44ac21","1","0","2","2","2","0","2","2","1.00","1.00","2","1.00","1.00","0.20","0.40","0","180","2.0","100.0","90","90","0.00","Erling Haaland","no NOR","0","2","6","0","0","0.00","0","0.00","+4","+2.00","0.00","3.00","FW","10","5","50.0","2.50","5.00","0","Man City","0","","","","","","","","","","","","","","","","","",""
"26-237","1","0.50","0","0","0","5","efd2ec23","4","3","2","2","2","0","0","1","0.50","0.50","0","0.00","0.00","0.00","0.00","0","180","2.0","100.0","90","90","0.00","Antoine Semenyo","gh GHA","2","2","6","0","0","0.00","0","0.00","+4","+2.00","0.00","3.00","MF","3","2","66.7","1.00","1.50","1","Man City","0","","","","","","","","","","","","","","","","","",""
"22-184","0","0.00","0","0","0","2","d17ce930","0","0","2","1","2","0","0","0","0.00","0.00","0","0.00","0.00","0.00","0.00","2","178","2.0","98.9","89","89","0.00","Abdukodir Khusanov","uz UZB","0","2","6","0","0","0.00","0","0.00","+4","+2.02","+2.02","3.00","DF","0","0","0.00","0.00","0.00","5","Man City","0","","","","","","","","","","","","","","","","","",""
"26-096","2","1.05","0","1","0","12","ed1e53f3","4","3","2","1","2","0","0","2","1.05","1.05","0","0.00","0.00","0.00","0.00","0","171","1.9","95.0","86","86","0.00","Phil Foden","eng ENG","0","2","4","0","0","0.00","0","0.00","+2","+1.05","-18.95","3.00","MF","5","0","0.0","0.00","2.63","2","Man City","0","","","","","","","","","","","","","","","","","",""
"24-221","1","0.55","0","0","0","2","5ad50391","0","1","2","1","2","0","1","2","1.10","1.10","1","0.55","0.55","1.00","1.00","2","164","1.8","91.1","82","82","0.00","Joško Gvardiol","hr CRO","0","2","5","0","0","0.00","0","0.00","+3","+1.65","-3.98","3.00","DF","1","1","100.0","0.55","0.55","1","Man City","0","","","","","","","","","","","","","","","","","",""
"21-164","0","0.00","0","0","0","4","91ca4a16","0","2","2","0","2","0","0","0","0.00","0.00","0","0.00","0.00","0.00","0.00","0","150","1.7","83.3","75","75","0.00","Nico O'Reilly","eng ENG","0","2","4","0","0","0.00","0","0.00","+2","+1.20","-4.80","3.00","MF","2","0","0.0","0.00","1.20","1","Man City","0","","","","","","","","","","","","","","","","","",""
"23-299","0","0.00","0","1","0","4","de31038e","3","4","2","0","2","0","0","0","0.00","0.00","0","0.00","0.00","0.00","0.00","5","143","1.6","79.4","72","72","0.00","Elliot Anderson","eng ENG","0","2","3","0","0","0.00","0","0.00","+1","+0.63","-6.67","3.00","MF","2","1","50.0","0.63","1.26","4","Man City","0","","","","","","","","","","","","","","","","","",""
"23-015","2","1.65","0","1","0","6","b34c63a5","0","4","2","0","1","1","2","4","3.30","3.30","2","1.65","1.65","0.67","0.67","0","109","1.2","60.6","55","81","28","Rayan Cherki","fr FRA","0","1","5","0","0","0.00","0","0.00","+4","+3.30","+3.30","3.00","MF","3","3","100.0","2.48","2.48","0","Man City","0","","","","","","","","","","","","","","","","","",""
"21-284","0","0.00","0","0","0","2","b57e066e","2","1","1","0","1","0","0","0","0.00","0.00","0","0.00","0.00","0.00","0.00","2","56","0.6","31.1","56","56","0.00","Rico Lewis","eng ENG","0","1","0","0","0","0.00","0","0.00","-1","-1.61","-5.24","3.00","DF","1","1","100.0","1.61","1.61","0","Man City","1","","","","","","","","","","","","","","","","","",""
"32-118","0","0.00","0","0","0","0","79c0821a","0","0","2","0","0","2","0","0","0.00","0.00","0","0.00","0.00","0.00","0.00","0","44","0.5","24.4","22","0.00","22","Mateo Kovačić","hr CRO","0","0","3","0","0","0.00","0","0.00","+3","+6.14","+5.47","3.00","MF","0","0","0.00","0.00","0.00","0","Man City","0","","","","","","","","","","","","","","","","","",""
"28-005","0","0.00","0","0","0","2","e6af02e0","1","0","1","0","0","1","0","0","0.00","0.00","0","0.00","0.00","0.00","0.00","0","34","0.4","18.9","34","0.00","34","Matheus Nunes","pt POR","0","0","2","0","0","0.00","0","0.00","+2","+5.29","+4.06","3.00","DF,MF","0","0","0.00","0.00","0.00","0","Man City","0","","","","","","","","","","","","","","","","","",""
"18-334","0","0.00","0","0","0","0","8006228f","0","0","1","0","0","1","0","0","0.00","0.00","0","0.00","0.00","0.00","0.00","1","9","0.1","5.0","9","0.00","9","Ayyoub Bouaddi","ma MAR","0","0","1","0","0","0.00","0","0.00","+1","+10.00","+8.42","3.00","MF","0","0","0.00","0.00","0.00","0","Man City","0","","","","","","","","","","","","","","","","","",""
"30-356","0","0.00","0","0","0","0","b0b4fd3e","0","1","1","0","0","1","0","0","0.00","0.00","0","0.00","0.00","0.00","0.00","0","9","0.1","5.0","9","0.00","9","Jack Grealish","eng ENG","0","0","2","0","0","0.00","0","0.00","+2","+20.00","+18.95","3.00","FW,MF","0","0","0.00","0.00","0.00","0","Man City","0","","","","","","","","","","","","","","","","","",""
"18-069","0","0.00","0","0","0","0","8dd0d7c5","0","0","1","0","0","1","0","0","0.00","0.00","0","0.00","0.00","0.00","0.00","0","9","0.1","5.0","9","0.00","9","Ryan Mcaidoo","eng ENG","0","0","1","0","0","0.00","0","0.00","+1","+10.00","+8.42","3.00","FW","1","0","0.0","0.00","10.00","0","Man City","0","","","","","","","","","","","","","","","","","",""
"18-205","0","0.00","0","0","0","0","dd1bd054","0","0","1","0","0","1","0","0","0.00","0.00","0","0.00","0.00","0.00","0.00","0","2","0.0","1.1","2","0.00","2","Kaden Braithwaite","eng ENG","0","0","0","0","0","0.00","0","0.00","0","0.00","-2.02","3.00","DF","0","0","0.00","0.00","0.00","0","Man City","0","","","","","","","","","","","","","","","","","",""
"20-232","0","0.00","0","0","0","0","c4ce0ab5","0","0","1","0","0","1","0","0","0.00","0.00","0","0.00","0.00","0.00","0.00","0","2","0.0","1.1","2","0.00","2","Vitor Reis","br BRA","0","0","0","0","0","0.00","0","0.00","0","0.00","-2.02","3.00","DF","0","0","0.00","0.00","0.00","0","Man City","1","","","","","","","","","","","","","","","","","",""
"25-087","0.00","0.00","0.00","0.00","","","9b398aea","","","0","0","0","0","0.00","0.00","0.00","0.00","0.00","0.00","0.00","","","","0.00","0.00","0.00","0.00","0.00","0.00","Rayan Aït-Nouri","dz ALG","","0.00","0.00","","0.00","","0.00","","0.00","0.00","0.00","0.00","DF,MF","","","","","","","Man City","2","","","","","","","","","","","","","","","","","",""
"20-242","0.00","0.00","0.00","0.00","","","49a605df","","","0","0","0","0","0.00","0.00","0.00","0.00","0.00","0.00","0.00","","","","0.00","0.00","0.00","0.00","0.00","0.00","Claudio Echeverri","ar ARG","","0.00","0.00","","0.00","","0.00","","0.00","0.00","0.00","0.00","MF","","","","","","","Man City","1","","","","","","","","","","","","","","","","","",""
"24-241","0.00","0.00","0.00","0.00","","","2c56a792","","","0","0","0","0","0.00","0.00","0.00","0.00","0.00","0.00","0.00","","","","0.00","0.00","0.00","0.00","0.00","0.00","Nicolás González","es ESP","","0.00","0.00","","0.00","","0.00","","0.00","0.00","0.00","0.00","MF","","","","","","","Man City","1","","","","","","","","","","","","","","","","","",""
"27-206","0.00","0.00","0.00","0.00","","","0e0102eb","","","0","0","0","0","0.00","0.00","0.00","0.00","0.00","0.00","0.00","","","","0.00","0.00","0.00","0.00","0.00","0.00","Omar Marmoush","eg EGY","","0.00","0.00","","0.00","","0.00","","0.00","0.00","0.00","0.00","FW,MF","","","","","","","Man City","1","","","","","","","","","","","","","","","","","",""
"34-104","0.00","0.00","0.00","0.00","","","625c144a","","","0","0","0","0","0.00","0.00","0.00","0.00","0.00","0.00","0.00","","","","0.00","0.00","0.00","0.00","0.00","0.00","Gerónimo Rulli","ar ARG","","0.00","0.00","","0.00","","0.00","","0.00","0.00","0.00","0.00","GK","","","","","","","Man City","2","","","","","","","","","","","","","","","","","",""
"31-358","1","0.50","0","0","0","14","507c7bdf","0","1","2","2","2","0","3","4","1.50","2.00","2","1.00","1.50","0.27","0.75","1","180","2.0","100.0","90","90","0.00","Bruno Fernandes","pt POR","0","4","5","0","1","0.00","1","0.00","+1","+0.50","0.00","1.50","MF","11","4","36.4","2.00","5.50","1","Man Utd","0","","","","","","","","","","","","","","","","","",""
"24-056","0","0.00","0","0","0","0","8e6d2fcd","0","0","2","2","2","0","0","0","0.00","0.00","0","0.00","0.00","0.00","0.00","0","180","2.0","100.0","90","90","0.00","Senne Lammens","be BEL","0","4","5","0","0","0.00","0","0.00","+1","+0.50","0.00","1.50","GK","0","0","0.00","0.00","0.00","0","Man Utd","0","0","0.0","2","2","4","2.00","1","180","0","0","0","0.00","0","55.6","5","9","0","1"
"33-180","0","0.00","0","0","0","2","d8931174","1","2","2","2","2","0","0","0","0.00","0.00","0","0.00","0.00","0.00","0.00","3","180","2.0","100.0","90","90","0.00","Harry Maguire","eng ENG","0","4","5","0","0","0.00","0","0.00","+1","+0.50","0.00","1.50","DF","3","1","33.3","0.50","1.50","0","Man Utd","0","","","","","","","","","","","","","","","","","",""
"27-025","0","0.00","0","1","0","15","6afaebf2","1","1","2","2","2","0","1","1","0.50","0.50","1","0.50","0.50","0.11","0.33","0","180","2.0","100.0","90","90","0.00","Bryan Mbeumo","cm CMR","1","4","5","0","0","0.00","0","0.00","+1","+0.50","0.00","1.50","MF","9","3","33.3","1.50","4.50","2","Man Utd","0","","","","","","","","","","","","","","","","","",""
"31-051","0","0.00","0","0","0","7","9c94165b","1","0","2","1","2","0","0","0","0.00","0.00","0","0.00","0.00","0.00","0.00","3","162","1.8","90.0","81","81","0.00","Luke Shaw","eng ENG","0","3","4","0","0","0.00","0","0.00","+1","+0.56","+0.56","1.50","DF","0","0","0.00","0.00","0.00","3","Man Utd","0","","","","","","","","","","","","","","","","","",""
"27-097","1","0.57","0","0","0","4","dc62b55d","3","1","2","0","2","0","0","1","0.57","0.57","0","0.00","0.00","0.00","0.00","0","158","1.8","87.8","79","79","0.00","Matheus Cunha","br BRA","0","3","4","0","0","0.00","0","0.00","+1","+0.57","+0.57","1.50","FW","5","2","40.0","1.14","2.85","0","Man Utd","0","","","","","","","","","","","","","","","","","",""
"29-117","0","0.00","0","0","0","1","56f7a928","6","1","2","1","2","0","0","0","0.00","0.00","0","0.00","0.00","0.00","0.00","2","156","1.7","86.7","78","78","0.00","Youri Tielemans","be BEL","0","4","5","0","0","0.00","0","0.00","+1","+0.58","+0.58","1.50","MF","4","2","50.0","1.15","2.31","1","Man Utd","0","","","","","","","","","","","","","","","","","",""
"28-305","0","0.00","0","0","0","6","a1d5bd30","3","0","2","0","1","1","0","0","0.00","0.00","0","0.00","0.00","0.00","0.00","0","124","1.4","68.9","62","79","45","Marcus Rashford","eng ENG","1","1","4","0","0","0.00","0","0.00","+3","+2.18","+5.39","1.50","MF","4","2","50.0","1.45","2.90","1","Man Utd","0","","","","","","","","","","","","","","","","","",""
"21-135","0","0.00","0","0","0","1","c6220452","2","0","2","0","1","1","0","0","0.00","0.00","0","0.00","0.00","0.00","0.00","2","103","1.1","57.2","52","79","24","Kobbie Mainoo","eng ENG","0","1","4","0","0","0.00","0","0.00","+3","+2.62","+4.96","1.50","MF","4","0","0.0","0.00","3.50","2","Man Utd","0","","","","","","","","","","","","","","","","","",""
"28-291","0","0.00","0","0","0","5","b74277a0","0","1","2","0","1","1","0","0","0.00","0.00","0","0.00","0.00","0.00","0.00","0","97","1.1","53.9","49","79","18","Noussair Mazraoui","ma MAR","0","3","1","0","0","0.00","0","0.00","-2","-1.86","-5.11","1.50","DF","1","0","0.0","0.00","0.93","1","Man Utd","0","","","","","","","","","","","","","","","","","",""
"19-344","0","0.00","0","0","0","0","64e17fab","2","1","1","1","1","0","0","0","0.00","0.00","0","0.00","0.00","0.00","0.00","0","90","1.0","50.0","90","90","0.00","Ayden Heaven","eng ENG","0","2","0","0","0","0.00","0","0.00","-2","-2.00","-5.00","0.00","DF","2","0","0.0","0.00","2.00","0","Man Utd","1","","","","","","","","","","","","","","","","","",""
"28-226","0","0.00","0","0","0","0","bac46a10","0","0","1","1","1","0","0","0","0.00","0.00","0","0.00","0.00","0.00","0.00","0","90","1.0","50.0","90","90","0.00","Lisandro Martínez","ar ARG","0","2","5","0","0","0.00","0","0.00","+3","+3.00","+5.00","3.00","DF","1","0","0.0","0.00","1.00","0","Man Utd","1","","","","","","","","","","","","","","","","","",""
"27-167","0","0.00","0","0","0","5","d9565625","0","0","2","0","1","1","0","0","0.00","0.00","0","0.00","0.00","0.00","0.00","2","84","0.9","46.7","42","73","11","Diogo Dalot","pt POR","0","1","4","0","0","0.00","0","0.00","+3","+3.21","+5.09","1.50","DF","4","1","25.0","1.07","4.29","1","Man Utd","0","","","","","","","","","","","","","","","","","",""
"22-121","0","0.00","0","0","0","0","dd745366","2","2","2","0","1","1","0","0","0.00","0.00","0","0.00","0.00","0.00","0.00","0","77","0.9","42.8","39","66","11","Andrey Santos","br BRA","0","3","1","0","0","0.00","0","0.00","-2","-2.34","-4.96","1.50","MF","0","0","0.00","0.00","0.00","1","Man Utd","0","","","","","","","","","","","","","","","","","",""
"21-310","0","0.00","0","1","0","0","e6536124","0","4","2","0","1","1","0","0","0.00","0.00","0","0.00","0.00","0.00","0.00","0","56","0.6","31.1","28","45","11","Patrick Dorgu","dk DEN","1","3","1","0","0","0.00","0","0.00","-2","-3.21","-5.39","1.50","MF","5","1","20.0","1.61","8.04","1","Man Utd","0","","","","","","","","","","","","","","","","","",""
"23-093","0","0.00","0","0","0","1","3260690c","0","1","2","0","0","2","0","0","0.00","0.00","0","0.00","0.00","0.00","0.00","0","35","0.4","19.4","18","0.00","18","Benjamin Šeško","si SVN","0","1","1","0","0","0.00","0","0.00","0","0.00","-0.62","1.50","FW","1","0","0.0","0.00","2.57","0","Man Utd","0","","","","","","","","","","","","","","","","","",""
"20-292","0","0.00","0","0","0","0","6763f716","0","1","1","0","0","1","0","0","0.00","0.00","0","0.00","0.00","0.00","0.00","2","17","0.2","9.4","17","0.00","17","Leny Yoro","fr FRA","0","1","1","0","0","0.00","0","0.00","0","0.00","-0.55","3.00","DF","0","0","0.00","0.00","0.00","0","Man Utd","1","","","","","","","","","","","","","","","","","",""
"19-140","0","0.00","0","0","0","1","3160e952","0","0","1","0","0","1","0","0","0.00","0.00","0","0.00","0.00","0.00","0.00","0","11","0.1","6.1","11","0.00","11","Shea Lacey","eng ENG","0","0","0","0","0","0.00","0","0.00","0","0.00","-0.53","0.00","FW","0","0","0.00","0.00","0.00","0","Man Utd","1","","","","","","","","","","","","","","","","","",""
"35-328","0.00","0.00","0.00","0.00","","","cde3309f","","","0","0","0","0","0.00","0.00","0.00","0.00","0.00","0.00","0.00","","","","0.00","0.00","0.00","0.00","0.00","0.00","Karl Darlow","wls WAL","","0.00","0.00","","0.00","","0.00","","0.00","0.00","0.00","0.00","GK","","","","","","","Man Utd","2","","","","","","","","","","","","","","","","","",""
"25-102","0.00","0.00","0.00","0.00","","","028e70b9","","","0","0","0","0","0.00","0.00","0.00","0.00","0.00","0.00","0.00","","","","0.00","0.00","0.00","0.00","0.00","0.00","Joshua Zirkzee","nl NED","","0.00","0.00","","0.00","","0.00","","0.00","0.00","0.00","0.00","FW","","","","","","","Man Utd","2","","","","","","","","","","","","","","","","","",""
"19-181","0","0.00","0","0","0","1","28795530","0","2","2","1","2","0","0","0","0.00","0.00","0","0.00","0.00","0.00","0.00","0","160","1.8","88.9","80","80","0.00","George Hemmings","eng ENG","0","5","0","0","0","0.00","0","0.00","-5","-2.81","-2.81","0.00","MF","0","0","0.00","0.00","0.00","2","Aston Villa","0","","","","","","","","","","","","","","","","","",""
"26-282","0","0.00","0","0","0","1","cc77354e","1","5","2","2","2","0","0","0","0.00","0.00","0","0.00","0.00","0.00","0.00","1","180","2.0","100.0","90","90","0.00","Boubacar Kamara","fr FRA","0","5","0","0","0","0.00","0","0.00","-5","-2.50","0.00","0.00","MF","0","0","0.00","0.00","0.00","2","Aston Villa","0","","","","","","","","","","","","","","","","","",""
"32-046","0","0.00","0","0","0","0","f5deef4c","0","0","2","2","2","0","0","0","0.00","0.00","0","0.00","0.00","0.00","0.00","0","180","2.0","100.0","90","90","0.00","Victor Lindelöf","se SWE","0","5","0","1","0","0.00","0","0.00","-5","-2.50","0.00","0.00","DF","0","0","0.00","0.00","0.00","0","Aston Villa","0","","","","","","","","","","","","","","","","","",""
"29-250","0","0.00","0","0","0","4","66b76d44","3","2","2","1","2","0","0","0","0.00","0.00","0","0.00","0.00","0.00","0.00","2","175","1.9","97.2","88","88","0.00","Emi Buendía","ar ARG","1","5","0","0","0","0.00","0","0.00","-5","-2.57","-2.57","0.00","MF,FW","4","0","0.0","0.00","2.06","0","Aston Villa","0","","","","","","","","","","","","","","","","","",""
"24-175","0","0.00","0","1","0","1","cab9634e","0","5","2","1","2","0","0","0","0.00","0.00","0","0.00","0.00","0.00","0.00","3","171","1.9","95.0","86","86","0.00","Ian Maatsen","nl NED","0","5","0","0","0","0.00","0","0.00","-5","-2.63","-2.63","0.00","DF","3","0","0.0","0.00","1.58","1","Aston Villa","0","","","","","","","","","","","","","","","","","",""
"31-318","0","0.00","0","2","0","6","90f91999","6","4","2","1","2","0","0","0","0.00","0.00","0","0.00","0.00","0.00","0.00","2","171","1.9","95.0","86","86","0.00","John McGinn","sct SCO","0","5","0","0","0","0.00","0","0.00","-5","-2.63","-2.63","0.00","MF","3","0","0.0","0.00","1.58","1","Aston Villa","0","","","","","","","","","","","","","","","","","",""
"29-025","0","0.00","0","1","0","0","2389cdc2","4","4","2","1","2","0","0","0","0.00","0.00","0","0.00","0.00","0.00","0.00","1","167","1.9","92.8","84","84","0.00","Matty Cash","pl POL","0","5","0","0","0","0.00","0","0.00","-5","-2.69","-2.69","0.00","DF","1","0","0.0","0.00","0.54","5","Aston Villa","0","","","","","","","","","","","","","","","","","",""
"29-228","0","0.00","0","0","0","1","532e1e4f","0","2","2","1","2","0","0","0","0.00","0.00","0","0.00","0.00","0.00","0.00","1","163","1.8","90.6","82","82","0.00","Pau Torres","es ESP","0","5","0","0","0","0.00","0","0.00","-5","-2.76","-2.76","0.00","DF","0","0","0.00","0.00","0.00","0","Aston Villa","0","","","","","","","","","","","","","","","","","",""
"32-270","0","0.00","0","0","0","0","3a24769f","3","0","2","0","2","0","0","0","0.00","0.00","0","0.00","0.00","0.00","0.00","0","150","1.7","83.3","75","75","0.00","Ross Barkley","eng ENG","0","5","0","0","0","0.00","0","0.00","-5","-3.00","-3.00","0.00","MF","2","0","0.0","0.00","1.20","3","Aston Villa","0","","","","","","","","","","","","","","","","","",""
"35-175","0","0.00","0","0","0","0","3d214e5f","0","0","1","1","1","0","0","0","0.00","0.00","0","0.00","0.00","0.00","0.00","0","90","1.0","50.0","90","90","0.00","Marco Bizot","nl NED","0","4","0","0","0","0.00","0","0.00","-4","-4.00","-3.00","0.00","GK","0","0","0.00","0.00","0.00","0","Aston Villa","1","0","0.0","1","1","4","4.00","1","90","0","0","0","0.00","0","42.9","3","7","0","0"
"24-011","0","0.00","0","0","0","0","51e1f4f5","0","0","1","1","1","0","0","0","0.00","0.00","0","0.00","0.00","0.00","0.00","0","90","1.0","50.0","90","90","0.00","Zion Suzuki","jp JPN","0","1","0","0","0","0.00","0","0.00","-1","-1.00","+3.00","0.00","GK","0","0","0.00","0.00","0.00","0","Aston Villa","1","0","0.0","1","1","1","1.00","1","90","0","0","0","0.00","0","50.0","1","2","0","0"
"25-073","0","0.00","0","0","0","1","9c36ed83","0","0","1","0","1","0","0","0","0.00","0.00","0","0.00","0.00","0.00","0.00","0","70","0.8","38.9","70","70","0.00","Nicolas Jackson","sn SEN","0","1","0","0","0","0.00","0","0.00","-1","-1.29","+1.99","0.00","FW","0","0","0.00","0.00","0.00","0","Aston Villa","0","","","","","","","","","","","","","","","","","",""
"25-201","0","0.00","1","1","0","0","8b57ad2c","1","1","1","0","1","0","0","0","0.00","0.00","0","0.00","0.00","0.00","0.00","0","39","0.4","21.7","39","39","0.00","João Gomes","br BRA","0","4","0","0","0","0.00","0","0.00","-4","-9.23","-8.59","0.00","MF","0","0","0.00","0.00","0.00","2","Aston Villa","0","","","","","","","","","","","","","","","","","",""
"20-119","0","0.00","0","1","0","0","99b63a82","0","0","2","0","0","2","0","0","0.00","0.00","0","0.00","0.00","0.00","0.00","0","29","0.3","16.1","15","0.00","15","Alysson","br BRA","0","0","0","0","0","0.00","0","0.00","0","0.00","+2.98","0.00","MF","0","0","0.00","0.00","0.00","2","Aston Villa","0","","","","","","","","","","","","","","","","","",""
"28-334","0","0.00","0","0","0","0","f586779e","0","0","1","0","0","1","0","0","0.00","0.00","0","0.00","0.00","0.00","0.00","0","20","0.2","11.1","20","0.00","20","Tammy Abraham","eng ENG","0","0","0","0","0","0.00","0","0.00","0","0.00","+2.81","0.00","FW","0","0","0.00","0.00","0.00","0","Aston Villa","0","","","","","","","","","","","","","","","","","",""
"22-062","0","0.00","0","0","0","0","7aa8adfe","0","0","2","0","0","2","0","0","0.00","0.00","0","0.00","0.00","0.00","0.00","0","18","0.2","10.0","9","0.00","9","Alejandro Garnacho","ar ARG","1","0","0","0","0","0.00","0","0.00","0","0.00","+2.78","0.00","MF","0","0","0.00","0.00","0.00","0","Aston Villa","0","","","","","","","","","","","","","","","","","",""
"22-239","0","0.00","0","0","0","0","bca5c4a7","0","0","1","0","0","1","0","0","0.00","0.00","0","0.00","0.00","0.00","0.00","0","17","0.2","9.4","17","0.00","17","Lamare Bogarde","nl NED","0","0","0","0","0","0.00","0","0.00","0","0.00","+2.76","0.00","DF,MF","0","0","0.00","0.00","0.00","0","Aston Villa","1","","","","","","","","","","","","","","","","","",""
"33-172","0","0.00","0","0","0","0","8397a50c","0","0","1","0","0","1","0","0","0.00","0.00","0","0.00","0.00","0.00","0.00","0","17","0.2","9.4","17","0.00","17","Tyrone Mings","eng ENG","0","0","0","0","0","0.00","0","0.00","0","0.00","+2.76","0.00","DF","0","0","0.00","0.00","0.00","1","Aston Villa","1","","","","","","","","","","","","","","","","","",""
"28-279","0","0.00","0","0","0","0","9e525177","0","1","1","0","0","1","0","0","0.00","0.00","0","0.00","0.00","0.00","0.00","0","13","0.1","7.2","13","0.00","13","Aaron Wan-Bissaka","cd COD","0","0","0","0","0","0.00","0","0.00","0","0.00","+2.69","0.00","DF,MF","0","0","0.00","0.00","0.00","1","Aston Villa","0","","","","","","","","","","","","","","","","","",""
"24-052","0","0.00","0","0","0","0","ae9898c5","0","0","1","0","0","1","0","0","0.00","0.00","0","0.00","0.00","0.00","0.00","0","9","0.1","5.0","9","0.00","9","Matteo Ruggeri","it ITA","0","0","0","0","0","0.00","0","0.00","0","0.00","+2.63","0.00","DF,MF","0","0","0.00","0.00","0.00","0","Aston Villa","1","","","","","","","","","","","","","","","","","",""
"18-181","0.00","0.00","0.00","0.00","","","802ee5ca","","","0","0","0","0","0.00","0.00","0.00","0.00","0.00","0.00","0.00","","","","0.00","0.00","0.00","0.00","0.00","0.00","Bradley Burrowes","eng ENG","","0.00","0.00","","0.00","","0.00","","0.00","0.00","0.00","0.00","MF","","","","","","","Aston Villa","1","","","","","","","","","","","","","","","","","",""
"19-233","0.00","0.00","0.00","0.00","","","34a7127c","","","0","0","0","0","0.00","0.00","0.00","0.00","0.00","0.00","0.00","","","","0.00","0.00","0.00","0.00","0.00","0.00","Luka Lynch","eng ENG","","0.00","0.00","","0.00","","0.00","","0.00","0.00","0.00","0.00","FW","","","","","","","Aston Villa","2","","","","","","","","","","","","","","","","","",""
"20-106","0.00","0.00","0.00","0.00","","","3fcc22d5","","","0","0","0","0","0.00","0.00","0.00","0.00","0.00","0.00","0.00","","","","0.00","0.00","0.00","0.00","0.00","0.00","Triston Rowe","eng ENG","","0.00","0.00","","0.00","","0.00","","0.00","0.00","0.00","0.00","DF","","","","","","","Aston Villa","1","","","","","","","","","","","","","","","","","",""
"33-334","0","0.00","0","1","0","0","7a2e46a8","0","1","2","2","2","0","0","0","0.00","0.00","0","0.00","0.00","0.00","0.00","0","180","2.0","100.0","90","90","0.00","Alisson","br BRA","0","4","4","0","0","0.00","0","0.00","0","0.00","0.00","1.00","GK","0","0","0.00","0.00","0.00","0","Liverpool","0","0","0.0","2","2","4","2.00","0","180","1","1","0","0.0","0","50.0","4","8","2","0"
"26-345","0","0.00","0","0","0","0","8e92be30","2","1","2","2","2","0","1","1","0.50","0.50","1","0.50","0.50","0.14","0.33","0","180","2.0","100.0","90","90","0.00","Alexander Isak","se SWE","1","4","4","0","0","0.00","0","0.00","0","0.00","0.00","1.00","FW","7","3","42.9","1.50","3.50","0","Liverpool","0","","","","","","","","","","","","","","","","","",""
"25-311","0","0.00","0","0","0","20","934e1968","2","3","2","2","2","0","1","1","0.00","0.50","0","0.00","0.50","0.17","1.00","2","180","2.0","100.0","90","90","0.00","Dominik Szoboszlai","hu HUN","0","4","4","0","1","0.00","1","0.00","0","0.00","0.00","1.00","MF","6","1","16.7","0.50","3.00","3","Liverpool","0","","","","","","","","","","","","","","","","","",""
"35-055","0","0.00","0","1","0","0","e06683ca","0","0","2","2","2","0","0","0","0.00","0.00","0","0.00","0.00","0.00","0.00","1","180","2.0","100.0","90","90","0.00","Virgil van Dijk","nl NED","0","4","4","0","0","0.00","0","0.00","0","0.00","0.00","1.00","DF","2","1","50.0","0.50","1.00","1","Liverpool","0","","","","","","","","","","","","","","","","","",""
"25-265","0","0.00","0","1","0","9","74f2e748","1","2","2","1","2","0","0","0","0.00","0.00","0","0.00","0.00","0.00","0.00","0","160","1.8","88.9","80","80","0.00","Jeremie Frimpong","nl NED","1","4","3","0","0","0.00","0","0.00","-1","-0.56","-5.06","1.00","DF","1","0","0.0","0.00","0.56","1","Liverpool","0","","","","","","","","","","","","","","","","","",""
"27-117","1","0.56","0","0","0","8","1971591f","3","4","2","1","2","0","1","2","1.13","1.13","1","0.56","0.56","0.17","1.00","4","160","1.8","88.9","80","80","0.00","Cody Gakpo","nl NED","2","4","3","0","0","0.00","0","0.00","-1","-0.56","-5.06","1.00","MF","6","1","16.7","0.56","3.38","3","Liverpool","0","","","","","","","","","","","","","","","","","",""
"22-298","0","0.00","0","1","0","4","0ad53bdc","2","3","2","1","2","0","0","0","0.00","0.00","0","0.00","0.00","0.00","0.00","2","160","1.8","88.9","80","80","0.00","Milos Kerkez","hu HUN","0","4","3","0","0","0.00","0","0.00","-1","-0.56","-5.06","1.00","DF","2","1","50.0","0.56","1.13","2","Liverpool","0","","","","","","","","","","","","","","","","","",""
"23-121","1","0.59","0","1","0","2","e7fcf289","1","1","2","1","2","0","0","1","0.59","0.59","0","0.00","0.00","0.00","0.00","0","152","1.7","84.4","76","76","0.00","Florian Wirtz","de GER","0","4","3","0","0","0.00","0","0.00","-1","-0.59","-3.81","1.00","MF","5","2","40.0","1.18","2.96","2","Liverpool","0","","","","","","","","","","","","","","","","","",""
"21-050","0","0.00","0","0","0","0","cef70c94","3","1","2","0","2","0","0","0","0.00","0.00","0","0.00","0.00","0.00","0.00","4","145","1.6","80.6","73","73","0.00","Jérémy Jacquet","fr FRA","0","4","2","0","0","0.00","0","0.00","-2","-1.24","-6.38","1.00","DF","0","0","0.00","0.00","0.00","2","Liverpool","0","","","","","","","","","","","","","","","","","",""
"23-050","0","0.00","0","1","0","8","f8b5680f","4","4","2","1","1","1","1","1","0.76","0.76","1","0.76","0.76","0.17","1.00","3","118","1.3","65.6","59","90","28","Víctor Muñoz","es ESP","0","2","3","0","0","0.00","0","0.00","+1","+0.76","+2.21","1.00","MF","6","1","16.7","0.76","4.58","0","Liverpool","0","","","","","","","","","","","","","","","","","",""
"27-251","0","0.00","0","0","0","0","83d074ff","3","3","2","0","1","1","0","0","0.00","0.00","0","0.00","0.00","0.00","0.00","0","104","1.2","57.8","52","76","28","Alexis Mac Allister","ar ARG","0","2","2","0","0","0.00","0","0.00","0","0.00","0.00","1.00","MF","0","0","0.00","0.00","0.00","2","Liverpool","0","","","","","","","","","","","","","","","","","",""
"24-108","1","0.93","0","0","0","0","b8e740fb","4","1","2","0","1","1","0","1","0.93","0.93","0","0.00","0.00","0.00","0.00","2","97","1.1","53.9","49","77","20","Ryan Gravenberch","nl NED","0","2","2","0","0","0.00","0","0.00","0","0.00","0.00","1.00","MF","2","0","0.0","0.00","1.86","1","Liverpool","0","","","","","","","","","","","","","","","","","",""
"18-003","0","0.00","0","0","0","5","022eca88","1","1","2","0","1","1","0","0","0.00","0.00","0","0.00","0.00","0.00","0.00","0","82","0.9","45.6","41","62","20","Rio Ngumoha","eng ENG","0","2","2","0","0","0.00","0","0.00","0","0.00","0.00","1.00","MF","1","0","0.0","0.00","1.10","1","Liverpool","0","","","","","","","","","","","","","","","","","",""
"27-178","0","0.00","0","1","0","0","2bef2bca","0","2","2","0","0","2","0","0","0.00","0.00","0","0.00","0.00","0.00","0.00","0","35","0.4","19.4","18","0.00","18","Ronald Araújo","uy URU","0","0","2","0","0","0.00","0","0.00","+2","+5.14","+6.38","1.00","DF","0","0","0.00","0.00","0.00","0","Liverpool","0","","","","","","","","","","","","","","","","","",""
"30-112","0","0.00","0","0","0","1","f315ca93","0","1","1","0","0","1","0","0","0.00","0.00","0","0.00","0.00","0.00","0.00","0","20","0.2","11.1","20","0.00","20","Kostas Tsimikas","gr GRE","0","0","1","0","0","0.00","0","0.00","+1","+4.50","+5.06","1.00","DF","1","1","100.0","4.50","4.50","0","Liverpool","1","","","","","","","","","","","","","","","","","",""
"19-063","0","0.00","0","0","0","0","1d3b3d77","0","0","1","0","0","1","0","0","0.00","0.00","0","0.00","0.00","0.00","0.00","1","14","0.2","7.8","14","0.00","14","Trey Nyoni","eng ENG","0","0","1","0","0","0.00","0","0.00","+1","+6.43","+6.97","1.00","MF","0","0","0.00","0.00","0.00","0","Liverpool","1","","","","","","","","","","","","","","","","","",""
"20-347","0","0.00","0","0","0","0","d77edba6","0","0","1","0","0","1","0","0","0.00","0.00","0","0.00","0.00","0.00","0.00","0","13","0.1","7.2","13","0.00","13","Lewis Koumas","wls WAL","0","0","1","0","0","0.00","0","0.00","+1","+6.92","+7.46","1.00","MF","1","0","0.0","0.00","6.92","0","Liverpool","1","","","","","","","","","","","","","","","","","",""
"33-204","0.00","0.00","0.00","0.00","","","c149016b","","","0","0","0","0","0.00","0.00","0.00","0.00","0.00","0.00","0.00","","","","0.00","0.00","0.00","0.00","0.00","0.00","Wataru Endo","jp JPN","","0.00","0.00","","0.00","","0.00","","0.00","0.00","0.00","0.00","DF,MF","","","","","","","Liverpool","2","","","","","","","","","","","","","","","","","",""
"25-337","0.00","0.00","0.00","0.00","","","d4b73232","","","0","0","0","0","0.00","0.00","0.00","0.00","0.00","0.00","0.00","","","","0.00","0.00","0.00","0.00","0.00","0.00","Giorgi Mamardashvili","ge GEO","","0.00","0.00","","0.00","","0.00","","0.00","0.00","0.00","0.00","GK","","","","","","","Liverpool","2","","","","","","","","","","","","","","","","","",""
"21-353","0.00","0.00","0.00","0.00","","","bf973eeb","","","0","0","0","0","0.00","0.00","0.00","0.00","0.00","0.00","0.00","","","","0.00","0.00","0.00","0.00","0.00","0.00","James McConnell","eng ENG","","0.00","0.00","","0.00","","0.00","","0.00","0.00","0.00","0.00","MF","","","","","","","Liverpool","2","","","","","","","","","","","","","","","","","",""
"24-234","0","0.00","0","0","0","0","69942fb3","1","3","2","2","2","0","0","0","0.00","0.00","0","0.00","0.00","0.00","0.00","3","180","2.0","100.0","90","90","0.00","James Hill","eng ENG","1","3","2","0","0","0.00","0","0.00","-1","-0.50","0.00","0.50","DF","0","0","0.00","0.00","0.00","2","Bournemouth","0","","","","","","","","","","","","","","","","","",""
"26-328","0","0.00","0","0","0","0","0cf321c8","0","0","2","2","2","0","0","0","0.00","0.00","0","0.00","0.00","0.00","0.00","0","180","2.0","100.0","90","90","0.00","Đorđe Petrović","rs SRB","0","3","2","0","0","0.00","0","0.00","-1","-0.50","0.00","0.50","GK","0","0","0.00","0.00","0.00","0","Bournemouth","0","0","0.0","2","2","3","1.50","1","180","0","0","0","0.00","0","75.0","9","12","1","0"
"22-306","0","0.00","0","1","0","0","8f0435c7","0","1","2","2","2","0","0","0","0.00","0.00","0","0.00","0.00","0.00","0.00","2","180","2.0","100.0","90","90","0.00","António Silva","pt POR","0","3","2","0","0","0.00","0","0.00","-1","-0.50","0.00","0.50","DF","1","0","0.0","0.00","0.50","2","Bournemouth","0","","","","","","","","","","","","","","","","","",""
"35-125","0","0.00","0","1","0","2","20b104bc","3","2","2","2","2","0","0","0","0.00","0.00","0","0.00","0.00","0.00","0.00","3","180","2.0","100.0","90","90","0.00","Adam Smith","eng ENG","0","3","2","0","0","0.00","0","0.00","-1","-0.50","0.00","0.50","DF","0","0","0.00","0.00","0.00","1","Bournemouth","0","","","","","","","","","","","","","","","","","",""
"27-163","0","0.00","0","1","0","11","5c0da4a4","4","1","2","2","2","0","1","1","0.50","0.50","1","0.50","0.50","0.25","1.00","0","180","2.0","100.0","90","90","0.00","Marcus Tavernier","eng ENG","0","3","2","0","0","0.00","0","0.00","-1","-0.50","0.00","0.50","MF","4","1","25.0","0.50","2.00","3","Bournemouth","0","","","","","","","","","","","","","","","","","",""
"24-285","0","0.00","0","0","0","5","5d0e0a1f","2","4","2","2","2","0","0","0","0.00","0.00","0","0.00","0.00","0.00","0.00","2","180","2.0","100.0","90","90","0.00","Adrien Truffert","fr FRA","0","3","2","0","0","0.00","0","0.00","-1","-0.50","0.00","0.50","DF","0","0","0.00","0.00","0.00","1","Bournemouth","0","","","","","","","","","","","","","","","","","",""
"20-029","0","0.00","0","0","0","0","288647fc","0","0","2","1","2","0","0","0","0.00","0.00","0","0.00","0.00","0.00","0.00","1","178","2.0","98.9","89","89","0.00","Rayan","br BRA","0","2","2","0","0","0.00","0","0.00","0","0.00","+45.00","0.50","MF","6","3","50.0","1.52","3.03","0","Bournemouth","0","","","","","","","","","","","","","","","","","",""
"23-011","0","0.00","0","1","0","8","104d0bb8","4","2","2","1","2","0","1","1","0.51","0.51","1","0.51","0.51","0.50","1.00","2","176","2.0","97.8","88","88","0.00","Alex Scott","eng ENG","0","2","2","0","0","0.00","0","0.00","0","0.00","+22.50","0.50","MF","2","1","50.0","0.51","1.02","4","Bournemouth","0","","","","","","","","","","","","","","","","","",""
"26-330","2","1.17","0","1","0","0","6f3cc2fe","5","5","2","0","2","0","0","2","1.17","1.17","0","0.00","0.00","0.00","0.00","3","154","1.7","85.6","77","77","0.00","Evanilson","br BRA","0","0","2","0","0","0.00","0","0.00","+2","+1.17","+11.55","0.50","FW","3","0","0.0","0.00","1.75","0","Bournemouth","0","","","","","","","","","","","","","","","","","",""
"27-119","0","0.00","0","0","0","3","4c3a6744","2","2","2","0","2","0","0","0","0.00","0.00","0","0.00","0.00","0.00","0.00","1","154","1.7","85.6","77","77","0.00","Justin Kluivert","nl NED","0","0","2","0","0","0.00","0","0.00","+2","+1.17","+11.55","0.50","MF","5","3","60.0","1.75","2.92","2","Bournemouth","0","","","","","","","","","","","","","","","","","",""
"29-210","0","0.00","0","0","0","0","2afc7272","0","0","2","0","2","0","0","0","0.00","0.00","0","0.00","0.00","0.00","0.00","2","142","1.6","78.9","71","71","0.00","Lewis Cook","eng ENG","0","0","2","0","0","0.00","0","0.00","+2","+1.27","+8.37","0.50","MF","0","0","0.00","0.00","0.00","0","Bournemouth","0","","","","","","","","","","","","","","","","","",""
"27-199","0","0.00","0","0","0","0","2b09d998","0","0","2","0","0","2","0","0","0.00","0.00","0","0.00","0.00","0.00","0.00","2","38","0.4","21.1","19","0.00","19","Tyler Adams","us USA","0","3","0","0","0","0.00","0","0.00","-3","-7.11","-8.37","0.50","MF","0","0","0.00","0.00","0.00","0","Bournemouth","0","","","","","","","","","","","","","","","","","",""
"23-019","0","0.00","0","0","0","0","03edb878","1","0","1","0","0","1","0","0","0.00","0.00","0","0.00","0.00","0.00","0.00","0","16","0.2","8.9","16","0.00","16","Daniel Jebbison","ca CAN","0","2","0","0","0","0.00","0","0.00","-2","-11.25","-11.80","0.00","FW","1","1","100.0","5.63","5.63","0","Bournemouth","1","","","","","","","","","","","","","","","","","",""
"20-313","0","0.00","0","0","0","0","5e18c6f4","0","0","1","0","0","1","0","0","0.00","0.00","0","0.00","0.00","0.00","0.00","0","16","0.2","8.9","16","0.00","16","Alex Tóth","hu HUN","0","2","0","0","0","0.00","0","0.00","-2","-11.25","-11.80","0.00","MF","0","0","0.00","0.00","0.00","1","Bournemouth","0","","","","","","","","","","","","","","","","","",""
"29-055","0","0.00","0","0","0","0","dc4cae05","1","1","1","0","0","1","0","0","0.00","0.00","0","0.00","0.00","0.00","0.00","0","10","0.1","5.6","10","0.00","10","David Brooks","wls WAL","0","1","0","0","0","0.00","0","0.00","-1","-9.00","-9.00","1.00","FW,MF","0","0","0.00","0.00","0.00","0","Bournemouth","1","","","","","","","","","","","","","","","","","",""
"22-049","0","0.00","0","0","0","0","49a6ecbb","1","1","1","0","0","1","0","0","0.00","0.00","0","0.00","0.00","0.00","0.00","0","10","0.1","5.6","10","0.00","10","Álvaro Rodríguez","uy URU","0","1","0","0","0","0.00","0","0.00","-1","-9.00","-9.00","1.00","FW","0","0","0.00","0.00","0.00","0","Bournemouth","1","","","","","","","","","","","","","","","","","",""
"31-191","0","0.00","0","0","0","0","26ce2263","0","0","1","0","0","1","0","0","0.00","0.00","0","0.00","0.00","0.00","0.00","0","4","0.0","2.2","4","0.00","4","Ryan Christie","sct SCO","0","1","0","0","0","0.00","0","0.00","-1","-22.50","-22.50","1.00","FW,MF","0","0","0.00","0.00","0.00","1","Bournemouth","0","","","","","","","","","","","","","","","","","",""
"20-294","0","0.00","0","0","0","1","733f1a7d","0","0","1","0","0","1","0","0","0.00","0.00","0","0.00","0.00","0.00","0.00","0","2","0.0","1.1","2","0.00","2","Ben Gannon-Doak","sct SCO","0","1","0","0","0","0.00","0","0.00","-1","-45.00","-45.00","0.00","MF","0","0","0.00","0.00","0.00","0","Bournemouth","1","","","","","","","","","","","","","","","","","",""
"26-053","0.00","0.00","0.00","0.00","","","d8edc4be","","","0","0","0","0","0.00","0.00","0.00","0.00","0.00","0.00","0.00","","","","0.00","0.00","0.00","0.00","0.00","0.00","Will Dennis","eng ENG","","0.00","0.00","","0.00","","0.00","","0.00","0.00","0.00","0.00","GK","","","","","","","Bournemouth","1","","","","","","","","","","","","","","","","","",""
"29-036","0.00","0.00","0.00","0.00","","","4e0c8d66","","","0","0","0","0","0.00","0.00","0.00","0.00","0.00","0.00","0.00","","","","0.00","0.00","0.00","0.00","0.00","0.00","Michele Di Gregorio","it ITA","","0.00","0.00","","0.00","","0.00","","0.00","0.00","0.00","0.00","GK","","","","","","","Bournemouth","1","","","","","","","","","","","","","","","","","",""
"25-238","0.00","0.00","0.00","0.00","","","1bfb6fef","","","0","0","0","0","0.00","0.00","0.00","0.00","0.00","0.00","0.00","","","","0.00","0.00","0.00","0.00","0.00","0.00","Bafodé Diakité","fr FRA","","0.00","0.00","","0.00","","0.00","","0.00","0.00","0.00","0.00","DF","","","","","","","Bournemouth","2","","","","","","","","","","","","","","","","","",""
"23-017","0.00","0.00","0.00","0.00","","","cc6de655","","","0","0","0","0","0.00","0.00","0.00","0.00","0.00","0.00","0.00","","","","0.00","0.00","0.00","0.00","0.00","0.00","Juanlu Sánchez","es ESP","","0.00","0.00","","0.00","","0.00","","0.00","0.00","0.00","0.00","DF,MF","","","","","","","Bournemouth","1","","","","","","","","","","","","","","","","","",""
"21-197","0.00","0.00","0.00","0.00","","","98c8559a","","","0","0","0","0","0.00","0.00","0.00","0.00","0.00","0.00","0.00","","","","0.00","0.00","0.00","0.00","0.00","0.00","Julio Soler","ar ARG","","0.00","0.00","","0.00","","0.00","","0.00","0.00","0.00","0.00","DF","","","","","","","Bournemouth","1","","","","","","","","","","","","","","","","","",""
"26-344","0","0.00","0","1","0","0","38f300f3","2","3","2","2","2","0","0","0","0.00","0.00","0","0.00","0.00","0.00","0.00","1","180","2.0","100.0","90","90","0.00","Daniel Ballard","nir NIR","0","2","2","0","0","0.00","0","0.00","0","0.00","0.00","1.50","DF","1","0","0.0","0.00","0.50","1","Sunderland","0","","","","","","","","","","","","","","","","","",""
"32-223","0","0.00","0","0","0","3","c20bdcd7","2","5","2","2","2","0","0","0","0.00","0.00","0","0.00","0.00","0.00","0.00","4","180","2.0","100.0","90","90","0.00","Reinildo Mandava","mz MOZ","0","2","2","0","0","0.00","0","0.00","0","0.00","0.00","1.50","DF","0","0","0.00","0.00","0.00","2","Sunderland","0","","","","","","","","","","","","","","","","","",""
"34-354","0","0.00","0","0","0","7","e162b013","0","1","2","2","2","0","0","0","0.00","0.00","0","0.00","0.00","0.00","0.00","3","180","2.0","100.0","90","90","0.00","Thomas Meunier","be BEL","0","2","2","0","0","0.00","0","0.00","0","0.00","0.00","1.50","DF","3","2","66.7","1.00","1.50","1","Sunderland","0","","","","","","","","","","","","","","","","","",""
"23-227","0","0.00","0","0","0","0","349fa918","1","0","2","2","2","0","0","0","0.00","0.00","0","0.00","0.00","0.00","0.00","0","180","2.0","100.0","90","90","0.00","Robin Roefs","nl NED","0","2","2","0","0","0.00","0","0.00","0","0.00","0.00","1.50","GK","0","0","0.00","0.00","0.00","0","Sunderland","0","1","50.0","2","2","2","1.00","1","180","0","0","0","0.00","0","33.3","1","3","0","1"
"21-258","0","0.00","0","0","0","2","645481cc","4","1","2","2","2","0","0","0","0.00","0.00","0","0.00","0.00","0.00","0.00","2","180","2.0","100.0","90","90","0.00","Noah Sadiki","cd COD","0","2","2","0","0","0.00","0","0.00","0","0.00","0.00","1.50","MF","2","1","50.0","0.50","1.00","3","Sunderland","0","","","","","","","","","","","","","","","","","",""
"33-339","0","0.00","0","0","0","11","e61b8aee","7","1","2","2","2","0","0","0","0.00","0.00","0","0.00","0.00","0.00","0.00","2","180","2.0","100.0","90","90","0.00","Granit Xhaka","ch SUI","0","2","2","0","0","0.00","0","0.00","0","0.00","0.00","1.50","MF","0","0","0.00","0.00","0.00","1","Sunderland","0","","","","","","","","","","","","","","","","","",""
"24-167","0","0.00","0","0","0","4","4fa3a3a4","0","3","2","1","2","0","0","0","0.00","0.00","0","0.00","0.00","0.00","0.00","1","169","1.9","93.9","85","85","0.00","Trai Hume","nir NIR","0","1","2","0","0","0.00","0","0.00","+1","+0.53","+8.71","1.50","MF","2","0","0.0","0.00","1.07","4","Sunderland","0","","","","","","","","","","","","","","","","","",""
"26-210","0","0.00","0","0","0","4","6f806d99","3","1","2","0","2","0","0","0","0.00","0.00","0","0.00","0.00","0.00","0.00","1","168","1.9","93.3","84","84","0.00","Enzo Le Fée","fr FRA","1","1","2","0","0","0.00","0","0.00","+1","+0.54","+8.04","1.50","MF","4","1","25.0","0.54","2.14","2","Sunderland","0","","","","","","","","","","","","","","","","","",""
"24-212","0","0.00","0","0","0","0","4c184730","1","3","2","0","2","0","0","0","0.00","0.00","0","0.00","0.00","0.00","0.00","0","129","1.4","71.7","65","65","0.00","Brian Brobbey","nl NED","3","1","1","0","0","0.00","0","0.00","0","0.00","0.00","1.50","FW","3","1","33.3","0.70","2.09","0","Sunderland","0","","","","","","","","","","","","","","","","","",""
"23-074","0","0.00","0","1","0","4","a9b9d89c","4","2","2","0","2","0","1","1","0.74","0.74","1","0.74","0.74","0.50","1.00","1","122","1.4","67.8","61","61","0.00","Nilson Angulo","ec ECU","0","1","1","0","0","0.00","0","0.00","0","0.00","0.00","1.50","MF","2","1","50.0","0.74","1.48","1","Sunderland","0","","","","","","","","","","","","","","","","","",""
"28-304","0","0.00","0","0","0","1","ac73ec79","0","0","1","1","1","0","0","0","0.00","0.00","0","0.00","0.00","0.00","0.00","1","90","1.0","50.0","90","90","0.00","Nordi Mukiele","fr FRA","0","0","1","0","0","0.00","0","0.00","+1","+1.00","+2.00","3.00","DF","0","0","0.00","0.00","0.00","0","Sunderland","1","","","","","","","","","","","","","","","","","",""
"31-284","0","0.00","0","1","0","2","8092d497","0","2","1","0","1","0","0","0","0.00","0.00","0","0.00","0.00","0.00","0.00","0","66","0.7","36.7","66","66","0.00","Luke O'Nien","eng ENG","0","1","1","0","0","0.00","0","0.00","0","0.00","0.00","0.00","DF","1","0","0.0","0.00","1.36","0","Sunderland","1","","","","","","","","","","","","","","","","","",""
"26-005","0","0.00","0","0","0","0","a671316d","2","0","2","0","0","2","1","1","1.76","1.76","1","1.76","1.76","0.33","1.00","0","51","0.6","28.3","26","0.00","26","Wilson Isidor","ht HAI","0","1","1","0","0","0.00","0","0.00","0","0.00","0.00","1.50","FW,MF","3","1","33.3","1.76","5.29","0","Sunderland","0","","","","","","","","","","","","","","","","","",""
"21-115","0","0.00","0","0","0","3","47ce793b","0","1","1","0","0","1","0","0","0.00","0.00","0","0.00","0.00","0.00","0.00","0","32","0.4","17.8","32","0.00","32","Chemsdine Talbi","ma MAR","1","1","0","0","0","0.00","0","0.00","-1","-2.81","-3.42","0.00","MF","0","0","0.00","0.00","0.00","0","Sunderland","1","","","","","","","","","","","","","","","","","",""
"22-241","1","3.10","0","0","0","0","6d0fe035","0","1","2","0","0","2","0","1","3.10","3.10","0","0.00","0.00","0.00","0.00","0","29","0.3","16.1","15","0.00","15","Habib Diarra","sn SEN","0","1","1","0","0","0.00","0","0.00","0","0.00","0.00","1.50","MF","1","0","0.0","0.00","3.10","0","Sunderland","0","","","","","","","","","","","","","","","","","",""
"29-249","0","0.00","0","0","0","0","bb08bce9","0","0","1","0","0","1","0","0","0.00","0.00","0","0.00","0.00","0.00","0.00","0","24","0.3","13.3","24","0.00","24","Omar Alderete","py PAR","0","1","0","0","0","0.00","0","0.00","-1","-3.75","-4.33","0.00","DF","0","0","0.00","0.00","0.00","0","Sunderland","1","","","","","","","","","","","","","","","","","",""
"19-075","0","0.00","0","0","0","0","35741fe2","0","0","2","0","0","2","0","0","0.00","0.00","0","0.00","0.00","0.00","0.00","0","19","0.2","10.6","10","0.00","10","Chris Rigg","eng ENG","0","1","0","0","0","0.00","0","0.00","-1","-4.74","-5.30","1.50","MF","0","0","0.00","0.00","0.00","0","Sunderland","0","","","","","","","","","","","","","","","","","",""
"23-130","0","0.00","0","0","0","0","597610cd","0","0","1","0","0","1","0","0","0.00","0.00","0","0.00","0.00","0.00","0.00","0","1","0.0","0.6","1","0.00","1","Romaine Mundle","eng ENG","0","0","0","0","0","0.00","0","0.00","0","0.00","0.00","3.00","MF","1","1","100.0","90.00","90.00","0","Sunderland","1","","","","","","","","","","","","","","","","","",""
"20-116","0.00","0.00","0.00","0.00","","","f470e8d1","","","0","0","0","0","0.00","0.00","0.00","0.00","0.00","0.00","0.00","","","","0.00","0.00","0.00","0.00","0.00","0.00","Jules Ahoka","cd COD","","0.00","0.00","","0.00","","0.00","","0.00","0.00","0.00","0.00","MF","","","","","","","Sunderland","1","","","","","","","","","","","","","","","","","",""
"23-102","0.00","0.00","0.00","0.00","","","013d348e","","","0","0","0","0","0.00","0.00","0.00","0.00","0.00","0.00","0.00","","","","0.00","0.00","0.00","0.00","0.00","0.00","Melker Ellborg","se SWE","","0.00","0.00","","0.00","","0.00","","0.00","0.00","0.00","0.00","GK","","","","","","","Sunderland","2","","","","","","","","","","","","","","","","","",""
"21-204","0.00","0.00","0.00","0.00","","","1f019509","","","0","0","0","0","0.00","0.00","0.00","0.00","0.00","0.00","0.00","","","","0.00","0.00","0.00","0.00","0.00","0.00","Jocelin Ta Bi","ci CIV","","0.00","0.00","","0.00","","0.00","","0.00","0.00","0.00","0.00","FW","","","","","","","Sunderland","1","","","","","","","","","","","","","","","","","",""
"28-287","0","0.00","0","1","0","5","403f5d20","3","4","2","2","2","0","0","0","0.00","0.00","0","0.00","0.00","0.00","0.00","3","180","2.0","100.0","90","90","0.00","Olivier Boscagli","fr FRA","0","4","7","0","0","0.00","0","0.00","+3","+1.50","0.00","1.50","MF,DF","1","1","100.0","0.50","0.50","1","Brighton","0","","","","","","","","","","","","","","","","","",""
"34-284","0","0.00","0","1","0","2","282f75f3","2","3","2","2","2","0","0","0","0.00","0.00","0","0.00","0.00","0.00","0.00","2","180","2.0","100.0","90","90","0.00","Lewis Dunk","eng ENG","0","4","7","0","0","0.00","0","0.00","+3","+1.50","0.00","1.50","DF","0","0","0.00","0.00","0.00","2","Brighton","0","","","","","","","","","","","","","","","","","",""
"35-078","0","0.00","0","1","0","18","8aec0537","0","3","2","2","2","0","1","1","0.50","0.50","1","0.50","0.50","1.00","1.00","0","180","2.0","100.0","90","90","0.00","Pascal Groß","de GER","0","4","7","0","0","0.00","0","0.00","+3","+1.50","0.00","1.50","MF","1","1","100.0","0.50","0.50","2","Brighton","0","","","","","","","","","","","","","","","","","",""
"24-014","0","0.00","0","0","0","0","cf134113","0","0","2","2","2","0","0","0","0.00","0.00","0","0.00","0.00","0.00","0.00","0","180","2.0","100.0","90","90","0.00","Bart Verbruggen","nl NED","0","4","7","0","0","0.00","0","0.00","+3","+1.50","0.00","1.50","GK","0","0","0.00","0.00","0.00","0","Brighton","0","1","50.0","2","2","4","2.00","1","180","0","0","0","0.00","0","20.0","1","5","0","1"
"19-189","0","0.00","0","0","0","0","fd6bdbce","0","2","2","2","2","0","0","0","0.00","0.00","0","0.00","0.00","0.00","0.00","0","180","2.0","100.0","90","90","0.00","Luka Vušković","hr CRO","0","4","7","0","0","0.00","0","0.00","+3","+1.50","0.00","1.50","DF","4","0","0.0","0.00","2.00","1","Brighton","0","","","","","","","","","","","","","","","","","",""
"23-158","1","0.51","0","0","0","4","916728da","0","2","2","1","2","0","0","1","0.51","0.51","0","0.00","0.00","0.00","0.00","2","175","1.9","97.2","88","88","0.00","Diego Gómez","py PAR","2","4","7","0","0","0.00","0","0.00","+3","+1.54","+1.54","1.50","MF","8","3","37.5","1.54","4.11","4","Brighton","0","","","","","","","","","","","","","","","","","",""
"25-253","0","0.00","0","0","0","13","d494882e","0","4","2","1","2","0","1","1","0.54","0.54","1","0.54","0.54","0.20","1.00","2","167","1.9","92.8","84","84","0.00","Maxim De Cuyper","be BEL","1","4","7","0","0","0.00","0","0.00","+3","+1.62","+1.62","1.50","MF","5","1","20.0","0.54","2.69","3","Brighton","0","","","","","","","","","","","","","","","","","",""
"26-289","0","0.00","0","0","0","5","4876c9ab","3","1","2","0","2","0","0","0","0.00","0.00","0","0.00","0.00","0.00","0.00","5","156","1.7","86.7","78","78","0.00","Mats Wieffer","nl NED","0","4","6","0","0","0.00","0","0.00","+2","+1.15","-2.60","1.50","DF","2","0","0.0","0.00","1.15","1","Brighton","0","","","","","","","","","","","","","","","","","",""
"19-094","0","0.00","0","0","0","1","816010c4","0","1","2","0","1","1","0","0","0.00","0.00","0","0.00","0.00","0.00","0.00","0","106","1.2","58.9","53","79","27","Charalampos Kostoulas","gr GRE","1","4","2","0","0","0.00","0","0.00","-2","-1.70","-7.78","1.50","FW","3","1","33.3","0.85","2.55","0","Brighton","0","","","","","","","","","","","","","","","","","",""
"26-329","0","0.00","0","0","0","1","66c52a77","1","0","1","1","1","0","0","0","0.00","0.00","0","0.00","0.00","0.00","0.00","0","90","1.0","50.0","90","90","0.00","Ferdi Kadioglu","tr TUR","0","4","3","0","0","0.00","0","0.00","-1","-1.00","-5.00","0.00","DF","1","0","0.0","0.00","1.00","0","Brighton","0","","","","","","","","","","","","","","","","","",""
"24-134","1","1.00","0","0","0","0","c64c01fc","0","0","1","1","1","0","0","1","1.00","1.00","0","0.00","0.00","0.00","0.00","0","90","1.0","50.0","90","90","0.00","Georginio Rutter","fr FRA","2","0","4","0","0","0.00","0","0.00","+4","+4.00","+5.00","3.00","FW","2","0","0.0","0.00","2.00","2","Brighton","0","","","","","","","","","","","","","","","","","",""
"20-287","0","0.00","0","0","0","2","e295402e","0","0","2","0","1","1","1","1","1.15","1.15","1","1.15","1.15","0.50","0.50","0","78","0.9","43.3","39","73","5","Malick Yalcouye","ci CIV","0","4","2","0","0","0.00","0","0.00","-2","-2.31","-6.72","1.50","MF","2","2","100.0","2.31","2.31","1","Brighton","0","","","","","","","","","","","","","","","","","",""
"22-330","0","0.00","0","1","0","0","f173303a","1","2","1","0","1","0","0","0","0.00","0.00","0","0.00","0.00","0.00","0.00","0","63","0.7","35.0","63","63","0.00","Yasin Ayari","se SWE","0","0","4","0","0","0.00","0","0.00","+4","+5.71","+6.48","3.00","MF","2","0","0.0","0.00","2.86","0","Brighton","0","","","","","","","","","","","","","","","","","",""
"21-143","0","0.00","0","0","0","0","e98211e7","2","0","1","0","1","0","2","2","2.86","2.86","2","2.86","2.86","0.67","1.00","0","63","0.7","35.0","63","63","0.00","Jack Hinshelwood","eng ENG","0","0","4","0","0","0.00","0","0.00","+4","+5.71","+6.48","3.00","MF","3","2","66.7","2.86","4.29","2","Brighton","0","","","","","","","","","","","","","","","","","",""
"26-159","0","0.00","0","1","0","0","80bc5e71","0","1","2","0","0","2","0","0","0.00","0.00","0","0.00","0.00","0.00","0.00","1","38","0.4","21.1","19","0.00","19","Costinha","pt POR","0","0","1","0","0","0.00","0","0.00","+1","+2.37","+1.10","1.50","DF,MF","2","1","50.0","2.37","4.74","1","Brighton","0","","","","","","","","","","","","","","","","","",""
"21-276","0","0.00","0","0","0","3","acdfe835","2","0","2","0","0","2","0","0","0.00","0.00","0","0.00","0.00","0.00","0.00","0","30","0.3","16.7","15","0.00","15","Ibrahim Osman","gh GHA","0","0","1","0","0","0.00","0","0.00","+1","+3.00","+1.80","1.50","FW,MF","0","0","0.00","0.00","0.00","1","Brighton","0","","","","","","","","","","","","","","","","","",""
"19-064","0","0.00","0","0","0","0","4a76513e","0","1","1","0","0","1","0","0","0.00","0.00","0","0.00","0.00","0.00","0.00","0","13","0.1","7.2","13","0.00","13","Zadok Yohanna","ng NGA","0","0","0","0","0","0.00","0","0.00","0","0.00","-1.62","3.00","FW","0","0","0.00","0.00","0.00","0","Brighton","0","","","","","","","","","","","","","","","","","",""
"25-060","0","0.00","0","0","0","0","dbe19468","0","0","1","0","0","1","0","0","0.00","0.00","0","0.00","0.00","0.00","0.00","0","11","0.1","6.1","11","0.00","11","Promise David","ca CAN","0","0","1","0","0","0.00","0","0.00","+1","+8.18","+7.12","0.00","FW","0","0","0.00","0.00","0.00","0","Brighton","1","","","","","","","","","","","","","","","","","",""
"21-095","0.00","0.00","0.00","0.00","","","04eb7d82","","","0","0","0","0","0.00","0.00","0.00","0.00","0.00","0.00","0.00","","","","0.00","0.00","0.00","0.00","0.00","0.00","Amario Cozier-Duberry","eng ENG","","0.00","0.00","","0.00","","0.00","","0.00","0.00","0.00","0.00","FW,MF","","","","","","","Brighton","1","","","","","","","","","","","","","","","","","",""
"23-159","0.00","0.00","0.00","0.00","","","576817b7","","","0","0","0","0","0.00","0.00","0.00","0.00","0.00","0.00","0.00","","","","0.00","0.00","0.00","0.00","0.00","0.00","Jaouen Hadjam","dz ALG","","0.00","0.00","","0.00","","0.00","","0.00","0.00","0.00","0.00","DF","","","","","","","Brighton","1","","","","","","","","","","","","","","","","","",""
"25-284","0.00","0.00","0.00","0.00","","","fb495bb8","","","0","0","0","0","0.00","0.00","0.00","0.00","0.00","0.00","0.00","","","","0.00","0.00","0.00","0.00","0.00","0.00","Matt O'Riley","dk DEN","","0.00","0.00","","0.00","","0.00","","0.00","0.00","0.00","0.00","MF","","","","","","","Brighton","1","","","","","","","","","","","","","","","","","",""
"19-082","0.00","0.00","0.00","0.00","","","febb2831","","","0","0","0","0","0.00","0.00","0.00","0.00","0.00","0.00","0.00","","","","0.00","0.00","0.00","0.00","0.00","0.00","Nehemiah Oriola","eng ENG","","0.00","0.00","","0.00","","0.00","","0.00","0.00","0.00","0.00","MF","","","","","","","Brighton","1","","","","","","","","","","","","","","","","","",""
"36-014","0.00","0.00","0.00","0.00","","","28300a16","","","0","0","0","0","0.00","0.00","0.00","0.00","0.00","0.00","0.00","","","","0.00","0.00","0.00","0.00","0.00","0.00","Jason Steele","eng ENG","","0.00","0.00","","0.00","","0.00","","0.00","0.00","0.00","0.00","GK","","","","","","","Brighton","2","","","","","","","","","","","","","","","","","",""
"27-021","0.00","0.00","0.00","0.00","","","f4d296e4","","","0","0","0","0","0.00","0.00","0.00","0.00","0.00","0.00","0.00","","","","0.00","0.00","0.00","0.00","0.00","0.00","Pascal Struijk","nl NED","","0.00","0.00","","0.00","","0.00","","0.00","0.00","0.00","0.00","DF","","","","","","","Brighton","2","","","","","","","","","","","","","","","","","",""
"27-321","0.00","0.00","0.00","0.00","","","8abd174d","","","0","0","0","0","0.00","0.00","0.00","0.00","0.00","0.00","0.00","","","","0.00","0.00","0.00","0.00","0.00","0.00","Michael Svoboda","at AUT","","0.00","0.00","","0.00","","0.00","","0.00","0.00","0.00","0.00","DF","","","","","","","Brighton","1","","","","","","","","","","","","","","","","","",""
"28-137","0","0.00","0","1","0","0","a8c0acb7","1","2","2","2","2","0","0","0","0.00","0.00","0","0.00","0.00","0.00","0.00","2","180","2.0","100.0","90","90","0.00","Kristoffer Ajer","no NOR","0","1","4","0","0","0.00","0","0.00","+3","+1.50","0.00","2.00","DF","1","1","100.0","0.50","0.50","1","Brentford","0","","","","","","","","","","","","","","","","","",""
"25-124","0","0.00","0","1","0","0","a8c19eb8","2","2","2","2","2","0","0","0","0.00","0.00","0","0.00","0.00","0.00","0.00","2","180","2.0","100.0","90","90","0.00","Nathan Collins","ie IRL","1","1","4","0","0","0.00","0","0.00","+3","+1.50","0.00","2.00","DF","5","1","20.0","0.50","2.50","2","Brentford","0","","","","","","","","","","","","","","","","","",""
"28-114","0","0.00","0","2","0","9","8449d35e","1","5","2","2","2","0","1","1","0.50","0.50","1","0.50","0.50","0.50","1.00","8","180","2.0","100.0","90","90","0.00","Vitaly Janelt","de GER","0","1","4","0","0","0.00","0","0.00","+3","+1.50","0.00","2.00","MF","2","1","50.0","0.50","1.00","4","Brentford","0","","","","","","","","","","","","","","","","","",""
"27-282","0","0.00","0","0","0","0","62d7ef38","0","0","2","2","2","0","0","0","0.00","0.00","0","0.00","0.00","0.00","0.00","0","180","2.0","100.0","90","90","0.00","Caoimhín Kelleher","ie IRL","0","1","4","0","0","0.00","0","0.00","+3","+1.50","0.00","2.00","GK","0","0","0.00","0.00","0.00","0","Brentford","0","1","50.0","2","2","1","0.50","0","180","0","0","0","0.00","0","83.3","5","6","1","1"
"25-191","1","0.51","0","0","0","10","41f08ac8","0","2","2","1","2","0","1","2","1.02","1.02","1","0.51","0.51","0.33","1.00","2","177","2.0","98.3","89","89","0.00","Keane Lewis-Potter","eng ENG","0","1","4","0","0","0.00","0","0.00","+3","+1.53","+1.53","2.00","DF","3","1","33.3","0.51","1.53","2","Brentford","0","","","","","","","","","","","","","","","","","",""
"24-278","0","0.00","0","0","0","0","52afb588","4","1","2","1","2","0","1","1","0.51","0.51","1","0.51","0.51","0.13","0.33","1","177","2.0","98.3","89","89","0.00","Kevin Schade","de GER","0","1","4","0","0","0.00","0","0.00","+3","+1.53","+1.53","2.00","MF","8","3","37.5","1.53","4.07","5","Brentford","0","","","","","","","","","","","","","","","","","",""
"25-067","0","0.00","0","0","0","2","dc45ac24","0","1","2","1","2","0","0","0","0.00","0.00","0","0.00","0.00","0.00","0.00","0","172","1.9","95.6","86","86","0.00","Igor Thiago","br BRA","0","1","4","0","1","0.00","0","0.00","+3","+1.57","+1.57","2.00","FW","7","2","28.6","1.05","3.66","0","Brentford","0","","","","","","","","","","","","","","","","","",""
"24-067","1","0.55","0","0","0","2","e50d714b","3","3","2","1","2","0","0","1","0.55","0.55","0","0.00","0.00","0.00","0.00","6","165","1.8","91.7","83","83","0.00","Mamadou Sangare","ml MLI","0","1","4","0","0","0.00","0","0.00","+3","+1.64","+1.64","2.00","MF","4","1","25.0","0.55","2.18","3","Brentford","0","","","","","","","","","","","","","","","","","",""
"22-053","0","0.00","0","0","0","4","e19660a8","4","2","2","0","2","0","1","1","0.56","0.56","1","0.56","0.56","0.20","1.00","2","162","1.8","90.0","81","81","0.00","Michael Kayode","it ITA","0","1","4","0","0","0.00","0","0.00","+3","+1.67","+1.67","2.00","DF","5","1","20.0","0.56","2.78","1","Brentford","0","","","","","","","","","","","","","","","","","",""
"24-202","0","0.00","0","0","0","4","2f9e4435","2","3","2","0","1","1","0","0","0.00","0.00","0","0.00","0.00","0.00","0.00","2","96","1.1","53.3","48","66","30","Dango Ouattara","bf BFA","1","1","3","0","0","0.00","0","0.00","+2","+1.87","+0.80","2.00","MF","3","0","0.0","0.00","2.81","1","Brentford","0","","","","","","","","","","","","","","","","","",""
"26-274","0","0.00","0","1","0","4","e4238fb1","0","3","2","0","1","1","0","0","0.00","0.00","0","0.00","0.00","0.00","0.00","0","84","0.9","46.7","42","60","24","Jaidon Anthony","eng ENG","1","0","1","0","0","0.00","0","0.00","+1","+1.07","-0.80","2.00","MF","3","0","0.0","0.00","3.21","1","Brentford","0","","","","","","","","","","","","","","","","","",""
"26-060","0","0.00","0","0","0","8","215f3907","0","0","2","0","1","1","0","0","0.00","0.00","0","0.00","0.00","0.00","0.00","0","83","0.9","46.1","42","68","15","Mikkel Damsgaard","dk DEN","0","0","1","0","0","0.00","0","0.00","+1","+1.08","-0.77","2.00","MF","2","1","50.0","1.08","2.17","1","Brentford","0","","","","","","","","","","","","","","","","","",""
"30-243","0","0.00","0","0","0","5","0f134faf","0","3","1","0","1","0","0","0","0.00","0.00","0","0.00","0.00","0.00","0.00","0","66","0.7","36.7","66","66","0.00","Mathias Jensen","dk DEN","0","0","3","0","0","0.00","0","0.00","+3","+4.09","+4.09","3.00","MF","2","1","50.0","1.36","2.73","1","Brentford","0","","","","","","","","","","","","","","","","","",""
"22-184","0","0.00","0","0","0","2","907a5d7c","1","1","2","0","0","2","0","0","0.00","0.00","0","0.00","0.00","0.00","0.00","1","46","0.5","25.6","23","0.00","23","Yehor Yarmoliuk","ua UKR","0","1","0","0","0","0.00","0","0.00","-1","-1.96","-4.64","2.00","MF","1","0","0.0","0.00","1.96","2","Brentford","0","","","","","","","","","","","","","","","","","",""
"24-083","0","0.00","0","0","0","1","1780bb4a","1","2","2","0","0","2","0","0","0.00","0.00","0","0.00","0.00","0.00","0.00","0","18","0.2","10.0","9","0.00","9","Aaron Hickey","sct SCO","0","0","0","0","0","0.00","0","0.00","0","0.00","-1.67","2.00","DF,MF","0","0","0.00","0.00","0.00","1","Brentford","0","","","","","","","","","","","","","","","","","",""
"34-186","0","0.00","0","0","0","0","c596fcb0","0","0","2","0","0","2","0","0","0.00","0.00","0","0.00","0.00","0.00","0.00","0","11","0.1","6.1","6","0.00","6","Callum Wilson","eng ENG","0","0","0","0","0","0.00","0","0.00","0","0.00","-1.60","2.00","FW","2","0","0.0","0.00","16.36","0","Brentford","0","","","","","","","","","","","","","","","","","",""
"29-055","0","0.00","0","0","0","0","8a3c1dc7","0","0","1","0","0","1","0","0","0.00","0.00","0","0.00","0.00","0.00","0.00","0","3","0.0","1.7","3","0.00","3","Rico Henry","jm JAM","0","0","0","0","0","0.00","0","0.00","0","0.00","-1.53","1.00","DF,MF","0","0","0.00","0.00","0.00","0","Brentford","1","","","","","","","","","","","","","","","","","",""
"24-002","0.00","0.00","0.00","0.00","","","966e28d0","","","0","0","0","0","0.00","0.00","0.00","0.00","0.00","0.00","0.00","","","","0.00","0.00","0.00","0.00","0.00","0.00","Fabio Carvalho","pt POR","","0.00","0.00","","0.00","","0.00","","0.00","0.00","0.00","0.00","FW,MF","","","","","","","Brentford","1","","","","","","","","","","","","","","","","","",""
"21-247","0.00","0.00","0.00","0.00","","","bd5eb2e5","","","0","0","0","0","0.00","0.00","0.00","0.00","0.00","0.00","0.00","","","","0.00","0.00","0.00","0.00","0.00","0.00","El Hadji Malick Diouf","sn SEN","","0.00","0.00","","0.00","","0.00","","0.00","0.00","0.00","0.00","DF,MF","","","","","","","Brentford","1","","","","","","","","","","","","","","","","","",""
"33-095","0.00","0.00","0.00","0.00","","","e541326e","","","0","0","0","0","0.00","0.00","0.00","0.00","0.00","0.00","0.00","","","","0.00","0.00","0.00","0.00","0.00","0.00","Ethan Pinnock","jm JAM","","0.00","0.00","","0.00","","0.00","","0.00","0.00","0.00","0.00","DF","","","","","","","Brentford","1","","","","","","","","","","","","","","","","","",""
"20-108","0.00","0.00","0.00","0.00","","","82d73da1","","","0","0","0","0","0.00","0.00","0.00","0.00","0.00","0.00","0.00","","","","0.00","0.00","0.00","0.00","0.00","0.00","Jannik Schuster","at AUT","","0.00","0.00","","0.00","","0.00","","0.00","0.00","0.00","0.00","DF","","","","","","","Brentford","2","","","","","","","","","","","","","","","","","",""
"24-323","0.00","0.00","0.00","0.00","","","57a34cf4","","","0","0","0","0","0.00","0.00","0.00","0.00","0.00","0.00","0.00","","","","0.00","0.00","0.00","0.00","0.00","0.00","Hákon Valdimarsson","is ISL","","0.00","0.00","","0.00","","0.00","","0.00","0.00","0.00","0.00","GK","","","","","","","Brentford","2","","","","","","","","","","","","","","","","","",""
"22-024","0.00","0.00","0.00","0.00","","","10745192","","","0","0","0","0","0.00","0.00","0.00","0.00","0.00","0.00","0.00","","","","0.00","0.00","0.00","0.00","0.00","0.00","Jamie Gittens","eng ENG","","0.00","0.00","","0.00","","0.00","","0.00","0.00","0.00","0.00","MF","","","","","","","Chelsea","2","","","","","","","","","","","","","","","","","",""
"24-340","2","1.00","0","0","0","0","e8832875","5","2","2","2","2","0","2","4","2.00","2.00","2","1.00","1.00","0.22","0.67","0","180","2.0","100.0","90","90","0.00","João Pedro","br BRA","0","5","7","1","0","0.00","0","0.00","+2","+1.00","0.00","3.00","FW","9","3","33.3","1.50","4.50","1","Chelsea","0","","","","","","","","","","","","","","","","","",""
"26-148","1","0.50","0","0","0","0","277c49ed","1","1","2","2","2","0","0","1","0.50","0.50","0","0.00","0.00","0.00","0.00","2","180","2.0","100.0","90","90","0.00","Maxence Lacroix","fr FRA","0","5","7","0","0","0.00","0","0.00","+2","+1.00","0.00","3.00","DF","1","0","0.0","0.00","0.50","4","Chelsea","0","","","","","","","","","","","","","","","","","",""
"24-118","1","0.52","0","0","0","3","dc7f8a28","3","1","2","1","2","0","2","3","1.57","1.57","2","1.05","1.05","0.22","0.67","1","172","1.9","95.6","86","86","0.00","Cole Palmer","eng ENG","1","5","7","0","0","0.00","0","0.00","+2","+1.05","+1.05","3.00","MF","9","3","33.3","1.57","4.71","1","Chelsea","0","","","","","","","","","","","","","","","","","",""
"24-037","1","0.53","0","0","0","3","2e5915f1","3","3","2","1","2","0","1","2","1.05","1.05","1","0.53","0.53","0.17","1.00","0","171","1.9","95.0","86","86","0.00","Morgan Rogers","eng ENG","0","5","7","0","0","0.00","0","0.00","+2","+1.05","+1.05","3.00","MF","6","1","16.7","0.53","3.16","2","Chelsea","0","","","","","","","","","","","","","","","","","",""
"23-105","0","0.00","0","0","0","6","d56b9520","0","1","2","1","2","0","0","0","0.00","0.00","0","0.00","0.00","0.00","0.00","2","165","1.8","91.7","83","83","0.00","Malo Gusto","fr FRA","0","5","7","0","0","0.00","0","0.00","+2","+1.09","+1.09","3.00","MF","0","0","0.00","0.00","0.00","2","Chelsea","0","","","","","","","","","","","","","","","","","",""
"23-187","0","0.00","0","1","0","0","700783e7","1","1","2","1","2","0","0","0","0.00","0.00","0","0.00","0.00","0.00","0.00","2","161","1.8","89.4","81","81","0.00","Levi Colwill","eng ENG","0","4","6","0","0","0.00","0","0.00","+2","+1.12","+1.12","3.00","DF","1","0","0.0","0.00","0.56","3","Chelsea","0","","","","","","","","","","","","","","","","","",""
"20-178","1","0.58","0","0","0","0","bde35051","2","0","2","1","2","0","0","1","0.58","0.58","0","0.00","0.00","0.00","0.00","1","154","1.7","85.6","77","77","0.00","Jorrel Hato","nl NED","0","5","7","0","0","0.00","0","0.00","+2","+1.17","+1.17","3.00","MF","1","0","0.0","0.00","0.58","1","Chelsea","0","","","","","","","","","","","","","","","","","",""
"22-238","0","0.00","0","1","0","0","ecad9aa5","2","1","2","0","2","0","1","1","0.69","0.69","1","0.69","0.69","0.50","0.50","2","131","1.5","72.8","66","66","0.00","Roméo Lavia","be BEL","0","4","6","0","0","0.00","0","0.00","+2","+1.37","+1.37","3.00","MF","2","2","100.0","1.37","1.37","3","Chelsea","0","","","","","","","","","","","","","","","","","",""
"20-119","0","0.00","0","0","0","1","b7e62e1d","1","0","2","1","1","1","0","0","0.00","0.00","0","0.00","0.00","0.00","0.00","1","113","1.3","62.8","57","90","23","Joshua Acheampong","eng ENG","1","3","4","0","0","0.00","0","0.00","+1","+0.80","-0.55","3.00","DF","0","0","0.00","0.00","0.00","4","Chelsea","0","","","","","","","","","","","","","","","","","",""
"26-267","0","0.00","0","1","0","4","1265a93a","0","1","2","1","1","1","0","0","0.00","0.00","0","0.00","0.00","0.00","0.00","2","113","1.3","62.8","57","90","23","Reece James","eng ENG","0","3","4","0","0","0.00","0","0.00","+1","+0.80","-0.55","3.00","MF","2","1","50.0","0.80","1.59","0","Chelsea","0","","","","","","","","","","","","","","","","","",""
"33-364","0","0.00","0","0","0","0","7956236f","2","0","1","1","1","0","0","0","0.00","0.00","0","0.00","0.00","0.00","0.00","0","90","1.0","50.0","90","90","0.00","Emiliano Martínez","ar ARG","0","3","4","0","0","0.00","0","0.00","+1","+1.00","0.00","3.00","GK","0","0","0.00","0.00","0.00","0","Chelsea","0","0","0.0","1","1","3","3.00","0","90","0","0","0","0.00","0","57.1","4","7","0","1"
"28-287","0","0.00","0","0","0","0","6a713852","0","0","1","1","1","0","0","0","0.00","0.00","0","0.00","0.00","0.00","0.00","0","90","1.0","50.0","90","90","0.00","Robert Sánchez","es ESP","0","2","3","0","0","0.00","0","0.00","+1","+1.00","0.00","3.00","GK","0","0","0.00","0.00","0.00","0","Chelsea","0","0","0.0","1","1","2","2.00","0","90","0","0","0","0.00","0","66.7","4","6","0","1"
"26-176","0","0.00","0","0","0","3","7ba2eaa9","1","1","2","0","1","1","1","1","1.10","1.10","1","1.10","1.10","0.33","0.50","1","82","0.9","45.6","41","67","15","Pedro Neto","pt POR","0","2","3","0","0","0.00","0","0.00","+1","+1.10","+0.18","3.00","MF","3","2","66.7","2.20","3.29","1","Chelsea","0","","","","","","","","","","","","","","","","","",""
"25-258","0","0.00","0","1","0","0","132a82f1","0","0","1","0","1","0","0","0","0.00","0.00","0","0.00","0.00","0.00","0.00","1","67","0.7","37.2","67","67","0.00","Wesley Fofana","fr FRA","0","2","3","0","0","0.00","0","0.00","+1","+1.34","+0.55","3.00","DF","0","0","0.00","0.00","0.00","0","Chelsea","0","","","","","","","","","","","","","","","","","",""
"28-144","0","0.00","0","0","0","0","63c5e56b","0","0","2","0","0","2","0","0","0.00","0.00","0","0.00","0.00","0.00","0.00","0","45","0.5","25.0","23","0.00","23","Pep Chavarría","es ESP","0","1","1","0","0","0.00","0","0.00","0","0.00","-1.33","3.00","DF,MF","0","0","0.00","0.00","0.00","1","Chelsea","0","","","","","","","","","","","","","","","","","",""
"25-227","0","0.00","0","0","0","0","5ff4ab71","1","0","1","0","0","1","0","0","0.00","0.00","0","0.00","0.00","0.00","0.00","0","26","0.3","14.4","26","0.00","26","Enzo Fernández","ar ARG","0","0","0","0","0","0.00","0","0.00","0","0.00","-1.17","3.00","MF","0","0","0.00","0.00","0.00","0","Chelsea","0","","","","","","","","","","","","","","","","","",""
"24-303","0","0.00","0","0","0","0","16264a81","0","0","1","0","0","1","0","0","0.00","0.00","0","0.00","0.00","0.00","0.00","0","14","0.2","7.8","14","0.00","14","Moisés Caicedo","ec ECU","0","0","1","0","0","0.00","0","0.00","+1","+6.43","+5.89","3.00","MF","0","0","0.00","0.00","0.00","0","Chelsea","0","","","","","","","","","","","","","","","","","",""
"22-040","0","0.00","0","0","0","0","b9f282ec","0","1","1","0","0","1","0","0","0.00","0.00","0","0.00","0.00","0.00","0.00","1","9","0.1","5.0","9","0.00","9","Valentín Barco","ar ARG","0","1","0","0","0","0.00","0","0.00","-1","-10.00","-11.58","3.00","DF,MF","1","0","0.0","0.00","10.00","0","Chelsea","1","","","","","","","","","","","","","","","","","",""
"19-124","0","0.00","0","0","0","0","19f53b56","0","0","1","0","0","1","0","0","0.00","0.00","0","0.00","0.00","0.00","0.00","0","9","0.1","5.0","9","0.00","9","Geovany Quenda","pt POR","1","0","0","0","0","0.00","0","0.00","0","0.00","-1.05","3.00","MF","0","0","0.00","0.00","0.00","0","Chelsea","0","","","","","","","","","","","","","","","","","",""
"19-130","0","0.00","0","0","0","0","2eda11b1","0","0","1","0","0","1","0","0","0.00","0.00","0","0.00","0.00","0.00","0.00","0","8","0.1","4.4","8","0.00","8","Estêvão Willian","br BRA","0","0","0","0","0","0.00","0","0.00","0","0.00","-1.05","3.00","MF","0","0","0.00","0.00","0.00","0","Chelsea","1","","","","","","","","","","","","","","","","","",""
"21-032","0.00","0.00","0.00","0.00","","","074e1710","","","0","0","0","0","0.00","0.00","0.00","0.00","0.00","0.00","0.00","","","","0.00","0.00","0.00","0.00","0.00","0.00","Mike Penders","be BEL","","0.00","0.00","","0.00","","0.00","","0.00","0.00","0.00","0.00","GK","","","","","","","Chelsea","2","","","","","","","","","","","","","","","","","",""
"35-279","0.00","0.00","0.00","0.00","","","ce5143da","","","0","0","0","0","0.00","0.00","0.00","0.00","0.00","0.00","0.00","","","","0.00","0.00","0.00","0.00","0.00","0.00","Danny Welbeck","eng ENG","","0.00","0.00","","0.00","","0.00","","0.00","0.00","0.00","0.00","FW,MF","","","","","","","Chelsea","2","","","","","","","","","","","","","","","","","",""
"26-035","0","0.00","0","0","0","0","17695062","0","0","1","0","0","1","0","0","0.00","0.00","0","0.00","0.00","0.00","0.00","0","15","0.2","8.3","15","0.00","15","Emile Smith Rowe","eng ENG","0","0","0","0","0","0.00","0","0.00","0","0.00","+1.09","0.00","MF","1","0","0.0","0.00","6.00","0","Fulham","1","","","","","","","","","","","","","","","","","",""
"23-240","0","0.00","0","0","0","2","93508980","0","3","2","0","0","2","0","0","0.00","0.00","0","0.00","0.00","0.00","0.00","0","26","0.3","14.4","13","0.00","13","Kevin","br BRA","0","0","0","0","0","0.00","0","0.00","0","0.00","+1.17","0.00","MF","0","0","0.00","0.00","0.00","0","Fulham","0","","","","","","","","","","","","","","","","","",""
"26-244","0","0.00","0","1","0","0","a36524bf","3","1","2","2","2","0","0","0","0.00","0.00","0","0.00","0.00","0.00","0.00","2","180","2.0","100.0","90","90","0.00","Calvin Bassey","ng NGA","0","4","2","0","0","0.00","0","0.00","-2","-1.00","0.00","0.00","DF","1","0","0.0","0.00","0.50","1","Fulham","0","","","","","","","","","","","","","","","","","",""
"22-161","0","0.00","0","0","0","1","74c2d562","2","4","2","2","2","0","1","1","0.50","0.50","1","0.50","0.50","0.17","1.00","0","180","2.0","100.0","90","90","0.00","Gonzalo García","es ESP","0","4","2","0","0","0.00","0","0.00","-2","-1.00","0.00","0.00","FW","6","1","16.7","0.50","3.00","0","Fulham","0","","","","","","","","","","","","","","","","","",""
"30-121","0","0.00","0","0","0","5","6ca5ec4b","1","1","2","2","2","0","0","0","0.00","0.00","0","0.00","0.00","0.00","0.00","3","180","2.0","100.0","90","90","0.00","Alex Iwobi","ng NGA","0","4","2","0","0","0.00","0","0.00","-2","-1.00","0.00","0.00","MF","1","0","0.0","0.00","0.50","2","Fulham","0","","","","","","","","","","","","","","","","","",""
"19-241","0","0.00","0","0","0","3","86109b3b","1","3","2","2","2","0","1","1","0.50","0.50","1","0.50","0.50","0.20","0.50","0","180","2.0","100.0","90","90","0.00","Joshua King","eng ENG","0","4","2","0","0","0.00","0","0.00","-2","-1.00","0.00","0.00","MF","5","2","40.0","1.00","2.50","2","Fulham","0","","","","","","","","","","","","","","","","","",""
"34-181","0","0.00","0","0","0","0","2628fd2b","0","0","2","2","2","0","0","0","0.00","0.00","0","0.00","0.00","0.00","0.00","0","180","2.0","100.0","90","90","0.00","Bernd Leno","de GER","0","4","2","0","0","0.00","0","0.00","-2","-1.00","0.00","0.00","GK","0","0","0.00","0.00","0.00","0","Fulham","0","0","0.0","2","2","4","2.00","2","180","0","0","0","0.00","0","60.0","6","10","0","0"
"29-024","0","0.00","0","0","0","7","289601e6","1","0","2","1","2","0","0","0","0.00","0.00","0","0.00","0.00","0.00","0.00","1","171","1.9","95.0","86","86","0.00","Antonee Robinson","us USA","0","4","2","0","0","0.00","0","0.00","-2","-1.05","-1.05","0.00","DF","1","0","0.0","0.00","0.53","5","Fulham","0","","","","","","","","","","","","","","","","","",""
"30-270","1","0.57","0","1","0","3","197640fd","4","5","2","1","2","0","0","1","0.57","0.57","0","0.00","0.00","0.00","0.00","2","157","1.7","87.2","79","79","0.00","Timothy Castagne","be BEL","1","3","2","0","0","0.00","0","0.00","-1","-0.57","+3.34","0.00","DF","1","1","100.0","0.57","0.57","2","Fulham","0","","","","","","","","","","","","","","","","","",""
"28-199","0","0.00","0","0","0","1","d0b6129f","0","1","2","0","2","0","0","0","0.00","0.00","0","0.00","0.00","0.00","0.00","0","154","1.7","85.6","77","77","0.00","Sander Berge","no NOR","0","4","2","0","0","0.00","0","0.00","-2","-1.17","-1.17","0.00","MF","1","0","0.0","0.00","0.58","0","Fulham","0","","","","","","","","","","","","","","","","","",""
"21-294","0","0.00","0","1","0","1","f4d61d12","0","4","2","0","2","0","0","0","0.00","0.00","0","0.00","0.00","0.00","0.00","1","147","1.6","81.7","74","74","0.00","César Palacios","es ESP","0","4","2","0","0","0.00","0","0.00","-2","-1.22","-1.22","0.00","MF","3","0","0.0","0.00","1.84","1","Fulham","0","","","","","","","","","","","","","","","","","",""
"23-051","0","0.00","0","0","0","4","eed2427e","3","2","2","0","2","0","0","0","0.00","0.00","0","0.00","0.00","0.00","0.00","2","133","1.5","73.9","67","67","0.00","Oscar Bobb","no NOR","0","3","2","0","0","0.00","0","0.00","-1","-0.68","+1.24","0.00","MF","0","0","0.00","0.00","0.00","1","Fulham","0","","","","","","","","","","","","","","","","","",""
"30-093","0","0.00","0","1","0","0","e34fc66d","1","3","1","1","1","0","0","0","0.00","0.00","0","0.00","0.00","0.00","0.00","1","90","1.0","50.0","90","90","0.00","Joachim Andersen","dk DEN","0","1","0","0","0","0.00","0","0.00","-1","-1.00","0.00","0.00","DF","0","0","0.00","0.00","0.00","0","Fulham","0","","","","","","","","","","","","","","","","","",""
"26-288","0","0.00","0","0","0","0","0abc51f2","0","0","1","1","1","0","0","0","0.00","0.00","0","0.00","0.00","0.00","0.00","1","90","1.0","50.0","90","90","0.00","Jorge Cuenca","es ESP","0","3","2","0","0","0.00","0","0.00","-1","-1.00","0.00","0.00","DF","0","0","0.00","0.00","0.00","1","Fulham","1","","","","","","","","","","","","","","","","","",""
"22-300","0","0.00","0","0","0","1","5cc3ce65","0","0","2","0","0","2","0","0","0.00","0.00","0","0.00","0.00","0.00","0.00","1","47","0.5","26.1","24","0.00","24","Shea Charles","nir NIR","0","1","0","0","0","0.00","0","0.00","-1","-1.91","-1.24","0.00","DF,MF","2","0","0.0","0.00","3.83","1","Fulham","0","","","","","","","","","","","","","","","","","",""
"26-106","0","0.00","0","0","0","7","6aa3e78b","0","0","2","0","0","2","0","0","0.00","0.00","0","0.00","0.00","0.00","0.00","1","41","0.5","22.8","21","0.00","21","Ryan Sessegnon","eng ENG","0","1","0","0","0","0.00","0","0.00","-1","-2.20","-1.55","0.00","DF,FW","2","1","50.0","2.20","4.39","0","Fulham","0","","","","","","","","","","","","","","","","","",""
"25-120","0","0.00","0","0","0","0","a755db8c","0","0","1","0","0","1","0","0","0.00","0.00","0","0.00","0.00","0.00","0.00","0","9","0.1","5.0","9","0.00","9","Rodrigo Muniz","br BRA","0","0","0","0","0","0.00","0","0.00","0","0.00","+1.05","0.00","FW","1","1","100.0","10.00","10.00","0","Fulham","1","","","","","","","","","","","","","","","","","",""
"20-324","0.00","0.00","0.00","0.00","","","45c427ff","","","0","0","0","0","0.00","0.00","0.00","0.00","0.00","0.00","0.00","","","","0.00","0.00","0.00","0.00","0.00","0.00","Luc De Fougerolles","ca CAN","","0.00","0.00","","0.00","","0.00","","0.00","0.00","0.00","0.00","DF","","","","","","","Fulham","1","","","","","","","","","","","","","","","","","",""
"35-128","0.00","0.00","0.00","0.00","","","2fa2a875","","","0","0","0","0","0.00","0.00","0.00","0.00","0.00","0.00","0.00","","","","0.00","0.00","0.00","0.00","0.00","0.00","Benjamin Lecomte","fr FRA","","0.00","0.00","","0.00","","0.00","","0.00","0.00","0.00","0.00","GK","","","","","","","Fulham","2","","","","","","","","","","","","","","","","","",""
"31-217","0.00","0.00","0.00","0.00","","","803ae100","","","0","0","0","0","0.00","0.00","0.00","0.00","0.00","0.00","0.00","","","","0.00","0.00","0.00","0.00","0.00","0.00","Harrison Reed","eng ENG","","0.00","0.00","","0.00","","0.00","","0.00","0.00","0.00","0.00","MF","","","","","","","Fulham","2","","","","","","","","","","","","","","","","","",""
"30-327","0.00","0.00","0.00","0.00","","","77d7c96f","","","0","0","0","0","0.00","0.00","0.00","0.00","0.00","0.00","0.00","","","","0.00","0.00","0.00","0.00","0.00","0.00","Kenny Tete","nl NED","","0.00","0.00","","0.00","","0.00","","0.00","0.00","0.00","0.00","DF","","","","","","","Fulham","1","","","","","","","","","","","","","","","","","",""
"18-056","0.00","0.00","0.00","0.00","","","f2b35283","","","0","0","0","0","0.00","0.00","0.00","0.00","0.00","0.00","0.00","","","","0.00","0.00","0.00","0.00","0.00","0.00","Macauley Zepa","fr FRA","","0.00","0.00","","0.00","","0.00","","0.00","0.00","0.00","0.00","FW","","","","","","","Fulham","1","","","","","","","","","","","","","","","","","",""
"26-232","0","0.00","0","1","0","0","ccce7025","1","0","2","2","2","0","0","0","0.00","0.00","0","0.00","0.00","0.00","0.00","0","180","2.0","100.0","90","90","0.00","Sven Botman","nl NED","0","2","4","0","0","0.00","0","0.00","+2","+1.00","0.00","2.00","DF","1","0","0.0","0.00","0.50","0","Newcastle","0","","","","","","","","","","","","","","","","","",""
"24-014","1","0.50","0","0","0","2","bc6e544a","3","3","2","2","2","0","0","1","0.50","0.50","0","0.00","0.00","0.00","0.00","0","180","2.0","100.0","90","90","0.00","Amar Dedić","ba BIH","0","2","4","0","0","0.00","0","0.00","+2","+1.00","0.00","2.00","DF","1","0","0.0","0.00","0.50","1","Newcastle","0","","","","","","","","","","","","","","","","","",""
"21-358","0","0.00","0","0","0","8","da011f18","2","3","2","2","2","0","0","0","0.00","0.00","0","0.00","0.00","0.00","0.00","3","180","2.0","100.0","90","90","0.00","Lewis Hall","eng ENG","0","2","4","0","0","0.00","0","0.00","+2","+1.00","0.00","2.00","DF","1","0","0.0","0.00","0.50","4","Newcastle","0","","","","","","","","","","","","","","","","","",""
"24-050","0","0.00","0","1","0","0","cc8312b4","0","0","2","2","2","0","0","0","0.00","0.00","0","0.00","0.00","0.00","0.00","0","180","2.0","100.0","90","90","0.00","Lukáš Horníček","cz CZE","0","2","4","0","0","0.00","0","0.00","+2","+1.00","0.00","2.00","GK","0","0","0.00","0.00","0.00","0","Newcastle","0","1","50.0","2","2","2","1.00","0","180","1","1","0","0.0","0","81.8","9","11","1","1"
"25-024","0","0.00","0","0","0","0","ff5ea0bf","3","2","2","2","2","0","0","0","0.00","0.00","0","0.00","0.00","0.00","0.00","0","180","2.0","100.0","90","90","0.00","Malick Thiaw","de GER","0","2","4","0","0","0.00","0","0.00","+2","+1.00","0.00","2.00","DF","0","0","0.00","0.00","0.00","0","Newcastle","0","","","","","","","","","","","","","","","","","",""
"28-266","0","0.00","0","0","0","3","3ea50f67","4","2","2","1","2","0","0","0","0.00","0.00","0","0.00","0.00","0.00","0.00","0","179","2.0","99.4","90","90","0.00","Harvey Barnes","eng ENG","0","2","4","0","0","0.00","0","0.00","+2","+1.01","+1.01","2.00","MF","2","0","0.0","0.00","1.01","1","Newcastle","0","","","","","","","","","","","","","","","","","",""
"29-363","1","0.53","0","1","0","0","2500cef9","8","3","2","0","2","0","1","2","1.06","1.06","1","0.53","0.53","0.17","0.50","0","170","1.9","94.4","85","85","0.00","Yoane Wissa","cd COD","2","1","4","0","0","0.00","0","0.00","+3","+1.59","+10.59","2.00","MF,FW","6","2","33.3","1.06","3.18","0","Newcastle","0","","","","","","","","","","","","","","","","","",""
"20-123","0","0.00","0","1","0","0","2c6835e5","2","1","2","1","2","0","0","0","0.00","0.00","0","0.00","0.00","0.00","0.00","2","165","1.8","91.7","83","83","0.00","Lewis Miley","eng ENG","0","1","4","0","0","0.00","0","0.00","+3","+1.64","+7.64","2.00","MF","1","0","0.0","0.00","0.55","1","Newcastle","0","","","","","","","","","","","","","","","","","",""
"24-127","0","0.00","0","0","0","5","2fba6108","4","2","2","0","2","0","2","2","1.15","1.15","2","1.15","1.15","0.50","0.67","0","156","1.7","86.7","78","78","0.00","Anthony Elanga","se SWE","0","1","4","0","0","0.00","0","0.00","+3","+1.73","+5.48","2.00","MF","4","3","75.0","1.73","2.31","1","Newcastle","0","","","","","","","","","","","","","","","","","",""
"27-012","0","0.00","0","0","0","2","a3b03921","0","5","2","0","1","1","1","1","0.86","0.86","1","0.86","0.86","0.25","1.00","0","105","1.2","58.3","53","70","35","Joe Willock","eng ENG","0","1","2","0","0","0.00","0","0.00","+1","+0.86","-0.34","2.00","MF","4","1","25.0","0.86","3.43","1","Newcastle","0","","","","","","","","","","","","","","","","","",""
"18-233","0","0.00","0","0","0","0","7f1d94bf","0","0","2","0","1","1","0","0","0.00","0.00","0","0.00","0.00","0.00","0.00","0","75","0.8","41.7","38","55","20","Sean Steur","nl NED","0","1","2","0","0","0.00","0","0.00","+1","+1.20","+0.34","2.00","MF","0","0","0.00","0.00","0.00","0","Newcastle","0","","","","","","","","","","","","","","","","","",""
"24-241","0","0.00","0","1","0","1","2c56a792","0","2","1","0","1","0","0","0","0.00","0.00","0","0.00","0.00","0.00","0.00","1","70","0.8","38.9","70","70","0.00","Nicolás González","es ESP","0","0","1","0","0","0.00","0","0.00","+1","+1.29","+0.47","3.00","MF","0","0","0.00","0.00","0.00","0","Newcastle","0","","","","","","","","","","","","","","","","","",""
"23-028","1","1.64","0","0","0","0","7b355808","0","0","1","0","1","0","0","1","1.64","1.64","0","0.00","0.00","0.00","0.00","0","55","0.6","30.6","55","55","0.00","William Osula","dk DEN","0","1","1","0","0","0.00","0","0.00","0","0.00","-1.44","1.00","FW","2","0","0.0","0.00","3.27","1","Newcastle","0","","","","","","","","","","","","","","","","","",""
"25-096","0","0.00","0","1","0","0","1544f145","0","1","2","0","0","2","0","0","0.00","0.00","0","0.00","0.00","0.00","0.00","1","44","0.5","24.4","22","0.00","22","Jacob Ramsey","eng ENG","0","1","1","0","0","0.00","0","0.00","0","0.00","-1.32","2.00","MF","1","0","0.0","0.00","2.05","1","Newcastle","0","","","","","","","","","","","","","","","","","",""
"31-189","0","0.00","0","1","0","1","de112b84","0","1","2","0","0","2","0","0","0.00","0.00","0","0.00","0.00","0.00","0.00","0","24","0.3","13.3","12","0.00","12","Jacob Murphy","eng ENG","0","1","0","0","0","0.00","0","0.00","-1","-3.75","-5.48","2.00","DF,FW","0","0","0.00","0.00","0.00","0","Newcastle","0","","","","","","","","","","","","","","","","","",""
"24-199","1","4.50","0","0","0","0","7ca196eb","2","0","1","0","0","1","0","1","4.50","4.50","0","0.00","0.00","0.00","0.00","0","20","0.2","11.1","20","0.00","20","Nick Woltemade","de GER","1","0","1","0","0","0.00","0","0.00","+1","+4.50","+3.94","3.00","FW,MF","1","0","0.0","0.00","4.50","0","Newcastle","1","","","","","","","","","","","","","","","","","",""
"20-049","0","0.00","0","0","0","0","6906ecb2","0","0","1","0","0","1","0","0","0.00","0.00","0","0.00","0.00","0.00","0.00","0","15","0.2","8.3","15","0.00","15","Aladji Bamba","fr FRA","0","1","0","0","0","0.00","0","0.00","-1","-6.00","-7.64","1.00","MF","0","0","0.00","0.00","0.00","1","Newcastle","1","","","","","","","","","","","","","","","","","",""
"34-255","0","0.00","0","0","0","0","c8aa95da","0","0","1","0","0","1","0","0","0.00","0.00","0","0.00","0.00","0.00","0.00","0","1","0.0","0.6","1","0.00","1","Fabian Schär","ch SUI","0","1","0","0","0","0.00","0","0.00","-1","-90.00","-91.51","1.00","DF","0","0","0.00","0.00","0.00","0","Newcastle","1","","","","","","","","","","","","","","","","","",""
"20-183","0","0.00","0","0","0","0","93945a50","0","0","1","0","0","1","0","0","0.00","0.00","0","0.00","0.00","0.00","0.00","0","1","0.0","0.6","1","0.00","1","Bazoumana Touré","ci CIV","0","0","0","0","0","0.00","0","0.00","0","0.00","-1.01","3.00","MF","0","0","0.00","0.00","0.00","0","Newcastle","1","","","","","","","","","","","","","","","","","",""
"20-246","0.00","0.00","0.00","0.00","","","d94a8e1c","","","0","0","0","0","0.00","0.00","0.00","0.00","0.00","0.00","0.00","","","","0.00","0.00","0.00","0.00","0.00","0.00","Ewen Jaouen","fr FRA","","0.00","0.00","","0.00","","0.00","","0.00","0.00","0.00","0.00","GK","","","","","","","Newcastle","2","","","","","","","","","","","","","","","","","",""
"19-167","0.00","0.00","0.00","0.00","","","5536f008","","","0","0","0","0","0.00","0.00","0.00","0.00","0.00","0.00","0.00","","","","0.00","0.00","0.00","0.00","0.00","0.00","Leo Shahar","eng ENG","","0.00","0.00","","0.00","","0.00","","0.00","0.00","0.00","0.00","DF","","","","","","","Newcastle","2","","","","","","","","","","","","","","","","","",""
"24-066","0","0.00","0","0","0","0","c1949191","0","1","2","2","2","0","0","0","0.00","0.00","0","0.00","0.00","0.00","0.00","3","180","2.0","100.0","90","90","0.00","Jarrad Branthwaite","eng ENG","1","1","3","0","0","0.00","0","0.00","+2","+1.00","0.00","2.00","DF","1","1","100.0","0.50","0.50","2","Everton","0","","","","","","","","","","","","","","","","","",""
"27-095","0","0.00","0","0","0","3","30d4a2e5","2","1","2","2","2","0","0","0","0.00","0.00","0","0.00","0.00","0.00","0.00","1","180","2.0","100.0","90","90","0.00","Vitaliy Mykolenko","ua UKR","0","1","3","0","0","0.00","0","0.00","+2","+1.00","0.00","2.00","DF","0","0","0.00","0.00","0.00","0","Everton","0","","","","","","","","","","","","","","","","","",""
"26-179","1","0.50","0","0","0","2","5ed97752","1","2","2","2","2","0","0","1","0.50","0.50","0","0.00","0.00","0.00","0.00","2","180","2.0","100.0","90","90","0.00","Iliman Ndiaye","sn SEN","0","1","3","0","0","0.00","0","0.00","+2","+1.00","0.00","2.00","MF","4","3","75.0","1.50","2.00","1","Everton","0","","","","","","","","","","","","","","","","","",""
"32-178","0","0.00","0","0","0","0","4806ec67","3","0","2","2","2","0","0","0","0.00","0.00","0","0.00","0.00","0.00","0.00","0","180","2.0","100.0","90","90","0.00","Jordan Pickford","eng ENG","0","1","3","0","0","0.00","0","0.00","+2","+1.00","0.00","2.00","GK","0","0","0.00","0.00","0.00","0","Everton","0","1","50.0","2","2","1","0.50","0","180","0","0","0","0.00","0","88.9","8","9","1","1"
"33-286","0","0.00","0","0","0","0","15ea812b","5","1","2","2","2","0","1","1","0.50","0.50","1","0.50","0.50","0.50","1.00","6","180","2.0","100.0","90","90","0.00","James Tarkowski","eng ENG","0","1","3","0","0","0.00","0","0.00","+2","+1.00","0.00","2.00","DF","2","1","50.0","0.50","1.00","1","Everton","0","","","","","","","","","","","","","","","","","",""
"27-360","0","0.00","0","0","0","9","5c74c0f5","3","1","2","1","2","0","1","1","0.50","0.50","1","0.50","0.50","0.20","0.50","0","179","2.0","99.4","90","90","0.00","Kiernan Dewsbury-Hall","eng ENG","0","1","3","0","0","0.00","0","0.00","+2","+1.01","+1.01","2.00","MF","5","2","40.0","1.01","2.51","3","Everton","0","","","","","","","","","","","","","","","","","",""
"19-225","1","0.51","0","0","0","1","de59e609","2","5","2","1","2","0","0","1","0.51","0.51","0","0.00","0.00","0.00","0.00","4","175","1.9","97.2","88","88","0.00","Harrison Armstrong","eng ENG","0","1","2","0","0","0.00","0","0.00","+1","+0.51","-17.49","2.00","MF","0","0","0.00","0.00","0.00","3","Everton","0","","","","","","","","","","","","","","","","","",""
"24-058","0","0.00","0","0","0","5","1f2c7b55","1","1","2","1","2","0","0","0","0.00","0.00","0","0.00","0.00","0.00","0.00","1","175","1.9","97.2","88","88","0.00","Merlin Röhl","de GER","0","1","2","0","0","0.00","0","0.00","+1","+0.51","-17.49","2.00","DF","0","0","0.00","0.00","0.00","4","Everton","0","","","","","","","","","","","","","","","","","",""
"23-315","0","0.00","0","0","0","1","52c3244b","2","0","2","0","2","0","1","1","0.61","0.61","1","0.61","0.61","0.20","0.33","0","147","1.6","81.7","74","74","0.00","Thierno Barry","fr FRA","0","1","2","0","0","0.00","0","0.00","+1","+0.61","-2.12","2.00","FW","5","3","60.0","1.84","3.06","1","Everton","0","","","","","","","","","","","","","","","","","",""
"20-209","0","0.00","0","0","0","4","e6f7797e","1","0","2","0","2","0","0","0","0.00","0.00","0","0.00","0.00","0.00","0.00","2","144","1.6","80.0","72","72","0.00","Tyrique George","eng ENG","1","1","2","0","0","0.00","0","0.00","+1","+0.62","-1.87","2.00","MF","7","1","14.3","0.62","4.37","1","Everton","0","","","","","","","","","","","","","","","","","",""
"24-067","0","0.00","0","0","0","4","ba397562","3","1","2","0","1","1","0","0","0.00","0.00","0","0.00","0.00","0.00","0.00","1","107","1.2","59.4","54","78","29","Hayden Hackney","eng ENG","0","0","3","0","0","0.00","0","0.00","+3","+2.52","+3.76","2.00","MF","1","0","0.0","0.00","0.84","1","Everton","0","","","","","","","","","","","","","","","","","",""
"25-172","0","0.00","0","1","0","4","4e015693","0","2","2","0","1","1","0","0","0.00","0.00","0","0.00","0.00","0.00","0.00","0","73","0.8","40.6","37","61","12","James Garner","eng ENG","0","1","0","0","0","0.00","0","0.00","-1","-1.23","-3.76","2.00","MF","0","0","0.00","0.00","0.00","4","Everton","0","","","","","","","","","","","","","","","","","",""
"25-101","0","0.00","0","0","0","0","0cd31129","1","2","2","0","0","2","0","0","0.00","0.00","0","0.00","0.00","0.00","0.00","0","36","0.4","20.0","18","0.00","18","Brennan Johnson","wls WAL","1","0","1","0","0","0.00","0","0.00","+1","+2.50","+1.87","2.00","FW,MF","0","0","0.00","0.00","0.00","0","Everton","0","","","","","","","","","","","","","","","","","",""
"28-213","0","0.00","0","0","0","1","ed5c0319","0","0","2","0","0","2","0","0","0.00","0.00","0","0.00","0.00","0.00","0.00","0","33","0.4","18.3","17","0.00","17","Beto","gw GNB","0","0","1","0","0","0.00","0","0.00","+1","+2.73","+2.12","2.00","FW","2","0","0.0","0.00","5.45","0","Everton","0","","","","","","","","","","","","","","","","","",""
"23-275","0","0.00","0","1","0","0","4abac767","0","1","2","0","0","2","0","0","0.00","0.00","0","0.00","0.00","0.00","0.00","0","6","0.1","3.3","3","0.00","3","Carlos Alcaraz","ar ARG","0","0","1","0","0","0.00","0","0.00","+1","+15.00","+14.48","2.00","MF","2","1","50.0","15.00","30.00","1","Everton","0","","","","","","","","","","","","","","","","","",""
"23-063","0","0.00","0","0","0","0","84c5ceea","0","1","1","0","0","1","0","0","0.00","0.00","0","0.00","0.00","0.00","0.00","0","5","0.1","2.8","5","0.00","5","Tim Iroegbunam","eng ENG","0","0","1","0","0","0.00","0","0.00","+1","+18.00","+17.49","1.00","MF","0","0","0.00","0.00","0.00","0","Everton","0","","","","","","","","","","","","","","","","","",""
"20-173","0.00","0.00","0.00","0.00","","","bdcc89ae","","","0","0","0","0","0.00","0.00","0.00","0.00","0.00","0.00","0.00","","","","0.00","0.00","0.00","0.00","0.00","0.00","Tyler Dibling","eng ENG","","0.00","0.00","","0.00","","0.00","","0.00","0.00","0.00","0.00","MF","","","","","","","Everton","2","","","","","","","","","","","","","","","","","",""
"33-233","0.00","0.00","0.00","0.00","","","c5b7c315","","","0","0","0","0","0.00","0.00","0.00","0.00","0.00","0.00","0.00","","","","0.00","0.00","0.00","0.00","0.00","0.00","Michael Keane","eng ENG","","0.00","0.00","","0.00","","0.00","","0.00","0.00","0.00","0.00","DF","","","","","","","Everton","2","","","","","","","","","","","","","","","","","",""
"25-109","0.00","0.00","0.00","0.00","","","25f2ef01","","","0","0","0","0","0.00","0.00","0.00","0.00","0.00","0.00","0.00","","","","0.00","0.00","0.00","0.00","0.00","0.00","Jake O'Brien","ie IRL","","0.00","0.00","","0.00","","0.00","","0.00","0.00","0.00","0.00","DF","","","","","","","Everton","2","","","","","","","","","","","","","","","","","",""
"24-320","0.00","0.00","0.00","0.00","","","230f0471","","","0","0","0","0","0.00","0.00","0.00","0.00","0.00","0.00","0.00","","","","0.00","0.00","0.00","0.00","0.00","0.00","Nathan Patterson","sct SCO","","0.00","0.00","","0.00","","0.00","","0.00","0.00","0.00","0.00","DF","","","","","","","Everton","1","","","","","","","","","","","","","","","","","",""
"27-106","0.00","0.00","0.00","0.00","","","fe558029","","","0","0","0","0","0.00","0.00","0.00","0.00","0.00","0.00","0.00","","","","0.00","0.00","0.00","0.00","0.00","0.00","Mark Travers","ie IRL","","0.00","0.00","","0.00","","0.00","","0.00","0.00","0.00","0.00","GK","","","","","","","Everton","2","","","","","","","","","","","","","","","","","",""
"29-336","0","0.00","0","0","0","0","48035304","2","0","1","0","0","1","0","0","0.00","0.00","0","0.00","0.00","0.00","0.00","1","57","0.6","31.7","57","0.00","57","Nico Elvedi","ch SUI","0","1","1","0","0","0.00","0","0.00","0","0.00","-0.73","1.00","DF","0","0","0.00","0.00","0.00","0","Leeds","1","","","","","","","","","","","","","","","","","",""
"25-352","0","0.00","0","0","0","1","10b9fa99","2","3","2","2","2","0","0","0","0.00","0.00","0","0.00","0.00","0.00","0.00","4","180","2.0","100.0","90","90","0.00","Ethan Ampadu","wls WAL","0","1","2","0","0","0.00","0","0.00","+1","+0.50","0.00","2.00","MF","1","0","0.0","0.00","0.50","1","Leeds","0","","","","","","","","","","","","","","","","","",""
"29-169","0","0.00","0","1","0","0","59e6e5bf","1","4","2","2","2","0","1","1","0.50","0.50","1","0.50","0.50","0.25","1.00","0","180","2.0","100.0","90","90","0.00","Dominic Calvert-Lewin","eng ENG","3","1","2","0","0","0.00","0","0.00","+1","+0.50","0.00","2.00","FW","4","1","25.0","0.50","2.00","0","Leeds","0","","","","","","","","","","","","","","","","","",""
"28-190","0","0.00","0","0","0","3","fb614c44","2","1","2","2","2","0","0","0","0.00","0.00","0","0.00","0.00","0.00","0.00","2","180","2.0","100.0","90","90","0.00","James Justin","eng ENG","0","1","2","0","0","0.00","0","0.00","+1","+0.50","0.00","2.00","MF","1","1","100.0","0.50","0.50","5","Leeds","0","","","","","","","","","","","","","","","","","",""
"23-185","0","0.00","0","0","0","1","426dda23","1","1","2","2","2","0","0","0","0.00","0.00","0","0.00","0.00","0.00","0.00","4","180","2.0","100.0","90","90","0.00","Tarik Muharemovic","ba BIH","1","1","2","0","0","0.00","0","0.00","+1","+0.50","0.00","2.00","DF","1","1","100.0","0.50","0.50","1","Leeds","0","","","","","","","","","","","","","","","","","",""
"27-290","0","0.00","0","0","0","8","0f59a7bf","6","2","2","2","2","0","1","1","0.50","0.50","1","0.50","0.50","0.25","1.00","6","180","2.0","100.0","90","90","0.00","Anton Stach","de GER","0","1","2","0","0","0.00","0","0.00","+1","+0.50","0.00","2.00","MF","4","1","25.0","0.50","2.00","2","Leeds","0","","","","","","","","","","","","","","","","","",""
"23-326","0","0.00","0","0","0","0","259fea27","0","0","2","2","2","0","0","0","0.00","0.00","0","0.00","0.00","0.00","0.00","0","180","2.0","100.0","90","90","0.00","James Trafford","eng ENG","0","1","2","0","0","0.00","0","0.00","+1","+0.50","0.00","2.00","GK","0","0","0.00","0.00","0.00","0","Leeds","0","1","50.0","2","2","1","0.50","0","180","0","0","0","0.00","0","87.5","6","8","1","1"
"26-036","0","0.00","0","0","0","3","ae5019e6","5","2","2","1","2","0","0","0","0.00","0.00","0","0.00","0.00","0.00","0.00","1","157","1.7","87.2","79","79","0.00","Jayden Bogle","eng ENG","0","1","1","0","0","0.00","0","0.00","0","0.00","-3.91","2.00","MF","0","0","0.00","0.00","0.00","2","Leeds","0","","","","","","","","","","","","","","","","","",""
"27-208","0","0.00","0","0","0","1","6fdac234","1","1","2","1","2","0","0","0","0.00","0.00","0","0.00","0.00","0.00","0.00","3","135","1.5","75.0","68","68","0.00","Jaka Bijol","si SVN","0","1","1","0","0","0.00","0","0.00","0","0.00","-2.00","2.00","DF","2","0","0.0","0.00","1.33","1","Leeds","0","","","","","","","","","","","","","","","","","",""
"25-314","0","0.00","0","0","0","0","5bc43860","3","0","2","0","2","0","0","0","0.00","0.00","0","0.00","0.00","0.00","0.00","0","126","1.4","70.0","63","63","0.00","Brenden Aaronson","us USA","0","1","0","0","0","0.00","0","0.00","-1","-0.71","-4.05","2.00","MF","1","1","100.0","0.71","0.71","2","Leeds","0","","","","","","","","","","","","","","","","","",""
"28-314","0","0.00","0","0","0","1","8d62d31a","2","3","2","1","2","0","0","0","0.00","0.00","0","0.00","0.00","0.00","0.00","2","123","1.4","68.3","62","62","0.00","Joe Rodon","wls WAL","0","0","1","0","0","0.00","0","0.00","+1","+0.73","+0.73","2.00","DF","1","0","0.0","0.00","0.73","0","Leeds","0","","","","","","","","","","","","","","","","","",""
"29-163","0","0.00","0","0","0","6","c6dc9ecd","1","1","2","0","1","1","0","0","0.00","0.00","0","0.00","0.00","0.00","0.00","2","110","1.2","61.1","55","65","45","Harry Wilson","wls WAL","1","0","1","0","0","0.00","0","0.00","+1","+0.82","+0.82","2.00","MF","1","0","0.0","0.00","0.82","1","Leeds","0","","","","","","","","","","","","","","","","","",""
"26-100","0","0.00","0","0","0","5","ca607d59","1","1","2","0","1","1","0","0","0.00","0.00","0","0.00","0.00","0.00","0.00","1","93","1.0","51.7","47","68","25","Noah Okafor","ch SUI","0","1","1","0","0","0.00","0","0.00","0","0.00","-1.03","2.00","MF","2","0","0.0","0.00","1.94","3","Leeds","0","","","","","","","","","","","","","","","","","",""
"27-356","0","0.00","0","0","0","0","1d36d6b6","0","0","1","0","0","1","0","0","0.00","0.00","0","0.00","0.00","0.00","0.00","0","45","0.5","25.0","45","0.00","45","Ao Tanaka","jp JPN","0","0","1","0","0","0.00","0","0.00","+1","+2.00","+2.00","1.00","MF","0","0","0.00","0.00","0.00","0","Leeds","1","","","","","","","","","","","","","","","","","",""
"28-295","0","0.00","0","0","0","2","c931d9f9","0","0","1","0","0","1","0","0","0.00","0.00","0","0.00","0.00","0.00","0.00","0","23","0.3","12.8","23","0.00","23","Daniel James","wls WAL","0","0","1","0","0","0.00","0","0.00","+1","+3.91","+3.91","1.00","FW,MF","4","0","0.0","0.00","15.65","0","Leeds","1","","","","","","","","","","","","","","","","","",""
"27-261","1","4.09","0","0","0","2","0cc5f4a5","1","0","1","0","0","1","0","1","4.09","4.09","0","0.00","0.00","0.00","0.00","0","22","0.2","12.2","22","0.00","22","Lukas Nmecha","de GER","0","0","1","0","0","0.00","0","0.00","+1","+4.09","+4.09","1.00","FW","1","0","0.0","0.00","4.09","0","Leeds","1","","","","","","","","","","","","","","","","","",""
"28-306","0","0.00","0","0","0","0","a2b105e0","0","0","1","0","0","1","0","0","0.00","0.00","0","0.00","0.00","0.00","0.00","0","9","0.1","5.0","9","0.00","9","Sean Longstaff","eng ENG","0","0","1","0","0","0.00","0","0.00","+1","+10.00","+10.00","3.00","MF","0","0","0.00","0.00","0.00","0","Leeds","1","","","","","","","","","","","","","","","","","",""
"33-240","0.00","0.00","0.00","0.00","","","1a5e36e7","","","0","0","0","0","0.00","0.00","0.00","0.00","0.00","0.00","0.00","","","","0.00","0.00","0.00","0.00","0.00","0.00","Alex Cairns","eng ENG","","0.00","0.00","","0.00","","0.00","","0.00","0.00","0.00","0.00","GK","","","","","","","Leeds","1","","","","","","","","","","","","","","","","","",""
"19-048","0.00","0.00","0.00","0.00","","","67cc36ba","","","0","0","0","0","0.00","0.00","0.00","0.00","0.00","0.00","0.00","","","","0.00","0.00","0.00","0.00","0.00","0.00","Alfie Cresswell","eng ENG","","0.00","0.00","","0.00","","0.00","","0.00","0.00","0.00","0.00","MF","","","","","","","Leeds","1","","","","","","","","","","","","","","","","","",""
"22-300","0.00","0.00","0.00","0.00","","","75fdd638","","","0","0","0","0","0.00","0.00","0.00","0.00","0.00","0.00","0.00","","","","0.00","0.00","0.00","0.00","0.00","0.00","Wilfried Gnonto","it ITA","","0.00","0.00","","0.00","","0.00","","0.00","0.00","0.00","0.00","FW,MF","","","","","","","Leeds","1","","","","","","","","","","","","","","","","","",""
"27-125","0.00","0.00","0.00","0.00","","","d5d22a58","","","0","0","0","0","0.00","0.00","0.00","0.00","0.00","0.00","0.00","","","","0.00","0.00","0.00","0.00","0.00","0.00","Gabriel Gudmundsson","se SWE","","0.00","0.00","","0.00","","0.00","","0.00","0.00","0.00","0.00","DF,MF","","","","","","","Leeds","1","","","","","","","","","","","","","","","","","",""
"18-146","0.00","0.00","0.00","0.00","","","2444cd03","","","0","0","0","0","0.00","0.00","0.00","0.00","0.00","0.00","0.00","","","","0.00","0.00","0.00","0.00","0.00","0.00","Jayden Lienou","wls WAL","","0.00","0.00","","0.00","","0.00","","0.00","0.00","0.00","0.00","DF","","","","","","","Leeds","1","","","","","","","","","","","","","","","","","",""
"28-265","0.00","0.00","0.00","0.00","","","5dbd461a","","","0","0","0","0","0.00","0.00","0.00","0.00","0.00","0.00","0.00","","","","0.00","0.00","0.00","0.00","0.00","0.00","Lucas Perri","br BRA","","0.00","0.00","","0.00","","0.00","","0.00","0.00","0.00","0.00","GK","","","","","","","Leeds","1","","","","","","","","","","","","","","","","","",""
"20-034","0","0.00","0","0","0","0","3684108d","1","0","2","2","2","0","0","0","0.00","0.00","0","0.00","0.00","0.00","0.00","1","180","2.0","100.0","90","90","0.00","Jaydee Canvot","fr FRA","0","6","1","0","0","0.00","0","0.00","-5","-2.50","0.00","0.00","DF","1","0","0.0","0.00","0.50","4","Crystal Palace","0","","","","","","","","","","","","","","","","","",""
"29-173","0","0.00","0","0","0","0","e5a76dfe","0","0","2","2","2","0","0","0","0.00","0.00","0","0.00","0.00","0.00","0.00","0","180","2.0","100.0","90","90","0.00","Dean Henderson","eng ENG","0","6","1","0","0","0.00","0","0.00","-5","-2.50","0.00","0.00","GK","0","0","0.00","0.00","0.00","0","Crystal Palace","0","0","0.0","2","2","6","3.00","2","180","0","0","0","0.00","0","53.8","7","13","0","0"
"30-027","0","0.00","0","1","0","4","15b287da","3","1","2","2","2","0","0","0","0.00","0.00","0","0.00","0.00","0.00","0.00","2","180","2.0","100.0","90","90","0.00","Daichi Kamada","jp JPN","0","6","1","0","0","0.00","0","0.00","-5","-2.50","0.00","0.00","MF","1","0","0.0","0.00","0.50","7","Crystal Palace","0","","","","","","","","","","","","","","","","","",""
"27-000","0","0.00","0","0","0","5","5cbd1eb0","0","2","2","2","2","0","0","0","0.00","0.00","0","0.00","0.00","0.00","0.00","1","180","2.0","100.0","90","90","0.00","Tyrick Mitchell","eng ENG","0","6","1","0","0","0.00","0","0.00","-5","-2.50","0.00","0.00","MF","2","0","0.0","0.00","1.00","2","Crystal Palace","0","","","","","","","","","","","","","","","","","",""
"26-157","0","0.00","0","0","0","0","0a3d6d2b","0","0","2","2","2","0","0","0","0.00","0.00","0","0.00","0.00","0.00","0.00","4","180","2.0","100.0","90","90","0.00","Chris Richards","us USA","0","6","1","0","0","0.00","0","0.00","-5","-2.50","0.00","0.00","DF","1","1","100.0","0.50","0.50","3","Crystal Palace","0","","","","","","","","","","","","","","","","","",""
"22-207","0","0.00","0","0","0","1","4b542852","4","0","2","2","2","0","0","0","0.00","0.00","0","0.00","0.00","0.00","0.00","4","180","2.0","100.0","90","90","0.00","Adam Wharton","eng ENG","0","6","1","0","0","0.00","0","0.00","-5","-2.50","0.00","0.00","MF","0","0","0.00","0.00","0.00","3","Crystal Palace","0","","","","","","","","","","","","","","","","","",""
"27-094","0","0.00","0","0","0","0","a53649b7","1","1","2","0","2","0","0","0","0.00","0.00","0","0.00","0.00","0.00","0.00","1","121","1.3","67.2","61","61","0.00","Eddie Nketiah","eng ENG","0","5","1","0","0","0.00","0","0.00","-4","-2.98","-1.45","0.00","MF","3","1","33.3","0.74","2.23","3","Crystal Palace","0","","","","","","","","","","","","","","","","","",""
"21-363","0","0.00","0","1","0","7","638ddf68","0","2","2","0","1","1","0","0","0.00","0.00","0","0.00","0.00","0.00","0.00","3","110","1.2","61.1","55","74","36","Anan Khalaili","il ISR","0","3","1","0","0","0.00","0","0.00","-2","-1.64","+2.22","0.00","MF","1","0","0.0","0.00","0.82","9","Crystal Palace","0","","","","","","","","","","","","","","","","","",""
"23-316","0","0.00","0","0","0","9","540ec57b","3","3","2","0","1","1","0","0","0.00","0.00","0","0.00","0.00","0.00","0.00","1","103","1.1","57.2","52","67","36","Yéremy Pino","es ESP","2","3","1","0","0","0.00","0","0.00","-2","-1.75","+1.76","0.00","MF","3","0","0.0","0.00","2.62","2","Crystal Palace","0","","","","","","","","","","","","","","","","","",""
"27-300","0","0.00","0","0","0","4","b3af9be1","1","1","2","0","1","1","0","0","0.00","0.00","0","0.00","0.00","0.00","0.00","4","92","1.0","51.1","46","73","19","Takehiro Tomiyasu","jp JPN","0","3","1","0","0","0.00","0","0.00","-2","-1.96","+1.11","0.00","DF","0","0","0.00","0.00","0.00","0","Crystal Palace","0","","","","","","","","","","","","","","","","","",""
"26-207","0","0.00","0","0","0","0","f553b2b3","1","3","2","0","1","1","0","0","0.00","0.00","0","0.00","0.00","0.00","0.00","0","90","1.0","50.0","45","62","28","Jørgen Strand Larsen","no NOR","0","3","1","0","0","0.00","0","0.00","-2","-2.00","+1.00","0.00","FW","2","1","50.0","1.00","2.00","1","Crystal Palace","0","","","","","","","","","","","","","","","","","",""
"26-283","0","0.00","0","0","0","0","fc15fb84","0","1","2","0","1","1","0","0","0.00","0.00","0","0.00","0.00","0.00","0.00","1","85","0.9","47.2","43","62","23","Dwight McNeil","eng ENG","0","3","0","0","0","0.00","0","0.00","-3","-3.18","-1.28","0.00","MF","1","0","0.0","0.00","1.06","0","Crystal Palace","0","","","","","","","","","","","","","","","","","",""
"23-076","0","0.00","0","0","0","0","b3b9b8b8","0","2","1","0","1","0","0","0","0.00","0.00","0","0.00","0.00","0.00","0.00","1","71","0.8","39.4","71","71","0.00","Chadi Riad","ma MAR","0","2","0","0","0","0.00","0","0.00","-2","-2.54","-0.06","0.00","DF","0","0","0.00","0.00","0.00","1","Crystal Palace","0","","","","","","","","","","","","","","","","","",""
"29-065","0","0.00","0","0","0","0","50e6dc35","0","2","1","0","1","0","0","0","0.00","0.00","0","0.00","0.00","0.00","0.00","0","62","0.7","34.4","62","62","0.00","Jean-Philippe Mateta","fr FRA","0","2","0","0","0","0.00","0","0.00","-2","-2.90","-0.62","0.00","FW","2","0","0.0","0.00","2.90","0","Crystal Palace","0","","","","","","","","","","","","","","","","","",""
"30-098","0","0.00","0","0","0","0","778ef829","0","1","1","0","1","0","0","0","0.00","0.00","0","0.00","0.00","0.00","0.00","1","54","0.6","30.0","54","54","0.00","Daniel Muñoz","co COL","0","2","0","0","0","0.00","0","0.00","-2","-3.33","-1.19","0.00","MF","2","1","50.0","1.67","3.33","1","Crystal Palace","1","","","","","","","","","","","","","","","","","",""
"25-062","0","0.00","0","0","0","1","b73f17f8","0","2","2","0","0","2","0","0","0.00","0.00","0","0.00","0.00","0.00","0.00","0","56","0.6","31.1","28","0.00","28","Evann Guessand","ci CIV","0","1","0","0","0","0.00","0","0.00","-1","-1.61","+1.30","0.00","FW,MF","1","1","100.0","1.61","1.61","0","Crystal Palace","0","","","","","","","","","","","","","","","","","",""
"19-163","0","0.00","0","0","0","0","bc2eb719","0","1","1","0","0","1","0","0","0.00","0.00","0","0.00","0.00","0.00","0.00","0","23","0.3","12.8","23","0.00","23","Zavier Gozo","us USA","1","1","0","0","0","0.00","0","0.00","-1","-3.91","-1.62","0.00","MF","0","0","0.00","0.00","0.00","1","Crystal Palace","0","","","","","","","","","","","","","","","","","",""
"28-174","0","0.00","0","0","0","0","ad82197c","0","1","1","0","0","1","0","0","0.00","0.00","0","0.00","0.00","0.00","0.00","0","17","0.2","9.4","17","0.00","17","Axel Disasi","fr FRA","0","1","0","0","0","0.00","0","0.00","-1","-5.29","-3.09","0.00","DF","0","0","0.00","0.00","0.00","0","Crystal Palace","0","","","","","","","","","","","","","","","","","",""
"27-111","0","0.00","0","0","0","0","056269d7","0","0","1","0","0","1","0","0","0.00","0.00","0","0.00","0.00","0.00","0.00","0","16","0.2","8.9","16","0.00","16","Óscar Mingueza","es ESP","0","1","0","0","0","0.00","0","0.00","-1","-5.63","-3.43","0.00","DF,MF","0","0","0.00","0.00","0.00","1","Crystal Palace","1","","","","","","","","","","","","","","","","","",""
"33-225","0.00","0.00","0.00","0.00","","","8a2248b4","","","0","0","0","0","0.00","0.00","0.00","0.00","0.00","0.00","0.00","","","","0.00","0.00","0.00","0.00","0.00","0.00","Walter Benítez","ar ARG","","0.00","0.00","","0.00","","0.00","","0.00","0.00","0.00","0.00","GK","","","","","","","Crystal Palace","2","","","","","","","","","","","","","","","","","",""
"31-137","0.00","0.00","0.00","0.00","","","a0666d3e","","","0","0","0","0","0.00","0.00","0.00","0.00","0.00","0.00","0.00","","","","0.00","0.00","0.00","0.00","0.00","0.00","Will Hughes","eng ENG","","0.00","0.00","","0.00","","0.00","","0.00","0.00","0.00","0.00","MF","","","","","","","Crystal Palace","2","","","","","","","","","","","","","","","","","",""
"31-311","0.00","0.00","0.00","0.00","","","9b5ce51a","","","0","0","0","0","0.00","0.00","0.00","0.00","0.00","0.00","0.00","","","","0.00","0.00","0.00","0.00","0.00","0.00","Jefferson Lerma","co COL","","0.00","0.00","","0.00","","0.00","","0.00","0.00","0.00","0.00","DF,MF","","","","","","","Crystal Palace","1","","","","","","","","","","","","","","","","","",""
"28-223","0.00","0.00","0.00","0.00","","","af0d79a9","","","0","0","0","0","0.00","0.00","0.00","0.00","0.00","0.00","0.00","","","","0.00","0.00","0.00","0.00","0.00","0.00","Borna Sosa","hr CRO","","0.00","0.00","","0.00","","0.00","","0.00","0.00","0.00","0.00","DF,MF","","","","","","","Crystal Palace","1","","","","","","","","","","","","","","","","","",""
"21-178","0","0.00","0","1","0","1","ac31d35e","5","2","2","2","2","0","0","0","0.00","0.00","0","0.00","0.00","0.00","0.00","1","180","2.0","100.0","90","90","0.00","Jair Cunha","br BRA","0","3","2","0","0","0.00","0","0.00","-1","-0.50","0.00","0.50","DF","0","0","0.00","0.00","0.00","1","Nott'm Forest","0","","","","","","","","","","","","","","","","","",""
"26-217","1","0.50","0","0","0","4","32f60ed8","3","2","2","2","2","0","1","2","0.50","1.00","0","0.00","0.50","0.25","1.00","1","180","2.0","100.0","90","90","0.00","Morgan Gibbs-White","eng ENG","1","3","2","0","1","0.00","1","0.00","-1","-0.50","0.00","0.50","MF","4","1","25.0","0.50","2.00","1","Nott'm Forest","0","","","","","","","","","","","","","","","","","",""
"28-324","0","0.00","0","0","0","0","bee704fc","1","4","2","2","2","0","0","0","0.00","0.00","0","0.00","0.00","0.00","0.00","3","180","2.0","100.0","90","90","0.00","Nikola Milenković","rs SRB","0","3","2","0","0","0.00","0","0.00","-1","-0.50","0.00","0.50","DF","2","0","0.0","0.00","1.00","1","Nott'm Forest","0","","","","","","","","","","","","","","","","","",""
"34-187","0","0.00","0","0","0","0","834b5c4c","0","0","2","2","2","0","0","0","0.00","0.00","0","0.00","0.00","0.00","0.00","0","180","2.0","100.0","90","90","0.00","Matz Sels","be BEL","0","3","2","0","0","0.00","0","0.00","-1","-0.50","0.00","0.50","GK","0","0","0.00","0.00","0.00","0","Nott'm Forest","0","0","0.0","2","2","3","1.50","1","180","0","0","0","0.00","0","57.1","4","7","1","0"
"25-141","0","0.00","0","0","0","8","dd323728","2","1","2","2","2","0","0","0","0.00","0.00","0","0.00","0.00","0.00","0.00","0","180","2.0","100.0","90","90","0.00","Neco Williams","wls WAL","1","3","2","0","0","0.00","0","0.00","-1","-0.50","0.00","0.50","MF","1","0","0.0","0.00","0.50","7","Nott'm Forest","0","","","","","","","","","","","","","","","","","",""
"25-188","0","0.00","0","1","0","0","dbe24cce","4","5","2","1","2","0","0","0","0.00","0.00","0","0.00","0.00","0.00","0.00","0","179","2.0","99.4","90","90","0.00","Igor Jesus","br BRA","1","3","2","0","0","0.00","0","0.00","-1","-0.50","-0.50","0.50","FW","6","2","33.3","1.01","3.02","1","Nott'm Forest","0","","","","","","","","","","","","","","","","","",""
"24-059","0","0.00","0","0","0","0","1704b0b8","1","1","2","1","2","0","0","0","0.00","0.00","0","0.00","0.00","0.00","0.00","1","179","2.0","99.4","90","90","0.00","Murillo","br BRA","0","3","2","0","0","0.00","0","0.00","-1","-0.50","-0.50","0.50","DF","1","0","0.0","0.00","0.50","1","Nott'm Forest","0","","","","","","","","","","","","","","","","","",""
"23-318","0","0.00","0","0","0","7","96593e89","4","0","2","0","2","0","0","0","0.00","0.00","0","0.00","0.00","0.00","0.00","0","162","1.8","90.0","81","81","0.00","James Mcatee","eng ENG","0","2","2","0","0","0.00","0","0.00","0","0.00","+5.00","0.50","MF","0","0","0.00","0.00","0.00","2","Nott'm Forest","0","","","","","","","","","","","","","","","","","",""
"29-328","0","0.00","0","2","0","6","246d153b","2","3","2","0","2","0","0","0","0.00","0.00","0","0.00","0.00","0.00","0.00","1","158","1.8","87.8","79","79","0.00","Ola Aina","ng NGA","0","2","2","0","0","0.00","0","0.00","0","0.00","+4.09","0.50","MF","2","1","50.0","0.57","1.14","1","Nott'm Forest","0","","","","","","","","","","","","","","","","","",""
"25-311","0","0.00","0","0","0","0","8e697a8f","2","3","2","0","2","0","1","1","0.71","0.71","1","0.71","0.71","0.33","1.00","1","126","1.4","70.0","63","63","0.00","Dan Ndoye","ch SUI","0","1","1","0","0","0.00","0","0.00","0","0.00","+1.67","0.50","MF","3","1","33.3","0.71","2.14","0","Nott'm Forest","0","","","","","","","","","","","","","","","","","",""
"28-338","0","0.00","0","0","0","1","8f056768","1","0","2","1","1","1","0","0","0.00","0.00","0","0.00","0.00","0.00","0.00","0","107","1.2","59.4","54","90","17","Xaver Schlager","at AUT","0","3","2","0","0","0.00","0","0.00","-1","-0.84","-0.84","0.50","MF","2","0","0.0","0.00","1.68","2","Nott'm Forest","0","","","","","","","","","","","","","","","","","",""
"28-273","0","0.00","0","0","0","0","bced0375","1","2","1","1","1","0","0","0","0.00","0.00","0","0.00","0.00","0.00","0.00","0","90","1.0","50.0","90","90","0.00","Ibrahim Sangaré","ci CIV","0","1","0","0","0","0.00","0","0.00","-1","-1.00","-1.00","0.00","MF","1","0","0.0","0.00","1.00","0","Nott'm Forest","0","","","","","","","","","","","","","","","","","",""
"34-268","0","0.00","0","0","0","0","4e9a0555","1","0","1","0","0","1","0","0","0.00","0.00","0","0.00","0.00","0.00","0.00","0","29","0.3","16.1","29","0.00","29","Chris Wood","nz NZL","0","1","0","0","0","0.00","0","0.00","-1","-3.10","-3.10","0.00","FW","1","0","0.0","0.00","3.10","0","Nott'm Forest","1","","","","","","","","","","","","","","","","","",""
"23-205","0","0.00","0","0","0","0","dd897ee7","0","0","1","0","0","1","0","0","0.00","0.00","0","0.00","0.00","0.00","0.00","0","25","0.3","13.9","25","0.00","25","Liam Delap","eng ENG","0","1","1","0","0","0.00","0","0.00","0","0.00","+0.58","1.00","FW","1","0","0.0","0.00","3.60","0","Nott'm Forest","0","","","","","","","","","","","","","","","","","",""
"23-109","0","0.00","0","0","0","0","e79269bd","0","1","2","0","0","2","0","0","0.00","0.00","0","0.00","0.00","0.00","0.00","0","22","0.2","12.2","11","0.00","11","Luca Netz","de GER","0","1","0","0","0","0.00","0","0.00","-1","-4.09","-4.09","0.50","DF,MF","0","0","0.00","0.00","0.00","1","Nott'm Forest","0","","","","","","","","","","","","","","","","","",""
"28-065","0","0.00","0","0","0","0","20b3a502","0","0","1","0","0","1","0","0","0.00","0.00","0","0.00","0.00","0.00","0.00","0","1","0.0","0.6","1","0.00","1","Nicolás Domínguez","ar ARG","0","0","0","0","0","0.00","0","0.00","0","0.00","+0.50","1.00","MF","0","0","0.00","0.00","0.00","0","Nott'm Forest","1","","","","","","","","","","","","","","","","","",""
"25-298","0","0.00","0","0","0","0","15f3ec41","0","1","1","0","0","1","0","0","0.00","0.00","0","0.00","0.00","0.00","0.00","0","1","0.0","0.6","1","0.00","1","Callum Hudson-Odoi","eng ENG","0","0","0","0","0","0.00","0","0.00","0","0.00","+0.50","1.00","FW,MF","0","0","0.00","0.00","0.00","0","Nott'm Forest","1","","","","","","","","","","","","","","","","","",""
"24-224","0","0.00","0","0","0","0","bf4c41f9","0","0","1","0","0","1","0","0","0.00","0.00","0","0.00","0.00","0.00","0.00","0","1","0.0","0.6","1","0.00","1","Arnaud Kalimuendo","fr FRA","0","0","0","0","0","0.00","0","0.00","0","0.00","+0.50","0.00","FW","0","0","0.00","0.00","0.00","0","Nott'm Forest","0","","","","","","","","","","","","","","","","","",""
"20-111","0.00","0.00","0.00","0.00","","","c103921a","","","0","0","0","0","0.00","0.00","0.00","0.00","0.00","0.00","0.00","","","","0.00","0.00","0.00","0.00","0.00","0.00","Zach Abbott","eng ENG","","0.00","0.00","","0.00","","0.00","","0.00","0.00","0.00","0.00","DF","","","","","","","Nott'm Forest","2","","","","","","","","","","","","","","","","","",""
"22-271","0.00","0.00","0.00","0.00","","","394be156","","","0","0","0","0","0.00","0.00","0.00","0.00","0.00","0.00","0.00","","","","0.00","0.00","0.00","0.00","0.00","0.00","Ousmane Diomande","ci CIV","","0.00","0.00","","0.00","","0.00","","0.00","0.00","0.00","0.00","DF","","","","","","","Nott'm Forest","2","","","","","","","","","","","","","","","","","",""
"30-200","0.00","0.00","0.00","0.00","","","33a235af","","","0","0","0","0","0.00","0.00","0.00","0.00","0.00","0.00","0.00","","","","0.00","0.00","0.00","0.00","0.00","0.00","John","br BRA","","0.00","0.00","","0.00","","0.00","","0.00","0.00","0.00","0.00","GK","","","","","","","Nott'm Forest","2","","","","","","","","","","","","","","","","","",""
"28-284","0.00","0.00","0.00","0.00","","","c1fe2a48","","","0","0","0","0","0.00","0.00","0.00","0.00","0.00","0.00","0.00","","","","0.00","0.00","0.00","0.00","0.00","0.00","Ryan Yates","eng ENG","","0.00","0.00","","0.00","","0.00","","0.00","0.00","0.00","0.00","MF","","","","","","","Nott'm Forest","1","","","","","","","","","","","","","","","","","",""
"33-130","0.00","0.00","0.00","0.00","","","44781702","","","0","0","0","0","0.00","0.00","0.00","0.00","0.00","0.00","0.00","","","","0.00","0.00","0.00","0.00","0.00","0.00","Ben Davies","wls WAL","","0.00","0.00","","0.00","","0.00","","0.00","0.00","0.00","0.00","DF,MF","","","","","","","Spurs","2","","","","","","","","","","","","","","","","","",""
"26-085","0","0.00","0","0","0","0","4fd08daa","1","3","2","2","2","0","0","0","0.00","0.00","0","0.00","0.00","0.00","0.00","1","180","2.0","100.0","90","90","0.00","Jan Paul van Hecke","nl NED","0","5","0","0","0","0.00","0","0.00","-5","-2.50","0.00","0.00","DF","1","1","100.0","0.50","0.50","2","Spurs","0","","","","","","","","","","","","","","","","","",""
"23-172","0","0.00","0","0","0","0","b38ac6a4","0","0","2","2","2","0","0","0","0.00","0.00","0","0.00","0.00","0.00","0.00","0","180","2.0","100.0","90","90","0.00","Antonín Kinský","cz CZE","0","5","0","0","0","0.00","0","0.00","-5","-2.50","0.00","0.00","GK","0","0","0.00","0.00","0.00","0","Spurs","0","0","0.0","2","2","5","2.50","2","180","0","1","1","0.00","0","50.0","5","10","0","0"
"26-116","0","0.00","0","0","0","2","0db169ae","3","1","2","1","2","0","0","0","0.00","0.00","0","0.00","0.00","0.00","0.00","1","164","1.8","91.1","82","82","0.00","Sandro Tonali","it ITA","1","5","0","0","0","0.00","0","0.00","-5","-2.74","-2.74","0.00","MF","3","1","33.3","0.55","1.65","1","Spurs","0","","","","","","","","","","","","","","","","","",""
"32-174","0","0.00","0","0","0","8","2e4f5f03","2","0","2","1","2","0","0","0","0.00","0.00","0","0.00","0.00","0.00","0.00","2","157","1.7","87.2","79","79","0.00","Andy Robertson","sct SCO","0","4","0","0","0","0.00","0","0.00","-4","-2.29","+1.62","0.00","DF","1","1","100.0","0.57","0.57","2","Spurs","0","","","","","","","","","","","","","","","","","",""
"21-127","0","0.00","0","0","0","4","829aa60c","0","2","2","1","2","0","0","0","0.00","0.00","0","0.00","0.00","0.00","0.00","0","157","1.7","87.2","79","79","0.00","Mathys Tel","fr FRA","0","4","0","0","0","0.00","0","0.00","-4","-2.29","+1.62","0.00","MF","5","1","20.0","0.57","2.87","1","Spurs","0","","","","","","","","","","","","","","","","","",""
"20-173","0","0.00","0","0","0","2","f58515f5","4","1","2","0","2","0","0","0","0.00","0.00","0","0.00","0.00","0.00","0.00","2","152","1.7","84.4","76","76","0.00","Archie Gray","eng ENG","0","4","0","0","0","0.00","0","0.00","-4","-2.37","+0.85","0.00","DF","0","0","0.00","0.00","0.00","1","Spurs","0","","","","","","","","","","","","","","","","","",""
"29-068","0","0.00","0","0","0","1","3b8674e6","0","6","2","1","1","1","0","0","0.00","0.00","0","0.00","0.00","0.00","0.00","2","135","1.5","75.0","68","90","45","Rodrigo Bentancur","uy URU","0","3","0","0","0","0.00","0","0.00","-3","-2.00","+2.00","0.00","MF","0","0","0.00","0.00","0.00","4","Spurs","0","","","","","","","","","","","","","","","","","",""
"22-053","0","0.00","0","0","0","7","ef491564","0","4","2","1","1","1","0","0","0.00","0.00","0","0.00","0.00","0.00","0.00","0","135","1.5","75.0","68","90","45","Mateus Fernandes","pt POR","0","3","0","0","0","0.00","0","0.00","-3","-2.00","+2.00","0.00","MF","1","0","0.0","0.00","0.67","2","Spurs","0","","","","","","","","","","","","","","","","","",""
"27-206","0","0.00","0","0","0","0","0e0102eb","1","3","1","1","1","0","0","0","0.00","0.00","0","0.00","0.00","0.00","0.00","0","90","1.0","50.0","90","90","0.00","Omar Marmoush","eg EGY","0","2","0","0","0","0.00","0","0.00","-2","-2.00","+1.00","0.00","FW","3","1","33.3","1.00","3.00","1","Spurs","0","","","","","","","","","","","","","","","","","",""
"19-021","0","0.00","0","0","0","2","00953a9d","1","0","2","0","1","1","0","0","0.00","0.00","0","0.00","0.00","0.00","0.00","0","90","1.0","50.0","45","67","23","Mikey Moore","eng ENG","1","4","0","0","0","0.00","0","0.00","-4","-4.00","-3.00","0.00","MF","4","3","75.0","3.00","4.00","0","Spurs","0","","","","","","","","","","","","","","","","","",""
"26-353","0","0.00","0","0","0","4","27d0a506","2","1","1","1","1","0","0","0","0.00","0.00","0","0.00","0.00","0.00","0.00","0","90","1.0","50.0","90","90","0.00","Pedro Porro","es ESP","0","2","0","0","0","0.00","0","0.00","-2","-2.00","+1.00","0.00","MF","4","1","25.0","1.00","4.00","0","Spurs","0","","","","","","","","","","","","","","","","","",""
"29-114","0","0.00","0","0","0","0","35141f4c","3","2","1","1","1","0","0","0","0.00","0.00","0","0.00","0.00","0.00","0.00","2","90","1.0","50.0","90","90","0.00","Marcos Senesi","ar ARG","1","3","0","0","0","0.00","0","0.00","-3","-3.00","-1.00","0.00","DF","0","0","0.00","0.00","0.00","4","Spurs","1","","","","","","","","","","","","","","","","","",""
"25-135","0","0.00","0","1","0","0","8fe2a392","1","2","1","1","1","0","0","0","0.00","0.00","0","0.00","0.00","0.00","0.00","1","90","1.0","50.0","90","90","0.00","Micky van de Ven","nl NED","0","2","0","0","0","0.00","0","0.00","-2","-2.00","+1.00","0.00","DF","0","0","0.00","0.00","0.00","1","Spurs","0","","","","","","","","","","","","","","","","","",""
"29-114","0","0.00","0","0","0","0","fa031b34","1","2","1","0","1","0","0","0","0.00","0.00","0","0.00","0.00","0.00","0.00","0","67","0.7","37.2","67","67","0.00","Richarlison","br BRA","0","3","0","0","0","0.00","0","0.00","-3","-4.03","-2.44","0.00","FW","0","0","0.00","0.00","0.00","0","Spurs","0","","","","","","","","","","","","","","","","","",""
"20-211","0","0.00","0","0","0","1","a109e5c8","0","0","1","0","1","0","0","0","0.00","0.00","0","0.00","0.00","0.00","0.00","0","45","0.5","25.0","45","45","0.00","Lucas Bergvall","se SWE","0","2","0","0","0","0.00","0","0.00","-2","-4.00","-2.00","0.00","MF","0","0","0.00","0.00","0.00","0","Spurs","1","","","","","","","","","","","","","","","","","",""
"26-207","0","0.00","0","1","0","0","c2731c10","1","1","1","0","1","0","0","0","0.00","0.00","0","0.00","0.00","0.00","0.00","0","45","0.5","25.0","45","45","0.00","Conor Gallagher","eng ENG","0","2","0","0","0","0.00","0","0.00","-2","-4.00","-2.00","0.00","MF","1","0","0.0","0.00","2.00","1","Spurs","1","","","","","","","","","","","","","","","","","",""
"28-352","0","0.00","0","0","0","0","e77dc3b2","2","0","2","0","0","2","0","0","0.00","0.00","0","0.00","0.00","0.00","0.00","0","39","0.4","21.7","20","0.00","20","Dominic Solanke","eng ENG","1","0","0","0","0","0.00","0","0.00","0","0.00","+3.19","0.00","FW","2","1","50.0","2.31","4.62","0","Spurs","0","","","","","","","","","","","","","","","","","",""
"23-277","0","0.00","0","0","0","2","7cd520e8","1","1","2","0","0","2","0","0","0.00","0.00","0","0.00","0.00","0.00","0.00","0","28","0.3","15.6","14","0.00","14","Destiny Udogie","it ITA","0","1","0","0","0","0.00","0","0.00","-1","-3.21","-0.85","0.00","DF,MF","0","0","0.00","0.00","0.00","1","Spurs","0","","","","","","","","","","","","","","","","","",""
"26-030","0","0.00","0","0","0","5","b62878a5","0","0","1","0","0","1","0","0","0.00","0.00","0","0.00","0.00","0.00","0.00","0","23","0.3","12.8","23","0.00","23","Mohammed Kudus","gh GHA","0","1","0","0","0","0.00","0","0.00","-1","-3.91","-1.62","0.00","FW,MF","1","0","0.0","0.00","3.91","0","Spurs","0","","","","","","","","","","","","","","","","","",""
"29-282","0","0.00","0","0","0","1","ee38d9c5","2","0","1","0","0","1","0","0","0.00","0.00","0","0.00","0.00","0.00","0.00","0","23","0.3","12.8","23","0.00","23","James Maddison","eng ENG","0","0","0","0","0","0.00","0","0.00","0","0.00","+2.87","0.00","FW,MF","0","0","0.00","0.00","0.00","0","Spurs","0","","","","","","","","","","","","","","","","","",""
"27-347","0.00","0.00","0.00","0.00","","","6e33125f","","","0","0","0","0","0.00","0.00","0.00","0.00","0.00","0.00","0.00","","","","0.00","0.00","0.00","0.00","0.00","0.00","Kevin Danso","at AUT","","0.00","0.00","","0.00","","0.00","","0.00","0.00","0.00","0.00","DF,MF","","","","","","","Spurs","1","","","","","","","","","","","","","","","","","",""
"37-229","0.00","0.00","0.00","0.00","","","3a949a25","","","0","0","0","0","0.00","0.00","0.00","0.00","0.00","0.00","0.00","","","","0.00","0.00","0.00","0.00","0.00","0.00","Martin Dúbravka","sk SVK","","0.00","0.00","","0.00","","0.00","","0.00","0.00","0.00","0.00","GK","","","","","","","Spurs","2","","","","","","","","","","","","","","","","","",""
"17-335","0.00","0.00","0.00","0.00","","","d2fe0b0b","","","0","0","0","0","0.00","0.00","0.00","0.00","0.00","0.00","0.00","","","","0.00","0.00","0.00","0.00","0.00","0.00","Luca Williams Barnett","eng ENG","","0.00","0.00","","0.00","","0.00","","0.00","0.00","0.00","0.00","FW","","","","","","","Spurs","1","","","","","","","","","","","","","","","","","",""
"23-032","0","0.00","0","1","0","0","1227a22d","0","3","2","2","2","0","0","0","0.00","0.00","0","0.00","0.00","0.00","0.00","0","180","2.0","100.0","90","90","0.00","Aurèle Amenda","ch SUI","0","4","0","0","0","0.00","0","0.00","-4","-2.00","0.00","0.00","DF","1","0","0.0","0.00","0.50","0","Coventry City","0","","","","","","","","","","","","","","","","","",""
"28-132","0","0.00","0","0","0","5","2a158ded","0","1","2","2","2","0","0","0","0.00","0.00","0","0.00","0.00","0.00","0.00","1","180","2.0","100.0","90","90","0.00","Jay Dasilva","wls WAL","0","4","0","0","0","0.00","0","0.00","-4","-2.00","0.00","0.00","DF","1","1","100.0","0.50","0.50","2","Coventry City","0","","","","","","","","","","","","","","","","","",""
"25-358","0","0.00","0","0","0","3","58448fbb","0","2","2","2","2","0","0","0","0.00","0.00","0","0.00","0.00","0.00","0.00","1","180","2.0","100.0","90","90","0.00","Milan van Ewijk","nl NED","0","4","0","0","0","0.00","0","0.00","-4","-2.00","0.00","0.00","DF","0","0","0.00","0.00","0.00","1","Coventry City","0","","","","","","","","","","","","","","","","","",""
"31-048","0","0.00","0","0","0","10","81a487b9","2","0","2","2","2","0","0","0","0.00","0.00","0","0.00","0.00","0.00","0.00","0","180","2.0","100.0","90","90","0.00","Matt Grimes","eng ENG","0","4","0","0","0","0.00","0","0.00","-4","-2.00","0.00","0.00","MF","1","0","0.0","0.00","0.50","0","Coventry City","0","","","","","","","","","","","","","","","","","",""
"25-061","0","0.00","0","0","0","0","810912d5","0","0","2","2","2","0","0","0","0.00","0.00","0","0.00","0.00","0.00","0.00","0","180","2.0","100.0","90","90","0.00","Carl Rushworth","eng ENG","0","4","0","0","0","0.00","0","0.00","-4","-2.00","0.00","0.00","GK","0","0","0.00","0.00","0.00","0","Coventry City","0","0","0.0","2","2","4","2.00","2","180","0","0","0","0.00","0","42.9","3","7","0","0"
"25-214","0","0.00","0","0","0","1","6a471ee8","4","3","2","1","2","0","0","0","0.00","0.00","0","0.00","0.00","0.00","0.00","0","167","1.9","92.8","84","84","0.00","Bobby Thomas","eng ENG","0","3","0","0","0","0.00","0","0.00","-3","-1.62","+5.31","0.00","DF","1","0","0.0","0.00","0.54","1","Coventry City","0","","","","","","","","","","","","","","","","","",""
"22-358","0","0.00","0","0","0","7","a3c8b4d3","2","1","2","0","2","0","0","0","0.00","0.00","0","0.00","0.00","0.00","0.00","0","139","1.5","77.2","70","70","0.00","Loum Tchaouna","fr FRA","0","3","0","0","0","0.00","0","0.00","-3","-1.94","+0.25","0.00","MF","3","0","0.0","0.00","1.94","1","Coventry City","0","","","","","","","","","","","","","","","","","",""
"20-229","0","0.00","0","1","0","1","d40ce7b0","2","3","2","0","2","0","0","0","0.00","0.00","0","0.00","0.00","0.00","0.00","0","131","1.5","72.8","66","66","0.00","Caleb Yirenkyi","gh GHA","0","3","0","0","0","0.00","0","0.00","-3","-2.06","-0.22","0.00","MF","1","0","0.0","0.00","0.69","0","Coventry City","0","","","","","","","","","","","","","","","","","",""
"29-020","0","0.00","0","0","0","0","e5478b87","1","1","2","1","1","1","0","0","0.00","0.00","0","0.00","0.00","0.00","0.00","0","111","1.2","61.7","56","90","21","Taiwo Awoniyi","ng NGA","2","1","0","0","0","0.00","0","0.00","-1","-0.81","+3.10","0.00","FW","4","2","50.0","1.62","3.24","0","Coventry City","0","","","","","","","","","","","","","","","","","",""
"27-246","0","0.00","0","0","0","2","fb152f96","3","0","2","0","1","1","0","0","0.00","0.00","0","0.00","0.00","0.00","0.00","4","102","1.1","56.7","51","69","33","Brandon Thomas-Asante","gh GHA","0","4","0","0","0","0.00","0","0.00","-4","-3.53","-3.53","0.00","MF","0","0","0.00","0.00","0.00","0","Coventry City","0","","","","","","","","","","","","","","","","","",""
"26-098","0","0.00","0","0","0","1","4d395e2b","0","1","2","0","1","1","0","0","0.00","0.00","0","0.00","0.00","0.00","0.00","1","91","1.0","50.6","46","70","21","Jack Rudoni","eng ENG","0","0","0","0","0","0.00","0","0.00","0","0.00","+4.04","0.00","MF","2","1","50.0","0.99","1.98","0","Coventry City","0","","","","","","","","","","","","","","","","","",""
"28-243","0","0.00","0","0","0","0","2944f86f","1","3","1","1","1","0","0","0","0.00","0.00","0","0.00","0.00","0.00","0.00","3","90","1.0","50.0","90","90","0.00","Frank Onyeka","ng NGA","0","3","0","0","0","0.00","0","0.00","-3","-3.00","-2.00","0.00","MF","0","0","0.00","0.00","0.00","1","Coventry City","0","","","","","","","","","","","","","","","","","",""
"25-239","0","0.00","0","0","0","0","26d3b5be","1","2","1","0","1","0","0","0","0.00","0.00","0","0.00","0.00","0.00","0.00","0","69","0.8","38.3","69","69","0.00","Ellis Simms","eng ENG","0","3","0","0","0","0.00","0","0.00","-3","-3.91","-3.10","0.00","FW","0","0","0.00","0.00","0.00","0","Coventry City","1","","","","","","","","","","","","","","","","","",""
"27-007","0","0.00","0","0","0","6","0d5a541f","2","2","1","0","1","0","0","0","0.00","0.00","0","0.00","0.00","0.00","0.00","0","57","0.6","31.7","57","57","0.00","Ephron Mason-Clark","jm JAM","1","0","0","0","0","0.00","0","0.00","0","0.00","+2.93","0.00","MF","0","0","0.00","0.00","0.00","0","Coventry City","0","","","","","","","","","","","","","","","","","",""
"27-033","0","0.00","0","0","0","4","e8cc2cbb","0","1","2","0","0","2","0","0","0.00","0.00","0","0.00","0.00","0.00","0.00","1","49","0.5","27.2","25","0.00","25","Victor Torp","dk DEN","0","1","0","0","0","0.00","0","0.00","-1","-1.84","+0.22","0.00","MF","0","0","0.00","0.00","0.00","0","Coventry City","0","","","","","","","","","","","","","","","","","",""
"29-314","0","0.00","0","0","0","3","5e67ea3a","0","0","1","0","0","1","0","0","0.00","0.00","0","0.00","0.00","0.00","0.00","0","32","0.4","17.8","32","0.00","32","Tatsuhiro Sakamoto","jp JPN","0","1","0","0","0","0.00","0","0.00","-1","-2.81","-0.99","0.00","FW,MF","1","0","0.0","0.00","2.81","2","Coventry City","1","","","","","","","","","","","","","","","","","",""
"29-069","0","0.00","0","0","0","1","eebacc07","0","1","2","0","0","2","0","0","0.00","0.00","0","0.00","0.00","0.00","0.00","0","29","0.3","16.1","15","0.00","15","Gustavo Hamer","nl NED","0","1","0","0","0","0.00","0","0.00","-1","-3.10","-1.32","0.00","MF","0","0","0.00","0.00","0.00","0","Coventry City","0","","","","","","","","","","","","","","","","","",""
"33-095","0","0.00","0","0","0","0","e541326e","0","0","1","0","0","1","0","0","0.00","0.00","0","0.00","0.00","0.00","0.00","0","13","0.1","7.2","13","0.00","13","Ethan Pinnock","jm JAM","0","1","0","0","0","0.00","0","0.00","-1","-6.92","-5.31","0.00","DF","0","0","0.00","0.00","0.00","0","Coventry City","0","","","","","","","","","","","","","","","","","",""
"33-050","0.00","0.00","0.00","0.00","","","68db6358","","","0","0","0","0","0.00","0.00","0.00","0.00","0.00","0.00","0.00","","","","0.00","0.00","0.00","0.00","0.00","0.00","Daniel Bentley","eng ENG","","0.00","0.00","","0.00","","0.00","","0.00","0.00","0.00","0.00","GK","","","","","","","Coventry City","1","","","","","","","","","","","","","","","","","",""
"26-148","0.00","0.00","0.00","0.00","","","9722d36c","","","0","0","0","0","0.00","0.00","0.00","0.00","0.00","0.00","0.00","","","","0.00","0.00","0.00","0.00","0.00","0.00","Josh Eccles","eng ENG","","0.00","0.00","","0.00","","0.00","","0.00","0.00","0.00","0.00","MF","","","","","","","Coventry City","1","","","","","","","","","","","","","","","","","",""
"26-335","0.00","0.00","0.00","0.00","","","23aa33e2","","","0","0","0","0","0.00","0.00","0.00","0.00","0.00","0.00","0.00","","","","0.00","0.00","0.00","0.00","0.00","0.00","Liam Kitching","eng ENG","","0.00","0.00","","0.00","","0.00","","0.00","0.00","0.00","0.00","DF","","","","","","","Coventry City","2","","","","","","","","","","","","","","","","","",""
"26-238","0.00","0.00","0.00","0.00","","","a4183553","","","0","0","0","0","0.00","0.00","0.00","0.00","0.00","0.00","0.00","","","","0.00","0.00","0.00","0.00","0.00","0.00","Joël Latibeaudière","jm JAM","","0.00","0.00","","0.00","","0.00","","0.00","0.00","0.00","0.00","DF,MF","","","","","","","Coventry City","2","","","","","","","","","","","","","","","","","",""
"34-023","0.00","0.00","0.00","0.00","","","0118dd71","","","0","0","0","0","0.00","0.00","0.00","0.00","0.00","0.00","0.00","","","","0.00","0.00","0.00","0.00","0.00","0.00","Ben Wilson","eng ENG","","0.00","0.00","","0.00","","0.00","","0.00","0.00","0.00","0.00","FW,GK","","","","","","","Coventry City","1","","","","","","","","","","","","","","","","","",""
"20-072","0","0.00","0","0","0","0","25172468","1","1","1","0","0","1","0","0","0.00","0.00","0","0.00","0.00","0.00","0.00","0","11","0.1","6.1","11","0.00","11","Sindre Egeli","no NOR","0","0","1","0","0","0.00","0","0.00","+1","+8.18","+9.78","3.00","FW,MF","0","0","0.00","0.00","0.00","0","Ipswich Town","1","","","","","","","","","","","","","","","","","",""
"26-244","0","0.00","0","0","0","3","8574c61f","1","0","2","2","2","0","1","1","0.50","0.50","1","0.50","0.50","0.50","0.50","2","180","2.0","100.0","90","90","0.00","Leif Davis","eng ENG","0","6","4","0","0","0.00","0","0.00","-2","-1.00","0.00","1.50","DF","2","2","100.0","1.00","1.00","0","Ipswich Town","0","","","","","","","","","","","","","","","","","",""
"29-235","0","0.00","0","0","0","0","a712ca2b","0","3","2","2","2","0","0","0","0.00","0.00","0","0.00","0.00","0.00","0.00","3","180","2.0","100.0","90","90","0.00","Issa Diop","ma MAR","0","6","4","0","0","0.00","0","0.00","-2","-1.00","0.00","1.50","DF","0","0","0.00","0.00","0.00","1","Ipswich Town","0","","","","","","","","","","","","","","","","","",""
"25-354","0","0.00","0","1","0","0","1f169636","4","2","2","2","2","0","0","0","0.00","0.00","0","0.00","0.00","0.00","0.00","0","180","2.0","100.0","90","90","0.00","Jacob Greaves","eng ENG","0","6","4","1","0","0.00","0","0.00","-2","-1.00","0.00","1.50","DF","0","0","0.00","0.00","0.00","3","Ipswich Town","0","","","","","","","","","","","","","","","","","",""
"27-181","0","0.00","0","0","0","2","1d042188","2","3","2","2","2","0","0","0","0.00","0.00","0","0.00","0.00","0.00","0.00","1","180","2.0","100.0","90","90","0.00","Dara O'Shea","ie IRL","0","6","4","0","0","0.00","0","0.00","-2","-1.00","0.00","1.50","DF","1","0","0.0","0.00","0.50","1","Ipswich Town","0","","","","","","","","","","","","","","","","","",""
"26-221","0","0.00","0","0","0","0","f0e4c69e","1","0","2","2","2","0","0","0","0.00","0.00","0","0.00","0.00","0.00","0.00","0","180","2.0","100.0","90","90","0.00","Kjell Scherpen","nl NED","0","6","4","0","0","0.00","0","0.00","-2","-1.00","0.00","1.50","GK","0","0","0.00","0.00","0.00","0","Ipswich Town","0","0","0.0","2","2","6","3.00","1","180","1","1","0","0.0","0","57.1","8","14","0","1"
"30-019","1","0.56","0","1","0","4","c6e8cf1f","0","4","2","1","2","0","0","1","0.56","0.56","0","0.00","0.00","0.00","0.00","2","162","1.8","90.0","81","81","0.00","Saša Lukić","rs SRB","0","5","3","0","0","0.00","0","0.00","-2","-1.11","-1.11","1.50","MF","1","0","0.0","0.00","0.56","3","Ipswich Town","0","","","","","","","","","","","","","","","","","",""
"22-221","2","1.13","0","0","0","0","9cfbad36","4","1","2","1","2","0","0","2","1.13","1.13","0","0.00","0.00","0.00","0.00","0","160","1.8","88.9","80","80","0.00","Julio Enciso","py PAR","1","6","3","0","0","0.00","0","0.00","-3","-1.69","-6.19","1.50","MF","6","1","16.7","0.56","3.38","2","Ipswich Town","0","","","","","","","","","","","","","","","","","",""
"28-316","0","0.00","0","0","0","2","395451fc","0","3","2","0","2","0","0","0","0.00","0.00","0","0.00","0.00","0.00","0.00","0","151","1.7","83.9","76","76","0.00","Daizen Maeda","jp JPN","0","5","2","0","0","0.00","0","0.00","-3","-1.79","-4.89","1.50","MF","2","1","50.0","0.60","1.19","4","Ipswich Town","0","","","","","","","","","","","","","","","","","",""
"22-177","1","0.61","0","1","0","10","bceda5ff","3","2","2","0","2","0","0","1","0.61","0.61","0","0.00","0.00","0.00","0.00","1","147","1.6","81.7","74","74","0.00","Abdul Fatawu Issahaku","gh GHA","1","6","2","0","0","0.00","0","0.00","-4","-2.45","-7.90","1.50","MF","0","0","0.00","0.00","0.00","3","Ipswich Town","0","","","","","","","","","","","","","","","","","",""
"26-184","0","0.00","0","0","0","1","b6d1cf5c","0","1","2","0","2","0","0","0","0.00","0.00","0","0.00","0.00","0.00","0.00","1","140","1.6","77.8","70","70","0.00","Marcelino Núñez","cl CHI","0","4","2","0","0","0.00","0","0.00","-2","-1.29","-1.29","1.50","MF","1","0","0.0","0.00","0.64","1","Ipswich Town","0","","","","","","","","","","","","","","","","","",""
"22-047","0","0.00","0","0","0","1","ac24342e","2","1","2","0","2","0","1","1","0.82","0.82","1","0.82","0.82","0.33","0.50","0","110","1.2","61.1","55","55","0.00","Emersonn","br BRA","0","2","2","0","0","0.00","0","0.00","0","0.00","+2.57","1.50","FW","3","2","66.7","1.64","2.45","1","Ipswich Town","0","","","","","","","","","","","","","","","","","",""
"30-327","0","0.00","0","0","0","0","e2b384d2","2","1","2","0","0","2","1","1","1.29","1.29","1","1.29","1.29","1.00","1.00","0","70","0.8","38.9","35","0.00","35","Chuba Akpom","eng ENG","0","4","2","0","0","0.00","0","0.00","-2","-2.57","-2.57","1.50","FW,MF","1","1","100.0","1.29","1.29","0","Ipswich Town","0","","","","","","","","","","","","","","","","","",""
"24-283","0","0.00","0","0","0","0","b2c66859","0","1","2","0","0","2","0","0","0.00","0.00","0","0.00","0.00","0.00","0.00","0","33","0.4","18.3","17","0.00","17","Kasey McAteer","ie IRL","0","0","2","0","0","0.00","0","0.00","+2","+5.45","+7.90","1.50","MF","0","0","0.00","0.00","0.00","1","Ipswich Town","0","","","","","","","","","","","","","","","","","",""
"20-314","0","0.00","0","0","0","0","d028b5e5","0","0","2","0","0","2","0","0","0.00","0.00","0","0.00","0.00","0.00","0.00","0","29","0.3","16.1","15","0.00","15","Abdoul Ouattara","fr FRA","0","1","2","0","0","0.00","0","0.00","+1","+3.10","+4.89","1.50","MF","0","0","0.00","0.00","0.00","0","Ipswich Town","0","","","","","","","","","","","","","","","","","",""
"27-331","0","0.00","0","0","0","0","e82adcab","1","1","1","0","0","1","0","0","0.00","0.00","0","0.00","0.00","0.00","0.00","2","29","0.3","16.1","29","0.00","29","Exequiel Palacios","ar ARG","0","2","1","0","0","0.00","0","0.00","-1","-3.10","-2.51","0.00","DF,MF","0","0","0.00","0.00","0.00","1","Ipswich Town","0","","","","","","","","","","","","","","","","","",""
"25-282","0","0.00","0","0","0","0","e16932d8","0","0","1","0","0","1","1","1","4.50","4.50","1","4.50","4.50","0.50","1.00","0","20","0.2","11.1","20","0.00","20","Jack Clarke","eng ENG","0","0","1","0","0","0.00","0","0.00","+1","+4.50","+6.19","3.00","FW,MF","2","1","50.0","4.50","9.00","1","Ipswich Town","1","","","","","","","","","","","","","","","","","",""
"30-305","0","0.00","0","0","0","0","3ec9195b","0","0","1","0","0","1","0","0","0.00","0.00","0","0.00","0.00","0.00","0.00","1","18","0.2","10.0","18","0.00","18","Darnell Furlong","eng ENG","0","1","1","0","0","0.00","0","0.00","0","0.00","+1.11","0.00","DF,MF","0","0","0.00","0.00","0.00","0","Ipswich Town","1","","","","","","","","","","","","","","","","","",""
"22-306","0.00","0.00","0.00","0.00","","","6068431b","","","0","0","0","0","0.00","0.00","0.00","0.00","0.00","0.00","0.00","","","","0.00","0.00","0.00","0.00","0.00","0.00","Cameron Humphreys","eng ENG","","0.00","0.00","","0.00","","0.00","","0.00","0.00","0.00","0.00","MF","","","","","","","Ipswich Town","1","","","","","","","","","","","","","","","","","",""
"29-266","0.00","0.00","0.00","0.00","","","9f30e7ed","","","0","0","0","0","0.00","0.00","0.00","0.00","0.00","0.00","0.00","","","","0.00","0.00","0.00","0.00","0.00","0.00","Cédric Kipré","ci CIV","","0.00","0.00","","0.00","","0.00","","0.00","0.00","0.00","0.00","DF","","","","","","","Ipswich Town","2","","","","","","","","","","","","","","","","","",""
"30-296","0.00","0.00","0.00","0.00","","","c666574f","","","0","0","0","0","0.00","0.00","0.00","0.00","0.00","0.00","0.00","","","","0.00","0.00","0.00","0.00","0.00","0.00","Christian Walton","eng ENG","","0.00","0.00","","0.00","","0.00","","0.00","0.00","0.00","0.00","GK","","","","","","","Ipswich Town","2","","","","","","","","","","","","","","","","","",""
"33-316","0","0.00","0","0","0","0","debe38a0","1","0","2","2","2","0","0","0","0.00","0.00","0","0.00","0.00","0.00","0.00","2","180","2.0","100.0","90","90","0.00","John Egan","ie IRL","0","0","3","0","0","0.00","0","0.00","+3","+1.50","0.00","3.00","DF","0","0","0.00","0.00","0.00","1","Hull City","0","","","","","","","","","","","","","","","","","",""
"30-089","0","0.00","0","1","0","0","78b8ac63","5","3","2","2","2","0","0","0","0.00","0.00","0","0.00","0.00","0.00","0.00","0","180","2.0","100.0","90","90","0.00","Oliver McBurnie","sct SCO","0","0","3","0","0","0.00","0","0.00","+3","+1.50","0.00","3.00","FW","2","2","100.0","1.00","1.00","0","Hull City","0","","","","","","","","","","","","","","","","","",""
"26-355","1","0.50","0","1","0","2","ba4d4908","1","3","2","2","2","0","0","1","0.50","0.50","0","0.00","0.00","0.00","0.00","0","180","2.0","100.0","90","90","0.00","Regan Slater","eng ENG","0","0","3","0","0","0.00","0","0.00","+3","+1.50","0.00","3.00","MF","0","0","0.00","0.00","0.00","2","Hull City","0","","","","","","","","","","","","","","","","","",""
"23-297","0","0.00","0","0","0","0","9052e98c","3","0","2","2","2","0","0","0","0.00","0.00","0","0.00","0.00","0.00","0.00","0","180","2.0","100.0","90","90","0.00","Kostas Tzolakis","gr GRE","0","0","3","0","0","0.00","0","0.00","+3","+1.50","0.00","3.00","GK","0","0","0.00","0.00","0.00","0","Hull City","0","2","100.0","2","2","0","0.00","0","180","0","0","0","0.00","0","100.0","8","8","0","2"
"26-218","0","0.00","0","0","0","13","73b1d65b","0","0","2","1","2","0","0","0","0.00","0.00","0","0.00","0.00","0.00","0.00","1","174","1.9","96.7","87","87","0.00","Ryan Giles","eng ENG","0","0","3","0","0","0.00","0","0.00","+3","+1.55","+1.55","3.00","DF","1","0","0.0","0.00","0.52","2","Hull City","0","","","","","","","","","","","","","","","","","",""
"24-092","1","0.52","0","0","0","4","b6cafcad","1","3","2","1","2","0","0","1","0.52","0.52","0","0.00","0.00","0.00","0.00","3","172","1.9","95.6","86","86","0.00","Bachir Belloumi","dz ALG","0","0","3","0","0","0.00","0","0.00","+3","+1.57","+1.57","3.00","MF","3","0","0.0","0.00","1.57","3","Hull City","0","","","","","","","","","","","","","","","","","",""
"32-296","0","0.00","0","0","0","1","d6192210","1","0","2","1","2","0","1","1","0.59","0.59","1","0.59","0.59","1.00","1.00","2","153","1.7","85.0","77","77","0.00","Semi Ajayi","ng NGA","0","0","3","0","0","0.00","0","0.00","+3","+1.76","+1.76","3.00","DF","1","1","100.0","0.59","0.59","1","Hull City","0","","","","","","","","","","","","","","","","","",""
"24-071","0","0.00","0","1","0","3","ff11bdec","0","2","2","0","2","0","0","0","0.00","0.00","0","0.00","0.00","0.00","0.00","2","128","1.4","71.1","64","64","0.00","Elliot Stroud","se SWE","0","0","2","0","0","0.00","0","0.00","+2","+1.41","-0.32","3.00","MF","1","0","0.0","0.00","0.70","2","Hull City","0","","","","","","","","","","","","","","","","","",""
"21-363","0","0.00","0","0","0","0","7e64e657","0","1","2","0","2","0","1","1","0.74","0.74","1","0.74","0.74","0.50","0.50","0","121","1.3","67.2","61","61","0.00","Nobel Mendy","sn SEN","0","0","2","0","0","0.00","0","0.00","+2","+1.49","-0.04","3.00","DF","2","2","100.0","1.49","1.49","1","Hull City","0","","","","","","","","","","","","","","","","","",""
"30-321","0","0.00","0","1","0","2","97aba136","4","2","2","0","2","0","0","0","0.00","0.00","0","0.00","0.00","0.00","0.00","1","114","1.3","63.3","57","57","0.00","Lewie Coyle","eng ENG","0","0","2","0","0","0.00","0","0.00","+2","+1.58","+0.22","3.00","DF","0","0","0.00","0.00","0.00","1","Hull City","0","","","","","","","","","","","","","","","","","",""
"32-224","0","0.00","0","1","0","0","43f5d4e6","1","2","1","1","1","0","0","0","0.00","0.00","0","0.00","0.00","0.00","0.00","0","90","1.0","50.0","90","90","0.00","Matt Crooks","eng ENG","0","0","2","0","0","0.00","0","0.00","+2","+2.00","+1.00","3.00","MF","0","0","0.00","0.00","0.00","3","Hull City","0","","","","","","","","","","","","","","","","","",""
"31-114","0","0.00","0","0","0","1","a650c75b","0","0","1","0","1","0","0","0","0.00","0.00","0","0.00","0.00","0.00","0.00","0","45","0.5","25.0","45","45","0.00","Hidemasa Morita","jp JPN","0","0","0","0","0","0.00","0","0.00","0","0.00","-2.00","3.00","MF","0","0","0.00","0.00","0.00","0","Hull City","0","","","","","","","","","","","","","","","","","",""
"24-267","0","0.00","0","0","0","0","e0d1510a","1","1","2","0","0","2","0","0","0.00","0.00","0","0.00","0.00","0.00","0.00","2","66","0.7","36.7","33","0.00","33","Cody Drameh","eng ENG","0","0","1","0","0","0.00","0","0.00","+1","+1.36","-0.22","3.00","DF,MF","1","0","0.0","0.00","1.36","1","Hull City","0","","","","","","","","","","","","","","","","","",""
"18-361","0","0.00","0","0","0","0","6f808c85","0","0","2","0","0","2","0","0","0.00","0.00","0","0.00","0.00","0.00","0.00","0","59","0.7","32.8","30","0.00","30","Lucas Herrington","au AUS","0","0","1","0","0","0.00","0","0.00","+1","+1.53","+0.04","3.00","DF","0","0","0.00","0.00","0.00","0","Hull City","0","","","","","","","","","","","","","","","","","",""
"26-339","0","0.00","0","1","0","0","983515f8","1","1","2","0","0","2","1","1","1.73","1.73","1","1.73","1.73","0.33","1.00","0","52","0.6","28.9","26","0.00","26","Liam Millar","ca CAN","0","0","1","0","0","0.00","0","0.00","+1","+1.73","+0.32","3.00","FW,MF","3","1","33.3","1.73","5.19","1","Hull City","0","","","","","","","","","","","","","","","","","",""
"23-027","0","0.00","0","0","0","0","3cd7820a","1","0","1","0","0","1","0","0","0.00","0.00","0","0.00","0.00","0.00","0.00","0","45","0.5","25.0","45","0.00","45","Lucas Gourna-Douath","fr FRA","0","0","1","0","0","0.00","0","0.00","+1","+2.00","+0.67","3.00","MF","0","0","0.00","0.00","0.00","1","Hull City","1","","","","","","","","","","","","","","","","","",""
"31-127","0","0.00","0","0","0","0","8ac454b5","0","0","1","0","0","1","0","0","0.00","0.00","0","0.00","0.00","0.00","0.00","0","27","0.3","15.0","27","0.00","27","Paddy McNair","nir NIR","0","0","0","0","0","0.00","0","0.00","0","0.00","-1.76","3.00","DF,MF","0","0","0.00","0.00","0.00","0","Hull City","1","","","","","","","","","","","","","","","","","",""
"22-225","0","0.00","0","0","0","0","f8405304","0","0","1","0","0","1","0","0","0.00","0.00","0","0.00","0.00","0.00","0.00","0","8","0.1","4.4","8","0.00","8","Mohamed Ali Cho","fr FRA","0","0","0","0","0","0.00","0","0.00","0","0.00","-1.57","3.00","FW,MF","0","0","0.00","0.00","0.00","0","Hull City","0","","","","","","","","","","","","","","","","","",""
"30-348","0","0.00","0","0","0","0","e514ab62","0","0","1","0","0","1","0","0","0.00","0.00","0","0.00","0.00","0.00","0.00","0","6","0.1","3.3","6","0.00","6","Matt Targett","eng ENG","0","0","0","0","0","0.00","0","0.00","0","0.00","-1.55","3.00","DF,MF","0","0","0.00","0.00","0.00","0","Hull City","1","","","","","","","","","","","","","","","","","",""
"28-326","0.00","0.00","0.00","0.00","","","2f6ec02a","","","0","0","0","0","0.00","0.00","0.00","0.00","0.00","0.00","0.00","","","","0.00","0.00","0.00","0.00","0.00","0.00","Kieran Dowell","eng ENG","","0.00","0.00","","0.00","","0.00","","0.00","0.00","0.00","0.00","FW,MF","","","","","","","Hull City","1","","","","","","","","","","","","","","","","","",""
"20-305","0.00","0.00","0.00","0.00","","","c232eadd","","","0","0","0","0","0.00","0.00","0.00","0.00","0.00","0.00","0.00","","","","0.00","0.00","0.00","0.00","0.00","0.00","Jens Hjertø-Dahl","no NOR","","0.00","0.00","","0.00","","0.00","","0.00","0.00","0.00","0.00","MF","","","","","","","Hull City","2","","","","","","","","","","","","","","","","","",""
"31-082","0.00","0.00","0.00","0.00","","","d0330b1d","","","0","0","0","0","0.00","0.00","0.00","0.00","0.00","0.00","0.00","","","","0.00","0.00","0.00","0.00","0.00","0.00","Dillon Phillips","eng ENG","","0.00","0.00","","0.00","","0.00","","0.00","0.00","0.00","0.00","GK","","","","","","","Hull City","2","","","","","","","","","","","","","","","","","",""