id,name,team,minutes_average,passes_accuracy,take_ons_accuracy,challenges_accuracy,tackles_accuracy,shots_accuracy,saves_accuracy,external_id,matches_played,starts,minutes,progressive_carries,progressive_passes,progressive_passes_received,touches,carries,miscontrols,dispossessed,passes_completed,passes_attempted,take_ons_attempted,successful_take_ons,tackles,tackles_won,blocks,shots_blocked,passes_blocked,interceptions,clearances,recoveries,dribblers_challenged,challenges_lost,errors,shot_creating_actions,goal_creating_actions,shots_total,shots_on_target,expected_goals,expected_assists,key_passes,carries_into_final_third,offsides,gk_shots_on_target_against,gk_saves
2,Gabriel Fernando de Jesus,Arsenal,35.76,76.81,40.38,42.86,58.33,35.42,0,b66315ae,17,6,608,0.36,0.45,1.36,7.12,4.26,0.31,0.31,3.71,4.83,0.52,0.21,0.24,0.14,0.24,0.02,0.21,0.1,0.19,0.67,0.21,0.12,0,0.43,0.1,0.48,0.17,0.07,0.01,0.19,0.14,0.21,0,0
3,Gabriel dos Santos Magalhães,Arsenal,84.39,90.17,82.35,74.55,60.47,22.37,0,67ac5bb8,28,28,2363,0.34,4.34,0.38,64.59,38.48,0.31,0.07,51.03,56.59,0.17,0.14,0.86,0.52,1.45,1,0.45,0.55,3.21,2.17,0.55,0.14,0.07,1.21,0.21,0.76,0.17,0.09,0.04,0.45,0.76,0,0,0
4,Kai Havertz,Arsenal,81.52,78.42,23.68,26.67,56.25,39.62,0,fed7cb61,23,21,1875,1.4,2.44,4.52,31.4,16.72,1.76,0.92,16.28,20.76,1.52,0.36,0.64,0.36,0.92,0.16,0.76,0.24,1.32,1.64,0.6,0.44,0.04,1.68,0.12,2.12,0.84,0.38,0.07,0.68,0.92,0.56,0,0
6,Jurriën Timber,Arsenal,80.57,85.59,45.34,67.07,65.34,28.57,0,41034650,30,27,2417,1.73,4.42,3.15,50.33,26.97,1,0.73,36.18,42.27,1.61,0.73,1.76,1.15,0.58,0.12,0.45,0.67,1.33,2.85,0.82,0.27,0.03,1.58,0.27,0.42,0.12,0.04,0.04,0.52,0.82,0.18,0,0
7,Jorge Luiz Frello Filho,Arsenal,86.17,89.98,49.25,69.12,72.68,34,0,45db685d,6,6,517,0.5,9.67,0.83,92.83,56,1.17,0.67,77.83,86.5,0.67,0.33,1.83,1.33,0.5,0.17,0.33,1.67,0.17,7.33,2.17,0.67,0,3,0,0.5,0.17,0.03,0.15,1.5,1.17,0,0,0
8,Jakub Kiwior,Arsenal,66,91.44,59.09,73.85,36.46,30.77,0,dc3e663e,17,10,1122,0.22,2.09,0.04,36.78,21.39,0.13,0.09,29.26,32,0.22,0.13,0.96,0.35,0.57,0.35,0.22,0.26,2.52,1.35,0.65,0.17,0.13,0.35,0,0.13,0.04,0.01,0.01,0.22,0.3,0.04,0,0
9,Gabriel Martinelli Silva,Arsenal,69.39,71.39,30.38,30.91,65.45,43.51,0,48a5a5d6,33,25,2290,2.95,1.24,6.88,23.67,15.95,1.19,0.9,11.88,16.64,2.6,0.79,0.55,0.36,0.36,0,0.36,0.12,0.45,1.86,0.55,0.38,0,1.76,0.17,1.31,0.57,0.18,0.11,0.95,0.79,0.19,0,0
12,Ethan Nwaneri,Arsenal,34.42,80.44,59.14,32.26,62.5,36.11,0,7f94982c,26,11,895,0.69,0.49,1.69,8.12,5.45,0.34,0.25,5.1,6.34,0.93,0.55,0.16,0.1,0.12,0.03,0.09,0.03,0.06,0.51,0.31,0.21,0.01,0.43,0.04,0.36,0.13,0.02,0.03,0.24,0.37,0.09,0,0
13,Martin Ødegaard,Arsenal,77.5,82.51,42.53,16.22,57.14,31.21,0,79300479,30,26,2325,2.71,7.59,4.53,49.82,34.53,1.12,1.18,36.38,44.09,1.74,0.74,0.56,0.32,0.15,0,0.15,0.18,0.18,2.85,0.74,0.62,0.03,3.65,0.53,1.41,0.44,0.14,0.2,1.85,2.5,0.03,0,0
15,David Raya Martin,Arsenal,90,73.61,100,0,0,0,71.52,98ea5115,38,38,3420,0,0.37,0,38.95,24.24,0.03,0,27.37,37.18,0.03,0.03,0,0,0,0,0,0.05,0.55,1.08,0.05,0.05,0.24,0.13,0.03,0,0,0,0,0.03,0,0,3.16,2.26
16,Declan Rice,Arsenal,80.71,83.38,48.65,40.95,47.06,29.27,0,1c7012b8,35,33,2825,2.31,4.92,2.41,49.95,26.44,0.92,0.82,35.28,42.31,0.74,0.36,1.36,0.64,0.69,0.33,0.36,0.64,1.31,4,1.05,0.62,0,2.85,0.26,1.23,0.36,0.09,0.14,1.51,1.49,0.05,0,0
17,Bukayo Saka,Arsenal,69.16,75.53,45.55,54.67,51.65,33.5,0,bc7dc64d,25,20,1729,3,2.19,7.97,30.59,19.62,1.06,1.25,17.25,22.84,2.81,1.28,0.91,0.47,0.69,0,0.69,0.09,0.25,2.19,0.75,0.34,0,3.66,0.72,2.06,0.69,0.21,0.24,1.81,1,0.22,0,0
18,William Saliba,Arsenal,86.83,94.3,62.26,75.64,59.88,35.29,0,972aeb2a,35,35,3039,0.44,3.83,0.17,78.44,48.78,0.53,0.22,67.03,71.08,0.53,0.33,1.72,1.03,0.69,0.42,0.28,0.58,3.31,4.28,0.78,0.19,0.19,0.75,0.03,0.17,0.06,0.06,0.04,0.19,0.47,0.03,0,0
20,Thomas Partey,Arsenal,79.91,87.41,68.89,60.51,59.65,34.33,0,529f49ab,35,31,2797,0.92,4.74,1.23,56.23,32.21,0.62,0.44,43.03,49.23,0.9,0.62,2.28,1.36,0.74,0.23,0.51,0.9,1.26,3.54,1.95,0.77,0.1,1.59,0.33,0.67,0.23,0.06,0.07,0.51,1.08,0.03,0,0
21,Kieran Tierney,Arsenal,19.92,83.89,42.86,70,75,66.67,0,fce2302c,13,2,259,0.14,0.26,0.5,3.43,1.86,0.05,0,2.5,2.98,0.07,0.03,0.12,0.09,0,0,0,0.05,0.16,0.1,0.1,0.03,0,0.17,0,0.03,0.02,0.01,0.01,0.14,0.1,0.03,0,0
22,Tomiyasu Takehiro,Arsenal,7,75.76,0,0,0,0,0,b3af9be1,1,0,7,0,0.08,0,0.58,0.08,0,0,0.25,0.33,0,0,0,0,0,0,0,0,0.08,0,0,0,0,0.08,0,0.08,0,0.02,0,0,0,0,0,0
23,Leandro Trossard,Arsenal,67,74.51,44.38,35.82,63.93,29.08,0,38ceb24a,38,28,2546,1.57,1.98,4.43,25.06,16.24,1.29,1.02,13.94,18.71,1.69,0.75,0.61,0.39,0.63,0,0.63,0.18,0.35,2.04,0.67,0.43,0,1.82,0.16,1.41,0.41,0.14,0.08,0.8,1.08,0.12,0,0
24,Benjamin White,Arsenal,70.47,83.82,0,41.99,70.53,23.26,0,35e413f1,17,13,1198,1.1,2.81,2,38.71,18.76,0.48,0.29,27.62,32.95,0.29,0,0.95,0.67,0.48,0.38,0.1,0.76,2.1,1.76,1.81,1.05,0,1.1,0.1,0.43,0.1,0.02,0.07,0.48,0.76,0.05,0,0
25,Oleksandr Zinchenko,Arsenal,35.13,84.67,61.54,38.1,18.75,0,0,51cf8561,15,5,527,0.26,1.26,0.37,13.13,7.39,0.08,0.11,10.05,11.87,0.13,0.08,0.16,0.03,0.21,0.03,0.18,0.13,0.26,0.5,0.21,0.13,0,0.58,0.05,0.26,0,0.02,0.01,0.08,0.21,0.03,0,0
186,Raheem Sterling,Arsenal,29.35,78.55,32.76,47.37,47.06,0,0,b400bde0,17,7,499,0.52,0.35,1.52,5.27,3.87,0.25,0.27,3.04,3.87,0.58,0.19,0.17,0.08,0.06,0,0.06,0.02,0.08,0.31,0.19,0.1,0,0.37,0.06,0.21,0,0.03,0.01,0.15,0.21,0.08,0,0
578,Riccardo Calafiori,Arsenal,51.74,85.58,69.23,62.5,70.73,60,0,aded8e6f,19,11,983,0.67,1.64,0.88,19.79,9.33,0.36,0.15,14.24,16.64,0.39,0.27,0.82,0.58,0.36,0.18,0.18,0.27,0.76,1.06,0.88,0.33,0,0.39,0.06,0.3,0.18,0.03,0.02,0.18,0.45,0.09,0,0
597,Myles Lewis-Skelly,Arsenal,72.5,0,0,0,0,0,0,5dff6c28,2,2,145,0,0,0,0,0,0,0,0,0,0,0,0,0,0,0,0,0,0,0,0,0,0,0,0,0,0,0,0,0,0,0,0,0
633,Mikel Merino,Arsenal,56.64,78.18,38.46,56.1,60.95,34.88,0,d080ed5e,28,17,1586,0.25,1.57,2.14,17.8,8.82,0.55,0.61,10.25,13.11,0.52,0.2,1.05,0.64,0.41,0.11,0.3,0.34,0.59,1.95,0.82,0.36,0.05,0.98,0.09,0.86,0.3,0.13,0.03,0.39,0.3,0.16,0,0
665,Nathan Butler-Oyedeji,Arsenal,7,0,0,0,0,100,0,3a686640,1,0,7,0,0,0,0.08,0,0,0,0,0,0,0,0,0,0,0,0,0,0,0,0,0,0,0,0,0.08,0.08,0.01,0,0,0,0,0,0
28,Leon Bailey,Aston Villa,47.46,71.05,38.58,25,68.75,20.97,0,3a233281,24,14,1139,1.29,0.78,2.69,12.11,7.73,0.78,0.56,6.16,8.67,1.27,0.49,0.16,0.11,0.13,0,0.13,0.07,0.27,1.31,0.24,0.18,0,0.84,0.09,0.62,0.13,0.04,0.07,0.36,0.51,0.07,0,0
29,Ross Barkley,Aston Villa,29.05,85.19,76.92,65.22,21.74,30.77,0,3a24769f,20,3,581,0.25,0.59,0.16,7.61,4.54,0.11,0.13,5.52,6.48,0.26,0.2,0.23,0.05,0.15,0.05,0.1,0.16,0.08,0.7,0.23,0.08,0,0.3,0.05,0.26,0.08,0.03,0.01,0.15,0.25,0,0,0
31,Emiliano Buendía Stati,Aston Villa,23.36,78.34,53.85,63.16,85.71,58.82,0,66b76d44,11,3,257,0.05,0.33,0.57,4.71,2.57,0.24,0.19,2.93,3.74,0.26,0.14,0.14,0.12,0.14,0,0.14,0,0,0.48,0.19,0.07,0,0.29,0.02,0.17,0.1,0.02,0.01,0.14,0.07,0,0,0
32,Matty Cash,Aston Villa,76.67,77.46,47.29,71.94,56.91,45.24,0,2389cdc2,27,24,"2,070",1.55,1.35,2.9,38.26,19.19,0.65,0.32,23.61,30.48,1.29,0.61,1.81,1.03,0.71,0.26,0.45,0.74,2.26,2.61,1.39,0.39,0.06,0.81,0.13,0.42,0.19,0.02,0.04,0.32,1.23,0.03,0,0
35,Diego Carlos Santos Silva,Aston Villa,45.25,0,0,0,0,0,0,b4a014b1,4,3,181,0,0,0,0,0,0,0,0,0,0,0,0,0.43,0,0,0,0.43,0,0,0,0,0,0,0,0.29,0,0,0,0,0,0,0,0
36,Lucas Digne,Aston Villa,73.47,74.86,46.94,66.86,58.08,24.24,0,1b84dbe1,32,28,"2,351",0.59,1.46,3.64,39.15,17.51,0.44,0.41,24.51,32.74,0.49,0.23,1.67,0.97,0.59,0.1,0.49,0.64,2.28,2.67,1.69,0.56,0.03,1.69,0.13,0.33,0.08,0.02,0.1,0.92,0.36,0.18,0,0
38,Jhon Durán,Aston Villa,84.08,0,0,0,0,43.11,0,414184f7,13,12,"1,093",0,0,0,0,0,0,0,0,0,0,0,0,0.46,0,0,0,0.15,0,0,0,0,0,0,0,3.92,1.69,0,0,0,0,0.62,0,0
42,Boubacar Kamara,Aston Villa,45,0,0,0,0,0,0,cc77354e,1,1,45,0,0,0,0,0,0,0,0,0,0,0,0,0,0,0,0,0,0,0,0,0,0,0,0,0,0,0,0,0,0,0,0,0
44,Ezri Konsa Ngoyo,Aston Villa,86.35,92.95,45.1,80.28,52.58,45.16,0,0313a347,34,33,"2,936",0.69,2.57,0.31,54.71,32.34,0.49,0.29,44.43,47.8,0.51,0.23,0.97,0.51,0.57,0.31,0.26,0.69,3.26,2.77,0.71,0.14,0.11,0.69,0.09,0.31,0.14,0.04,0.02,0.17,0.43,0.03,0,0
45,Ian Maatsen,Aston Villa,39.28,81.54,45.45,69.44,59.09,27.59,0,cab9634e,29,10,"1,139",0.47,0.76,1.58,13.89,7.65,0.33,0.38,9.23,11.32,0.44,0.2,0.44,0.26,0.2,0,0.2,0.23,0.59,1.02,0.36,0.11,0.05,0.79,0.11,0.29,0.08,0.01,0.04,0.29,0.26,0.05,0,0
47,Emiliano Martínez Romero,Aston Villa,86.32,78.66,100,100,100,0,67.65,7956236f,37,37,"3,194",0,0.11,0,38.13,23.39,0.03,0,28.71,36.5,0.03,0.03,0.08,0.08,0.03,0,0.03,0,0.45,0.89,0.05,0,0.16,0.16,0.03,0,0,0,0,0.05,0,0,3.74,2.53
48,John McGinn,Aston Villa,65.38,81.85,42.16,41.79,72.22,16.42,0,90f91999,34,27,"2,223",0.7,2.24,1.89,23.3,12.63,0.8,0.63,15.2,18.57,1.02,0.43,0.72,0.52,0.48,0.04,0.43,0.3,0.39,2.17,0.67,0.39,0.07,1.65,0.17,0.67,0.11,0.07,0.06,0.67,0.37,0.07,0,0
49,Tyrone Mings,Aston Villa,45,0,0,0,0,0,0,8397a50c,1,1,45,0,0,0,0,0,0,0,0,0,0,0,0,0,0,0,0,0,0,0,0,0,0,0,0,0,0,0,0,0,0,0,0,0
50,Kosta Nedeljković,Aston Villa,47.9,81.54,27.27,60.71,72.13,0,0,c70be9cf,10,6,479,0.56,0.89,1.5,15.72,6.67,0.22,0.06,10.78,13.22,0.22,0.06,0.61,0.44,0.33,0.22,0.11,0.11,0.78,0.61,0.56,0.22,0,0.33,0,0.22,0,0.03,0.03,0.17,0.39,0.06,0,0
51,Robin Olsen,Aston Villa,90,0,0,0,0,0,72.75,e7ee38c3,3,3,270,0,0,0,0,0,0,0,0,0,0,0,0,0,0,0,0,0,0,0,0,0,0,0,0,0,0,0,0,0,0,0,3.67,2.67
52,Pau Torres,Aston Villa,84.17,88.9,88.24,58.82,71.43,25,0,532e1e4f,24,23,"2,020",1.6,3.88,0.32,60.72,38.6,0.24,0.2,48.68,54.76,0.68,0.6,0.84,0.6,0.64,0.44,0.2,0.4,3,2.48,0.68,0.28,0.08,0.56,0.08,0.32,0.08,0.02,0.02,0.12,1.08,0,0,0
53,Jacob Ramsey,Aston Villa,55.97,84.77,54,48.84,50.77,21.95,0,1544f145,29,19,1623,1.33,1.48,2.48,16.57,10.78,0.91,0.5,10.8,12.74,1,0.54,0.65,0.33,0.5,0.09,0.41,0.17,0.17,1.8,0.43,0.22,0.02,1.11,0.17,0.41,0.09,0.03,0.05,0.46,0.67,0.11,0,0
54,Morgan Rogers,Aston Villa,84.16,73.22,41.22,51.24,50.91,36.17,0,2e5915f1,37,37,"3,114",2.92,3.15,4.82,34.92,20.36,2.92,1.9,17.03,23.26,4.1,1.69,1.1,0.56,0.67,0.18,0.49,0.15,0.51,3.05,1.21,0.59,0.05,2.69,0.41,1.41,0.51,0.17,0.13,1.31,1.74,0.05,0,0
57,Youri Tielemans,Aston Villa,84.06,82.19,50.93,54.69,69.23,30.48,0,56f7a928,36,35,"3,026",1.03,6.18,1.26,62.76,33.89,0.82,0.76,44.58,54.24,1.61,0.82,2.21,1.53,1,0.42,0.58,0.61,1.24,3.82,1.92,0.87,0.11,3.21,0.32,1.05,0.32,0.09,0.15,1.58,0.68,0,0,0
58,Ollie Watkins,Aston Villa,68.37,72.41,24.39,27.27,70,43.9,0,aed3a70f,38,31,"2,598",1.1,0.62,3.3,13.9,8.18,1.2,1,6.14,8.48,0.82,0.2,0.2,0.14,0.22,0.06,0.16,0.16,0.3,0.86,0.22,0.16,0.04,1.06,0.24,1.64,0.72,0.31,0.04,0.48,0.42,0.32,0,0
167,Axel Disasi,Aston Villa,70,86.79,59.88,43.59,62.92,0,0,ad82197c,7,5,490,1.11,1.78,0.56,37.11,23,0.33,0.22,27,31.11,1.67,1,0.89,0.56,0.44,0.11,0.33,0.56,2,1.67,0.78,0.44,0,1,0,0.22,0,0.01,0.03,0.33,0.89,0.22,0,0
233,Amadou Onana,Aston Villa,62.19,87.64,70.37,55.13,54.36,34.78,0,828657ff,26,20,"1,617",0.78,2.03,0.43,26.97,14.95,0.3,0.24,19,21.68,0.54,0.38,1.49,0.81,0.43,0.19,0.24,0.7,1.11,1.95,0.78,0.35,0.08,0.86,0.11,0.46,0.16,0.06,0.02,0.27,0.68,0,0,0
385,Marcus Rashford,Aston Villa,44.4,71.34,40.91,66.67,70,27.78,0,a1d5bd30,10,4,444,1.1,0.65,2.1,11.35,6.35,0.4,0.05,5.85,8.2,1.1,0.45,0.5,0.35,0.1,0,0.1,0.05,0.15,0.7,0.3,0.1,0,1.35,0.15,0.9,0.25,0.16,0.11,0.65,0.5,0.05,0,0
598,Lamare Bogarde,Aston Villa,59.5,88.22,51.52,62.41,42.74,100,0,bca5c4a7,8,5,476,1,1.17,0.75,27.08,14.42,0.5,0.67,20,22.67,0.33,0.17,1.17,0.5,0.42,0.25,0.17,0.08,1.08,1.08,1.33,0.5,0,0.83,0.08,0.08,0.08,0,0.01,0.17,0.5,0,0,0
710,Jamaldeen Jimoh,Aston Villa,0,0,0,0,0,0,0,1e711234,0,0,0,0,0,0,0,0,0,0,0,0,0,0,0,0,0,0,0,0,0,0,0,0,0,0,0,0,0,0,0,0,0,0,0,0
725,Donyell Malen,Aston Villa,21.79,68.89,36.84,28.57,58.33,61.54,0,116c35df,14,2,305,0.21,0.11,0.53,2.26,1.39,0.14,0.12,0.93,1.35,0.19,0.07,0.12,0.07,0.04,0,0.04,0,0.02,0.16,0.07,0.05,0,0.11,0,0.26,0.16,0.04,0,0.05,0.12,0.04,0,0
731,Andrés García,Aston Villa,45.43,86.55,27.54,50,55.07,0,0,40498af1,7,5,318,2,1.15,2.15,19.69,12.23,0.77,0.46,13.38,15.46,1.38,0.38,0.69,0.38,0.15,0,0.15,0.15,0.77,1.15,0.62,0.31,0.15,0.23,0,0.15,0,0,0.03,0.23,1,0,0,0
762,Marco Asensio,Aston Villa,57.15,77.32,63.16,33.33,71.43,40.91,0,45af8a54,13,9,743,1.1,2.25,1.9,19.3,12.1,0.45,0.4,12.1,15.65,0.95,0.6,0.35,0.25,0.35,0.05,0.3,0.1,0.15,1.4,0.45,0.3,0,1.75,0.15,1.1,0.45,0.22,0.06,0.8,1.05,0.1,0,0
59,Max Aarons,Bournemouth,30,71.27,24.24,80.95,100,0,0,774cf58b,4,1,120,0,0.5,0.83,7.08,3.83,0.25,0.08,3.92,5.5,0.33,0.08,0.33,0.33,0.08,0,0.08,0,0.25,0.58,0.42,0.08,0,0.08,0,0,0,0,0,0.08,0.25,0,0,0
60,Tyler Adams,Bournemouth,70.18,84.38,21.57,54.37,60.34,23.08,0,2b09d998,28,21,1965,0.4,2.17,0.29,38.2,18.94,0.8,0.34,25.77,30.54,0.51,0.11,2.37,1.43,0.94,0.29,0.66,0.91,1.2,3.26,2.06,0.94,0,1.17,0.11,0.26,0.06,0.05,0.02,0.51,0.63,0,0,0
62,David Brooks,Bournemouth,33.1,75.33,31.82,14.29,44.44,46.88,0,dc4cae05,29,9,960,0.45,0.45,1.06,6.99,4.38,0.38,0.18,3.97,5.27,0.44,0.14,0.18,0.08,0.23,0.03,0.21,0.06,0.12,0.64,0.21,0.18,0.01,0.59,0.03,0.32,0.15,0.03,0.03,0.26,0.32,0,0,0
63,Ryan Christie,Bournemouth,73,79.25,48.18,42.08,61.04,36.17,0,26ce2263,29,27,2117,0.97,3.91,1.26,39.31,20.74,1.26,0.71,23.91,30.17,1.37,0.66,1.54,0.94,1.26,0.31,0.94,0.86,1.46,5.2,1.83,1.06,0.09,2.43,0.26,0.94,0.34,0.05,0.09,1.17,1.14,0.03,0,0
64,Lewis Cook,Bournemouth,82.72,77.21,64.71,55.23,51.92,27.78,0,2afc7272,36,32,"2,978",0.85,4.05,1.33,48.72,21.15,0.79,0.46,31.38,40.64,0.51,0.33,2.08,1.08,0.77,0.28,0.49,1.05,1.79,4.79,1.72,0.77,0,2.28,0.13,0.36,0.1,0.02,0.1,1.23,0.74,0.08,0,0
65,Enes Ünal,Bournemouth,20.29,63.64,6.25,0,0,33.33,0,f8eca1b6,17,2,345,0.05,0.16,0.29,2.29,1.21,0.23,0.17,0.84,1.32,0.16,0.01,0.01,0,0.01,0,0.01,0,0.08,0.21,0.04,0.04,0,0.12,0.04,0.27,0.09,0.04,0,0.05,0.04,0.01,0,0
68,James Hill,Bournemouth,44.8,64.9,50,27.27,53.33,0,0,69942fb3,10,6,448,0.15,0.8,0.4,15.95,7.3,0.1,0,7.95,12.25,0.1,0.05,0.75,0.4,0.25,0,0.25,0.45,1.55,0.65,0.55,0.4,0,0.4,0.05,0.3,0,0.02,0.02,0.15,0.3,0,0,0
69,Daniel Jebbison,Bournemouth,7.44,77.27,50,66.67,66.67,33.33,0,03edb878,16,0,119,0.02,0.02,0.08,0.4,0.23,0.07,0.03,0.17,0.22,0.04,0.02,0.03,0.02,0.01,0.01,0.01,0.01,0.01,0.05,0.03,0.01,0,0.03,0,0.03,0.01,0.01,0,0.02,0.01,0,0,0
70,Milos Kerkez,Bournemouth,87.79,75.78,46.03,63,49.64,26,0,0ad53bdc,38,38,3336,2.79,4.18,5.18,56.79,28.79,1.29,0.58,35.42,46.74,1.26,0.58,1.37,0.68,1,0.29,0.71,1.18,2.79,4.45,1,0.37,0.11,2.18,0.24,0.5,0.13,0.02,0.07,0.92,1.92,0.08,0,0
71,Justin Kluivert,Bournemouth,68.82,74.45,41.41,18,48.08,40,0,4c3a6744,34,29,2340,1.84,2.39,3.93,24.68,14.68,1.25,0.61,13.23,17.77,1.98,0.82,0.52,0.25,0.55,0,0.55,0.32,0.55,1.77,0.5,0.41,0.02,2.3,0.27,1.3,0.52,0.23,0.08,1.02,1.25,0.11,0,0
74,Dango Ouattara,Bournemouth,62.66,60,47.8,41.76,74.36,31.88,0,2f9e4435,32,21,2005,1.76,0.96,4.24,21.31,10.93,1.4,0.71,8.16,13.6,1.82,0.87,0.78,0.58,0.8,0.22,0.58,0.24,1.13,2.04,0.91,0.53,0,1.6,0.13,1.38,0.44,0.19,0.07,0.78,0.78,0.31,0,0
76,Philip Billing,Bournemouth,19.7,78.57,28.57,22.22,65,53.85,0,d328a254,10,1,197,0.02,0.11,0.18,3.02,1.38,0.02,0.04,1.76,2.24,0.07,0.02,0.2,0.13,0.09,0.02,0.07,0.09,0.13,0.18,0.09,0.07,0,0.18,0.02,0.13,0.07,0.03,0,0.07,0,0,0,0
77,Alex Scott,Bournemouth,37.75,83.65,23.64,44.94,52.63,40.63,0,104d0bb8,20,8,755,0.32,1.11,0.7,10.32,5.26,0.49,0.17,6.09,7.28,0.55,0.13,0.57,0.3,0.36,0.09,0.28,0.21,0.32,1.11,0.89,0.49,0,0.62,0.04,0.32,0.13,0.01,0.02,0.26,0.21,0,0,0
78,Antoine Semenyo,Bournemouth,86.57,73.38,51.27,37.17,63.45,31.91,0,efd2ec23,37,36,"3,203",3.68,2.87,7.42,43.5,25.76,2.21,2.03,21.61,29.45,3.55,1.82,1.45,0.92,1.76,0.24,1.53,0.29,1.03,4.16,1.13,0.71,0.05,3.47,0.34,3.29,1.05,0.26,0.11,1.21,1.82,0.39,0,0
79,Marcos Senesi,Bournemouth,65.06,76.31,60.47,45.19,53.53,0,0,35141f4c,17,13,1106,0.52,2.7,0.3,38.65,24.09,0.3,0.26,24.39,31.96,0.43,0.26,1.7,0.91,0.7,0.3,0.39,0.61,2.52,3.09,1.35,0.74,0,0.7,0.04,0.13,0,0.03,0.02,0.13,0.7,0,0,0
80,Luis Sinisterra,Bournemouth,19.67,78.49,40.54,0,30.77,45.83,0,8e16dd48,12,1,236,0.35,0.11,0.7,2.87,1.76,0.11,0.06,1.35,1.72,0.37,0.15,0.13,0.04,0.06,0,0.06,0.02,0.15,0.31,0.07,0.07,0,0.26,0.02,0.24,0.11,0.02,0.02,0.17,0.11,0.02,0,0
81,Adam Smith,Bournemouth,63.6,75.72,36.96,51.95,49.28,0,0,20b104bc,25,19,"1,590",0.43,1.4,0.97,23.57,10.46,0.37,0.2,14.69,19.4,0.46,0.17,0.69,0.34,0.37,0.14,0.23,0.43,1.4,1.43,0.77,0.37,0.03,0.66,0.06,0.09,0,0.02,0.02,0.23,0.51,0,0,0
83,Marcus Tavernier,Bournemouth,66.86,73.78,43.11,36.23,56.36,30.14,0,5c0da4a4,29,20,"1,939",1.36,3.28,3.31,30.67,18.08,1.18,1.21,17.67,23.95,1.67,0.72,1.1,0.62,0.41,0.08,0.33,0.13,0.28,3.05,0.69,0.44,0,2.51,0.28,1.46,0.44,0.14,0.09,1.1,1.31,0.1,0,0
84,Mark Travers,Bournemouth,90,63.55,0,0,0,0,77.05,fe558029,17,17,1530,0,0,0,34.59,18.24,0.06,0,20,31.47,0,0,0,0,0,0,0,0,0.65,1.35,0.06,0.06,0.06,0,0,0,0,0,0,0,0,0,4.88,3.76
85,Illia Zabarnyi,Bournemouth,86.36,82.11,66.67,68.15,68.79,9.38,0,88968486,36,35,"3,109",0.73,3.78,0.11,55.73,34.65,0.38,0.08,37.95,46.22,0.24,0.16,1.41,0.97,0.89,0.54,0.35,1.11,4.92,4.24,1.35,0.43,0.05,0.78,0.03,0.32,0.03,0.04,0.02,0.32,0.57,0,0,0
152,Kepa Arrizabalaga,Bournemouth,90,73.23,100,0,0,0,70.83,28d596a0,31,31,"2,790",0,0.06,0,35.06,20.03,0,0,24.26,33.13,0.03,0.03,0.03,0,0.06,0,0.06,0,0.48,1.81,0.06,0.06,0.1,0.13,0,0.03,0,0,0,0.03,0,0,4.32,3.06
580,Dean Huijsen,Bournemouth,75.84,83.38,35.71,61.54,72.16,16.33,0,87278bce,32,26,2427,1.11,3.57,0.27,54.62,30.22,0.54,0.03,36.62,43.92,0.14,0.05,0.97,0.7,1.08,0.78,0.3,1.38,5.35,2.84,0.78,0.3,0.11,1.16,0.08,0.49,0.08,0.05,0.04,0.41,0.84,0.05,0,0
592,Julián Araujo Zúñiga,Bournemouth,41.42,79.19,0,41.3,50,0,0,8f4541c2,12,7,497,0.15,0.54,0.85,10.58,4.85,0.19,0.08,6.85,8.65,0.04,0,0.38,0.19,0.12,0,0.12,0.23,0.69,1.12,0.46,0.27,0,0.19,0,0,0,0,0,0.04,0.12,0.04,0,0
617,Francisco Evanilson de Lima Barbosa,Bournemouth,74.81,71.32,33.33,65.63,62.79,43.08,0,6f3cc2fe,31,28,"2,319",0.78,0.76,2.68,15.08,9,1.03,0.65,6.59,9.24,0.57,0.19,0.43,0.27,0.3,0.05,0.24,0.03,0.57,1.81,0.32,0.11,0,1.65,0.22,1.95,0.84,0.34,0.05,0.7,0.49,0.54,0,0
687,Ben Winterburn,Bournemouth,6,66.67,0,0,0,0,0,ba31eee2,4,0,24,0.03,0,0.03,0.15,0.1,0,0,0.08,0.12,0,0,0,0,0,0,0,0.03,0,0.03,0.02,0.02,0,0,0,0,0,0,0,0,0,0,0,0
707,Remy Rees-Dottin,Bournemouth,1,0,0,0,0,0,0,1db75ccb,1,0,1,0,0,0,0,0,0,0,0,0,0,0,0,0,0,0,0,0,0,0,0,0,0,0,0,0,0,0,0,0,0,0,0,0
713,Julio Soler,Bournemouth,3.67,78.95,0,100,100,0,0,98c8559a,3,0,11,0,0,0.03,0.23,0.16,0.01,0,0.15,0.19,0,0,0.01,0.01,0.01,0,0.01,0,0,0,0.01,0,0,0,0,0,0,0,0,0,0,0,0,0
728,Zain Silcott-Duberry,Bournemouth,1,50,0,100,100,0,0,2f5fa231,1,0,1,0,0,0,0.03,0.01,0,0,0.01,0.02,0,0,0.01,0.01,0,0,0,0,0,0,0.01,0,0,0,0,0,0,0,0,0,0,0,0,0
86,Kristoffer Ajer,Brentford,59.92,78.26,43.18,52,69.44,32,0,a8c0acb7,24,17,1438,0.75,1.56,1.22,22.08,10.75,0.42,0.33,14,17.89,0.44,0.19,0.72,0.5,0.47,0.11,0.36,0.33,1.39,1.17,0.75,0.36,0,0.5,0.06,0.25,0.08,0.03,0.01,0.22,0.31,0.06,0,0
88,Nathan Collins,Brentford,90,85.89,50,61.05,60,35.56,0,a8c19eb8,38,38,"3,420",0.84,3.34,0.47,64.08,33.92,0.53,0.21,44.87,52.24,0.32,0.16,1.05,0.63,2.03,1.5,0.53,0.89,5.95,4.26,0.95,0.37,0.08,0.79,0.21,0.45,0.16,0.07,0.04,0.26,0.32,0.16,0,0
89,Mikkel Damsgaard,Brentford,76.61,72.4,51.82,38.04,52.91,20,0,215f3907,38,34,2911,1.66,5.32,3.11,42.8,24.45,1.43,1.07,25.16,34.75,2.2,1.14,1.89,1,0.91,0.07,0.84,0.61,0.7,4.07,1.84,1.14,0.05,2.73,0.48,0.8,0.16,0.06,0.16,1.43,1.23,0.14,0,0
91,Mark Flekken,Brentford,88.51,73.02,100,33.33,100,0,73.77,a92ab7be,37,37,3275,0,0,0,49.3,30.32,0.08,0,33.89,46.41,0.03,0.03,0.11,0.11,0.05,0,0.05,0,0.7,1.05,0.24,0.16,0.11,0.27,0.05,0,0,0,0,0.08,0,0,5.49,4.05
92,Rico Henry,Brentford,19.8,67.26,0,0,100,0,0,8a3c1dc7,5,0,99,0,0.18,0.23,3,1.36,0.14,0.09,1.5,2.23,0.14,0,0.09,0.09,0.18,0.05,0.14,0.05,0.09,0.32,0.18,0.18,0,0.09,0.05,0,0,0,0,0,0.05,0,0,0
94,Vitaly Janelt,Brentford,70.44,82.51,26.67,57.78,57.89,28.57,0,8449d35e,32,27,2254,0.42,2,0.95,32.22,16.27,0.4,0.25,21.8,26.42,0.3,0.08,0.95,0.55,0.82,0.22,0.6,0.68,1.32,2.68,0.9,0.38,0.02,0.8,0.08,0.35,0.1,0.02,0.06,0.35,0.45,0.02,0,0
95,Mathias Jensen,Brentford,35.92,74.69,53.57,51.85,73.91,20,0,0f134faf,24,8,862,0.1,1.02,0.45,9.55,5,0.15,0.12,6.05,8.1,0.28,0.15,0.23,0.17,0.25,0.07,0.18,0.13,0.22,0.8,0.27,0.13,0.03,0.68,0.08,0.1,0.02,0,0.03,0.27,0.2,0,0,0
96,Kim Ji-soo,Brentford,10,89.42,0,0,0,0,0,f4065d9e,3,0,30,0,0.07,0,1.11,0.56,0,0.04,0.93,1.04,0,0,0,0,0,0,0,0,0.07,0,0,0,0,0,0,0,0,0,0,0,0,0,0,0
97,Yunus Emre Konak,Brentford,4.2,70.59,0,100,100,0,0,e02b5b36,10,0,42,0,0.01,0.01,0.25,0.08,0.01,0.01,0.12,0.17,0.01,0,0.02,0.02,0.01,0,0.01,0,0,0.01,0.01,0,0,0,0,0,0,0,0,0,0,0,0,0
98,Keane Lewis-Potter,Brentford,81.39,77.14,40.83,62.18,54.7,49.25,0,41f08ac8,38,36,"3,093",2.33,2.33,3.71,38.4,20.67,1.21,0.48,23.38,30.31,2.4,0.98,1.17,0.64,0.67,0.24,0.43,0.5,1.81,3.48,1.19,0.45,0.07,1.69,0.19,0.67,0.33,0.07,0.12,0.62,1.64,0.1,0,0
99,Bryan Mbeumo,Brentford,89.84,66.12,46.92,59.78,63.57,42.79,0,6afaebf2,38,38,"3,414",3.42,3.71,9.24,46.87,28.34,2.79,1.24,22.95,34.71,2.92,1.37,1.29,0.82,0.68,0.08,0.61,0.37,1.45,4.11,0.92,0.37,0.03,3.79,0.53,2.08,0.89,0.32,0.24,1.84,1.82,0.29,0,0
100,Ben Mee,Brentford,26.14,77.6,0,100,100,0,0,8df7a2fb,7,2,183,0.12,0.46,0.08,5.75,3.25,0,0,3.88,5,0,0,0.08,0.08,0.12,0.12,0,0.17,0.29,0.46,0.04,0,0,0,0,0,0,0,0,0,0.04,0,0,0
101,Christian Nørgaard,Brentford,82.91,81.56,48.72,59.11,62.1,38.89,0,df0a4c90,34,34,"2,819",0.39,4.28,1.17,50.06,22.94,0.94,0.56,32.33,39.64,0.39,0.19,2.19,1.36,1.44,0.56,0.89,1.36,1.94,5.36,2.25,0.92,0.03,1.61,0.36,1.08,0.42,0.12,0.04,0.5,0.44,0.03,0,0
102,Frank Onyeka,Brentford,83.42,83.61,33.54,54.55,77.27,24.66,0,2944f86f,31,30,2586,1.39,3.21,2.15,40.58,22.85,1.48,1.03,25.82,30.88,1.64,0.55,1.76,1.36,1.09,0.27,0.82,1.09,1.09,4.45,1.21,0.55,0.06,1.52,0.12,0.73,0.18,0.04,0.06,0.52,1.21,0.09,0,0
104,Ethan Pinnock,Brentford,86.95,85.56,34.15,54.13,54.09,60,0,e541326e,22,21,1913,0.14,1.86,0.41,61.27,28.77,0.09,0.18,42,49.09,0.41,0.14,1.59,0.86,1.32,0.82,0.5,1.09,6.45,2.27,1.09,0.5,0.18,0.95,0,0.45,0.27,0.05,0.03,0.36,0.18,0,0,0
105,Mads Roerslev Rasmussen,Brentford,42.57,83.91,32.56,67.19,90.14,0,0,57c94db2,7,2,298,0.5,0.93,1.29,15.36,7.29,0.14,0.43,10.43,12.43,0.43,0.14,0.71,0.64,0.14,0.14,0,0.36,1.14,0.57,0.64,0.21,0,0.43,0.14,0,0,0,0.01,0.07,0.36,0,0,0
106,Kevin Schade,Brentford,60.34,59.73,33.96,56.1,64.29,48.98,0,52afb588,38,26,"2,293",1.09,0.68,2.95,15.77,7.75,1.07,0.64,5.77,9.66,1.59,0.54,0.7,0.45,0.34,0.07,0.27,0.09,0.61,1.48,0.41,0.18,0,1.02,0.16,0.98,0.48,0.15,0.03,0.41,0.5,0.23,0,0
107,Igor Thiago Nascimento Rodrigues,Brentford,21.88,71.43,56.25,0,56.25,0,0,dc45ac24,8,1,175,0.09,0.12,0.25,2.59,1.41,0.19,0.06,1.25,1.75,0.16,0.09,0.16,0.09,0.09,0,0.09,0.06,0.09,0.38,0.03,0.03,0.03,0.09,0,0.06,0,0,0,0.06,0.09,0.03,0,0
109,Hákon Valdimarsson,Brentford,72.5,65.71,0,0,0,0,75,57a34cf4,2,1,145,0,0,0,36,22,0,0,23,35,0,0,0,0,0,0,0,0,1,0.5,0,0,0,1,0,0,0,0,0,0,0,0,2,1.5
110,Yoane Wissa,Brentford,83.4,76.53,31.06,41.1,54.24,45.68,0,2500cef9,35,34,"2,919",1.62,1.81,4.16,25,14.86,2.08,0.95,12.16,15.89,1.32,0.41,0.59,0.32,0.78,0.22,0.57,0.22,0.57,2.19,0.73,0.43,0.08,1.86,0.27,2.43,1.11,0.5,0.05,0.73,0.7,0.38,0,0
111,Yehor Yarmoliuk,Brentford,46.77,86.96,47.83,50.54,56.63,20,0,907a5d7c,31,15,1450,0.25,1.07,0.8,16.27,8.81,0.44,0.36,11.2,12.88,0.46,0.22,0.83,0.47,0.44,0.15,0.29,0.22,0.56,1.92,0.93,0.46,0,0.44,0.03,0.15,0.03,0.01,0.02,0.15,0.32,0.03,0,0
314,Fábio Freitas Gouveia Carvalho,Brentford,23.95,70.52,15,44.44,72.22,41.18,0,966e28d0,19,3,455,0.13,0.24,0.32,3.48,1.93,0.18,0.11,1.77,2.51,0.2,0.03,0.18,0.13,0.08,0.01,0.07,0.04,0.03,0.42,0.18,0.1,0,0.14,0.01,0.17,0.07,0.04,0.01,0.06,0.04,0.01,0,0
338,Sepp van den Berg,Brentford,83.42,85.44,57.14,65.91,61.86,29.51,0,7bf9400b,31,29,"2,586",0.36,2.39,0.85,48.64,22.33,0.45,0.21,33.09,38.73,0.21,0.12,1.18,0.73,1.58,1.15,0.42,0.64,4.06,2.94,0.88,0.3,0.09,0.67,0.06,0.61,0.18,0.06,0.02,0.18,0.3,0.03,0,0
674,Paris Maghoma,Brentford,14.88,90.29,75,33.33,50,0,0,8a3ddcd2,8,0,119,0.08,0.27,0.08,2.1,1.42,0.04,0,1.58,1.75,0.08,0.06,0.04,0.02,0.04,0.04,0,0.02,0.04,0.15,0.06,0.04,0,0.08,0.02,0.02,0,0,0,0.02,0.06,0,0,0
757,Michael Kayode,Brentford,44,76.39,50.67,68.52,64.79,0,0,e19660a8,12,6,528,0.5,0.5,1,13.04,6,0.54,0.12,7.67,10.04,0.75,0.38,0.71,0.46,0.12,0,0.12,0.29,0.79,1.42,0.54,0.17,0,0.79,0.12,0.08,0,0.01,0.03,0.33,0.29,0,0,0
113,Simon Adingra,Brighton,37.83,75.8,41.89,36.84,61.76,24.49,0,4dcec659,29,12,1097,0.74,0.26,2,8.06,5.38,0.57,0.18,4.26,5.62,0.74,0.31,0.34,0.21,0.18,0,0.18,0.12,0.09,0.69,0.38,0.24,0.03,0.69,0.1,0.49,0.12,0.04,0.04,0.24,0.31,0.06,0,0
115,Carlos Baleba,Brighton,78.26,87.44,58.22,60,58.13,24.78,0,a1390d2f,34,31,"2,661",1.1,3.03,0.74,43.51,24.9,1,1.08,29.46,33.69,1.46,0.85,2.03,1.18,1.21,0.28,0.92,1.18,1.13,5.05,2.05,0.82,0.03,1.69,0.1,1.13,0.28,0.08,0.03,0.54,1.15,0,0,0
120,Lewis Dunk,Brighton,83.32,91.04,0,57.14,58.73,25,0,282f75f3,25,23,"2,083",0.74,5.26,0.11,78.78,49.67,0.33,0.11,65.85,72.33,0.04,0,0.63,0.37,1.04,0.67,0.37,0.48,2.93,3.85,0.7,0.3,0.07,0.7,0.11,0.44,0.11,0.03,0.04,0.22,0.7,0.07,0,0
122,Pervis Estupiñán,Brighton,80.07,83.11,56.31,66.45,65.99,31.76,0,d38fdf53,30,26,2402,1.79,4,3.39,58.03,31,1.03,0.82,40.55,48.79,1.03,0.58,1.97,1.3,0.61,0.15,0.45,1.12,1.97,4.45,1.55,0.52,0.06,1.76,0.12,0.85,0.27,0.04,0.08,0.79,1.85,0.09,0,0
124,Billy Gilmour,Brighton,45.27,88.54,50,58.97,65.96,11.11,0,df10e27c,26,13,"1,177",0.22,1.31,0.35,19.73,10.59,0.22,0.1,15.76,17.8,0.2,0.1,0.47,0.31,0.12,0.02,0.1,0.18,0.45,1.25,0.39,0.16,0,0.78,0.08,0.18,0.02,0.01,0.04,0.41,0.24,0,0,0
126,Jack Hinshelwood,Brighton,70.85,83.15,18.18,41.46,70.73,54.55,0,e98211e7,26,22,1842,0.58,2.06,1.64,36.33,17.88,0.55,0.09,26.36,31.7,0.33,0.06,0.82,0.58,0.3,0.09,0.21,0.48,1.12,1.91,0.82,0.48,0.03,1.06,0.09,0.55,0.3,0.08,0.05,0.52,0.61,0,0,0
128,Igor Julio dos Santos de Paulo,Brighton,73.92,91.9,82.5,40.3,100,0,0,a4e85758,13,10,961,0.6,3.27,0.07,54.4,35.33,0.07,0,44.73,48.67,0.4,0.33,0.33,0.33,1.6,0.93,0.67,0.27,2.6,2.8,0.67,0.4,0.07,0.93,0,0.07,0,0,0.02,0.13,0.93,0,0,0
129,João Pedro Junqueira de Jesus,Brighton,72.15,72.94,33.72,36.36,75,35.43,0,e8832875,27,23,"1,948",2,2.36,3.88,28.48,18.67,2.18,1.15,14.61,20.03,2.61,0.88,0.48,0.36,0.36,0,0.36,0.27,0.36,1.79,0.33,0.21,0,2.18,0.27,1.27,0.45,0.27,0.09,0.91,1.18,0.06,0,0
130,Kacper Kozłowski,Brighton,78.26,0,0,0,0,32.56,0,3ece036c,27,26,"2,113",0,0,0,0,0,0,0,0,0,0,0,0,0.84,0,0,0,0.42,0,0,0,0,0,0,0,1.29,0.42,0,0,0,0,0.35,0,0
131,Tariq Lamptey,Brighton,57.33,81.12,31.85,35.78,64.86,34.62,0,f4e433d4,15,10,860,1.39,0.61,1.96,23.26,12.7,0.48,0.22,14.57,17.96,1.35,0.43,0.74,0.48,0.65,0.3,0.35,0.3,1,1.7,1.09,0.7,0.04,0.74,0.13,0.26,0.09,0.02,0.03,0.22,0.74,0,0,0
132,Solly March,Brighton,26,0,0,0,0,0,0,bb5fbd2b,1,1,26,0,0,0,0,0,0,0,0,0,0,0,0,0,0,0,0,0,0,0,0,0,0,0,0,0,0,0,0,0,0,0,0,0
134,James Milner,Brighton,42.5,74.38,100,100,40.32,0,0,2f90f6b8,4,3,170,0.12,1.25,1.25,11.62,5.88,0,0,6.88,9.25,0.12,0.12,0.62,0.25,0.5,0.25,0.25,0.25,0.25,0.25,0.38,0,0.12,1,0,0.25,0,0.02,0.02,0.5,0.12,0,0,0
135,Yankuba Minteh,Brighton,57.44,62.48,46.94,37.78,72.92,47.06,0,c3cf087d,32,20,"1,838",1.8,0.96,4.02,16.72,9.62,1.06,0.56,6.96,11.14,1.96,0.92,0.96,0.7,0.44,0,0.44,0.22,0.62,1.7,0.9,0.56,0,1.28,0.26,0.68,0.32,0.08,0.1,0.58,0.48,0.12,0,0
136,Mitoma Kaoru,Brighton,72.31,75.81,39.6,38.74,59.8,46.92,0,74618572,36,28,2603,3.32,2.02,6.61,31.25,18.86,1.2,0.52,17.02,22.45,2.98,1.18,1.02,0.61,1.09,0.07,1.02,0.32,0.23,2.25,1.11,0.68,0,1.98,0.23,1.3,0.61,0.21,0.09,0.84,1.86,0.11,0,0
137,Jakub Moder,Brighton,85.43,77.31,28.67,50,64.5,29.75,0,f230bc30,14,14,"1,196",1.14,3.71,2.14,52.57,24.71,1.36,1.21,31.86,41.21,1.5,0.43,2,1.29,0.93,0.29,0.64,0.93,2.14,3.71,1.86,0.93,0.14,2.5,0.5,1.21,0.36,0.21,0.14,0.93,1,0,0,0
142,Jason Steele,Brighton,90,0,0,0,0,0,0,28300a16,1,1,90,0,0,0,0,0,0,0,0,0,0,0,0,0,0,0,0,0,0,0,0,0,0,0,0,0,0,0,0,0,0,0,0,0
144,Jan Paul van Hecke,Brighton,87,88.19,45.16,56.41,64.34,28.57,0,4fd08daa,34,33,2958,1.57,6.51,0.14,73.97,49,0.34,0.2,57.6,65.31,0.31,0.14,1.29,0.83,1.06,0.63,0.43,0.69,4.06,3.74,1.17,0.51,0.06,1.49,0.09,0.49,0.14,0.04,0.04,0.43,1.31,0,0,0
145,Joël Veltman,Brighton,80.81,80.19,26.15,59.73,67.38,15.38,0,dad4b285,21,19,1697,1.39,3.7,1.48,49.26,23.83,0.83,0.3,32.39,40.39,0.65,0.17,1.87,1.26,0.96,0.3,0.65,0.83,2.87,2.96,2.26,0.91,0,1,0.09,0.26,0.04,0.02,0.06,0.26,1.09,0,0,0
146,Bart Verbruggen,Brighton,90,76.87,100,0,0,0,60.96,cf134113,36,36,3240,0,0.06,0,39.06,26.53,0.06,0,28.08,36.53,0.06,0.06,0,0,0.03,0,0.03,0,0.81,1.64,0.08,0.08,0.14,0.14,0.03,0,0,0,0,0.03,0.03,0,3.97,2.42
147,Adam Webster,Brighton,63.36,87.71,31.25,43.24,60.38,19.23,0,c40b6180,14,11,887,0.42,3.32,0.11,43.37,25.05,0.26,0.05,33.47,38.16,0.16,0.05,0.53,0.32,0.84,0.47,0.37,1.05,2.16,1.84,0.74,0.42,0.11,0.74,0.21,0.26,0.05,0.01,0.02,0.16,0.32,0.05,0,0
148,Danny Welbeck,Brighton,70.5,84.91,35.05,39.62,61.76,39.35,0,ce5143da,30,24,"2,115",0.55,1.24,2.5,19.11,11.79,1.29,0.74,10.97,12.92,0.97,0.34,0.68,0.42,0.5,0.11,0.39,0.13,0.37,1.21,0.53,0.32,0,1.39,0.21,1.55,0.61,0.25,0.04,0.61,0.61,0.11,0,0
149,Mats Wieffer,Brighton,40.6,85.11,48.15,68.24,59.05,43.75,0,4876c9ab,25,10,1015,0.33,1.13,0.42,15.76,8.78,0.35,0.16,10.8,12.69,0.27,0.13,1.05,0.62,0.33,0.04,0.29,0.31,0.51,1.24,0.85,0.27,0.05,0.58,0.11,0.16,0.07,0.01,0.02,0.29,0.36,0.02,0,0
595,Brajan Gruda,Brighton,32.71,74.55,43.4,52,50,47.37,0,ae9b998d,21,8,687,0.39,0.46,1,6.04,3.54,0.25,0.37,3.28,4.4,0.53,0.23,0.28,0.14,0.14,0,0.14,0.04,0.09,0.46,0.25,0.12,0.02,0.68,0.11,0.19,0.09,0.02,0.03,0.4,0.33,0.02,0,0
600,Yasin Ayari,Brighton,57.79,81.51,40.23,46.3,54.87,27.78,0,f173303a,34,22,"1,965",0.58,1.44,1.17,23.71,12.6,0.73,0.42,15.25,18.71,0.87,0.35,1.13,0.62,0.46,0.12,0.35,0.38,0.5,2.27,1.08,0.58,0,1.17,0.12,0.54,0.15,0.05,0.05,0.58,0.48,0.06,0,0
618,Georginio Rutter,Brighton,59.14,66.75,37.87,39.53,38.71,24.37,0,c64c01fc,28,19,"1,656",1,1.6,1.88,15.26,8.6,1.07,0.88,5.64,8.45,1.69,0.64,0.93,0.36,0.48,0.07,0.4,0.24,0.31,1.57,0.86,0.52,0.05,1.52,0.19,1.19,0.29,0.11,0.04,0.45,0.86,0.17,0,0
628,Ferdi Kadioglu,Brighton,64.17,82.27,43.18,40.43,60,24,0,66c52a77,6,5,385,0.12,1.88,3.38,28.88,15.5,0.75,0.25,18,21.88,0.88,0.38,1.25,0.75,0.25,0.25,0,1,2.12,1.75,1.88,1.12,0,1.62,0.25,0.5,0.12,0.05,0.04,0.62,0,0.12,0,0
629,Matt O'Riley,Brighton,44.67,76.5,61.29,32.26,55.26,28,0,fb495bb8,21,11,938,0.52,0.9,1.24,12.5,6.55,0.45,0.1,7.52,9.83,0.31,0.19,0.38,0.21,0.17,0.07,0.1,0.31,0.21,0.69,0.31,0.21,0.02,0.95,0.12,0.5,0.14,0.07,0.05,0.5,0.29,0.05,0,0
714,Diego Gómez,Brighton,32.25,80.47,51.85,54,62.5,35,0,916728da,16,4,516,0.18,0.61,0.52,9.16,4.39,0.23,0.2,5.52,6.86,0.27,0.14,0.48,0.3,0.3,0,0.3,0.18,0.23,0.73,0.5,0.23,0.02,0.43,0.09,0.2,0.07,0.02,0.03,0.18,0.09,0.02,0,0
763,Eiran Cashin,Brighton,10,82.05,0,0,0,0,0,f557c3b8,2,0,20,0,0.33,0.06,1.78,1.17,0,0,1.28,1.56,0.06,0,0,0,0,0,0,0,0.11,0.06,0.06,0.06,0,0.06,0,0,0,0,0,0,0,0,0,0
153,Benoît Badiashile,Chelsea,66.8,89.8,0,79.52,66.67,0,0,06df8256,5,3,334,0.5,2.83,0.33,56,29.5,0.17,0,45.5,50.67,0.17,0,1.5,1,0.33,0.33,0,1,2,3,0.83,0.17,0.33,0,0,0,0,0,0.02,0,0.83,0,0,0
157,Moisés Caicedo Corozo,Chelsea,88.18,89.64,45.24,62.83,64,15.09,0,16264a81,38,38,3351,1.13,5.66,0.97,67.87,37.08,0.97,0.66,51.76,57.74,1.68,0.76,3,1.92,1.29,0.26,1.03,1.29,1.58,6.03,2.26,0.84,0.03,2.58,0.24,0.53,0.08,0.02,0.07,0.79,1,0,0,0
159,Trevoh Chalobah,Chelsea,88.33,78.96,60.24,52.08,79.64,35.87,0,5515376c,12,12,"1,060",0.92,2.83,0.5,49.5,23.17,0.33,0.58,29.08,36.83,0.83,0.5,1.67,1.33,1.58,0.75,0.83,1.58,4.75,4.67,1.92,0.92,0.25,0.92,0,0.92,0.33,0.1,0.02,0.33,0.75,0.08,0,0
162,Levi Colwill,Chelsea,89.97,89.27,50,66.23,72.39,22.45,0,700783e7,35,35,"3,149",0.4,3.74,0.34,82.97,46.31,0.4,0.23,66.8,74.83,0.34,0.17,1.34,0.97,1.06,0.71,0.34,0.94,3.37,3.46,0.77,0.26,0.11,1.09,0.09,0.49,0.11,0.05,0.03,0.4,0.34,0.14,0,0
163,Marc Cucurella Saseta,Chelsea,83,87.69,26.32,52.56,66.86,45.16,0,1daec722,36,33,2988,0.9,3.03,3,57.54,24.21,0.72,0.18,43.08,49.13,0.38,0.1,1.72,1.15,1.26,0.41,0.85,0.72,2.44,3.33,1.56,0.74,0.08,1.31,0.13,0.62,0.28,0.07,0.06,0.49,0.56,0.08,0,0
166,Kiernan Dewsbury-Hall,Chelsea,20.31,83.52,57.14,63.64,64.29,0,0,5c74c0f5,13,2,264,0.09,0.25,0.19,3.23,1.67,0.02,0.05,2.23,2.67,0.07,0.04,0.14,0.09,0.04,0,0.04,0.04,0.16,0.16,0.11,0.04,0.02,0.09,0.02,0.02,0,0,0,0.05,0.02,0,0,0
168,Enzo Fernández,Chelsea,81.86,79.89,47.52,36.74,50.9,37.5,0,5ff4ab71,36,32,2947,1.54,5.44,3.23,56.67,31.05,0.74,0.72,38.92,48.72,1.41,0.67,1.67,0.85,1.1,0.18,0.92,0.33,0.59,4,2.15,1.36,0.1,3.77,0.41,1.36,0.51,0.16,0.16,1.97,1.41,0.05,0,0
171,Malo Gusto,Chelsea,58.19,86.49,24.24,52.04,64.13,17.78,0,d56b9520,32,19,1862,1.02,2.43,1.73,32.55,18,0.37,0.35,24.45,28.27,0.33,0.08,0.92,0.59,0.59,0.16,0.43,0.49,1,2.43,0.98,0.47,0.1,1.18,0.08,0.45,0.08,0.03,0.04,0.45,0.73,0.04,0,0
172,Reece James,Chelsea,55.95,83.95,40.35,33.33,90.91,27.03,0,1265a93a,19,12,1063,0.23,2.13,0.4,31.73,16.2,0.23,0.3,23.9,28.47,0.57,0.23,0.33,0.3,0.47,0.2,0.27,0.43,0.77,2.2,0.3,0.2,0.13,0.6,0.1,0.37,0.1,0.01,0.04,0.37,0.13,0,0,0
174,Roméo Lavia,Chelsea,49.81,91.74,63.16,48,58.23,0,0,ecad9aa5,16,11,797,0.11,1.11,0.25,17.61,10.54,0.11,0.25,13.89,15.14,0.57,0.36,0.79,0.46,0.21,0,0.21,0.57,0.36,1.43,0.75,0.39,0.04,0.5,0.07,0.07,0,0.01,0.01,0.25,0.32,0,0,0
177,Noni Madueke,Chelsea,63.53,77.4,44.05,36.9,71.43,37.64,0,bf34eebd,32,27,2033,3.42,1.53,5.02,21.78,14.24,1.16,0.56,11.78,15.22,2.27,1,0.56,0.4,0.38,0,0.38,0.22,0.24,1.87,0.84,0.53,0,1.76,0.18,1.78,0.67,0.21,0.07,0.71,1.11,0.11,0,0
178,Marc Guiu Paz,Chelsea,24.33,68.97,0,100,100,0,0,d3d774cc,3,0,73,0,0,0.27,2,1.09,0.18,0,1,1.45,0.09,0,0.09,0.09,0,0,0,0,0,0.18,0.09,0,0,0.09,0,0,0,0,0,0.09,0,0,0,0
179,Mykhailo Mudryk,Chelsea,21.57,66.9,35.71,0,100,100,0,049a888d,7,1,151,0.24,0.17,0.41,2.14,1.34,0.1,0.24,0.97,1.45,0.28,0.1,0.07,0.07,0.1,0.03,0.07,0,0.03,0.31,0,0,0,0.21,0,0.03,0.03,0.01,0.02,0.07,0.28,0.03,0,0
180,Nicolas Jackson,Chelsea,74,75.99,29.59,50,59.02,44.55,0,9c36ed83,30,28,2220,1.31,1.06,3.58,19.08,11.58,1.97,1.14,8.42,11.08,1.69,0.5,0.61,0.36,0.42,0.06,0.36,0.08,0.42,1.33,0.28,0.14,0,1.92,0.28,2.11,0.94,0.34,0.05,0.78,0.69,0.64,0,0
181,Christopher Nkunku,Chelsea,34.11,89.57,36.84,72.73,64.71,42.86,0,7c56da38,27,9,921,0.24,0.35,0.96,6.31,3.94,0.25,0.24,4.21,4.7,0.38,0.14,0.17,0.11,0.13,0.03,0.1,0.1,0.14,0.41,0.11,0.03,0,0.48,0.06,0.35,0.15,0.07,0.01,0.2,0.23,0.04,0,0
182,Cole Palmer,Chelsea,86.24,77.02,45.12,45.07,59.55,36.48,0,dc7f8a28,37,36,"3,191",3.16,5.63,4.92,48.71,30.87,1.87,0.97,30,38.95,2.97,1.34,0.89,0.53,0.42,0.03,0.39,0.29,0.53,2.79,0.71,0.39,0.03,5.32,0.39,3.18,1.16,0.46,0.24,2.29,2,0.18,0,0
184,Renato Palma Veiga,Chelsea,84.08,88.03,100,64.81,70.23,41.3,0,fc8fcbd1,13,12,"1,093",0.69,3.08,0,55.92,29.85,0.15,0,38.46,43.69,0.08,0.08,1.31,0.92,1.31,1,0.31,1.46,6.23,2.92,1.08,0.38,0,0.69,0.08,0.92,0.38,0.08,0.02,0.15,0.38,0.08,0,0
185,Robert Sánchez,Chelsea,90,69.74,0,0,0,0,72.54,6a713852,32,32,2880,0,0.03,0,41.34,27.53,0,0,27.22,39.03,0,0,0,0,0,0,0,0.06,0.75,1.34,0.03,0.03,0.31,0.22,0.06,0,0,0,0,0.06,0,0,3.97,2.88
187,Tosin Adarabioyo,Chelsea,64.05,91.13,65,67.5,75.44,16.28,0,c81d773d,22,15,"1,409",0.17,1.4,0.03,44.33,25.9,0.13,0,35.97,39.47,0.2,0.13,0.57,0.43,0.3,0.23,0.07,0.37,2.67,1.37,0.4,0.13,0,0.5,0.03,0.43,0.07,0.03,0.01,0.03,0.07,0.03,0,0
189,Wesley Fofana,Chelsea,83.71,90.17,53,43.01,91.95,0,0,132a82f1,14,14,1172,1.27,2.13,0.27,62.2,37.13,1.07,0.33,48.27,53.53,1,0.53,0.87,0.8,0.93,0.6,0.33,0.93,3.67,3.6,0.93,0.53,0.13,1,0,0.2,0,0.03,0.01,0.4,0.8,0,0,0
386,Jadon Sancho,Chelsea,56.9,82.55,46.46,41.67,51.85,32.65,0,dbf053da,31,19,1764,2.08,1.84,4.59,19.9,13.33,0.61,0.43,13.53,16.39,1.98,0.92,0.27,0.14,0.22,0,0.22,0.04,0.16,2.02,0.24,0.14,0.04,1.43,0.2,0.49,0.16,0.04,0.06,0.78,0.71,0.12,0,0
560,Pedro Lomba Neto,Chelsea,64.83,78.39,32.72,43.18,39.58,28.46,0,7ba2eaa9,35,24,"2,269",2.62,1.25,5.27,24.02,15.54,0.94,0.62,14.62,18.65,2.17,0.71,0.48,0.19,0.29,0.04,0.25,0.19,0.12,1.69,0.44,0.25,0,1.88,0.19,1.23,0.35,0.07,0.1,0.96,1.19,0.06,0,0
581,Filip Jørgensen,Chelsea,90,83.59,0,0,0,0,67.88,0107757e,6,6,540,0,0,0,33.67,24.17,0,0,26.33,31.5,0,0,0,0,0,0,0,0,0,0.83,0,0,0.5,0.17,0,0,0,0,0,0,0,0,4.67,3.17
621,João Félix Sequeira,Chelsea,50.67,81.69,42.96,29.63,100,27.68,0,8aafd64f,15,8,760,0.77,1.54,2.15,15.69,10.58,0.62,0.35,9.46,11.58,1.35,0.58,0.23,0.23,0.08,0,0.08,0.04,0.35,1.15,0.54,0.38,0,1.35,0.23,1.12,0.31,0.1,0.05,0.38,0.92,0.08,0,0
696,Tyrique George,Chelsea,80.88,0,0,0,0,0,0,e6f7797e,8,8,647,0,0,0,0,0,0,0,0,0,0,0,0,0,0,0,0,0,0,0,0,0,0,0,0,0,0,0,0,0,0,0,0,0
697,Josh Acheampong,Chelsea,72.6,0,0,0,0,0,0,b7e62e1d,5,4,363,0,0,0,0,0,0,0,0,0,0,0,0,0,0,0,0,0,0,0,0,0,0,0,0,0,0,0,0,0,0,0,0,0
771,Mathis Amougou,Chelsea,8,100,0,0,0,0,0,f93cca97,1,0,8,0,0.09,0,0.82,0.64,0,0.09,0.64,0.64,0,0,0,0,0,0,0,0,0,0.18,0,0,0,0,0,0,0,0,0,0,0.09,0,0,0
781,Shumaira Mheuka,Chelsea,65.69,0,0,0,0,0,0,43d0b694,16,11,"1,051",0,0,0,0,0,0,0,0,0,0,0,0,0,0,0,0,0,0,0,0,0,0,0,0,0,0,0,0,0,0,0,0,0
11,Eddie Nketiah,Crystal Palace,35.66,74.24,35.71,55.56,52.38,37.29,0,a53649b7,29,9,"1,034",0.56,0.26,1.08,5.64,3.37,0.47,0.23,2.45,3.3,0.42,0.15,0.21,0.11,0.14,0.01,0.12,0.04,0.16,0.36,0.18,0.08,0,0.42,0.04,0.59,0.22,0.08,0.01,0.18,0.34,0.07,0,0
160,Ben Chilwell,Crystal Palace,32.38,73.59,33.33,21.74,84.38,60.87,0,d2424d1b,8,1,259,0.23,0.36,0.68,7.95,3.09,0.18,0.09,4.18,5.68,0.27,0.09,0.32,0.27,0.27,0.09,0.18,0.27,0.73,0.91,0.23,0.18,0,0.36,0,0.23,0.14,0.01,0.04,0.23,0.09,0.09,0,0
193,Cheick Doucouré,Crystal Palace,34.77,85.28,40,45.45,50,0,0,ce4f40c7,13,4,452,0.06,0.58,0.21,7.97,4.03,0.12,0.21,5.27,6.18,0.15,0.06,0.48,0.24,0.12,0,0.12,0.33,0.3,0.94,0.33,0.18,0.03,0.27,0.09,0.21,0,0.01,0,0.03,0.21,0,0,0
194,Chris Richards,Crystal Palace,80.08,79.82,17.39,58.86,63.54,50,0,0a3d6d2b,24,22,1922,0.23,1.5,0.08,43,19.88,0.19,0.19,26.31,32.96,0.23,0.04,1.81,1.15,1.54,0.54,1,0.73,4.65,1.96,1.58,0.65,0,0.35,0.08,0.46,0.23,0.05,0.02,0.08,0.19,0.04,0,0
195,Chadi Riad Dnanou,Crystal Palace,62,0,0,0,0,0,0,b3b9b8b8,1,1,62,0,0,0,0,0,0,0,0,0,0,0,0,0,0,0,0,0,0,0,0,0,0,0,0,0,0,0,0,0,0,0,0,0
196,Nathaniel Clyne,Crystal Palace,37.15,76.03,0,54.29,66.67,0,0,0442183b,13,5,483,0.19,0.23,0.26,8.81,5.1,0.16,0.06,5.52,7.26,0.03,0,0.39,0.26,0.13,0.06,0.06,0.1,0.45,0.32,0.35,0.16,0.03,0.1,0,0.06,0,0,0.01,0.1,0.06,0,0,0
199,Eberechi Eze,Crystal Palace,76.12,74.18,48.7,46.67,56.12,27.2,0,ae4fc6a4,34,31,2588,1.72,2.42,3.82,35.35,21,1.38,1.12,19.42,26.18,3.45,1.68,0.98,0.55,0.68,0,0.68,0.28,0.25,3.65,0.9,0.48,0.08,3.38,0.25,2.5,0.68,0.26,0.12,1.45,1.2,0.22,0,0
200,Marc Guéhi,Crystal Palace,89.97,83.45,79.55,65.94,55.87,47.73,0,d0706b27,34,34,3059,0.65,3.94,0.29,62.68,33.59,0.47,0.53,43.32,51.91,0.44,0.35,1.79,1,1.62,0.68,0.94,0.82,4.79,4.29,1.38,0.47,0.06,1.29,0.15,0.44,0.21,0.06,0.06,0.47,0.5,0.03,0,0
201,Dean Henderson,Crystal Palace,90,61.28,0,31.25,60,0,67.34,e5a76dfe,38,38,3420,0,0,0,34.42,19.76,0.05,0,19.61,32,0,0,0.05,0.03,0,0,0,0,0.58,0.68,0.16,0.11,0,0.11,0,0.03,0,0,0,0.08,0,0,3.95,2.66
203,Will Hughes,Crystal Palace,63.88,75.96,31.43,45.19,54.55,4.17,0,a0666d3e,33,24,2108,0.43,1.89,0.59,26.15,11.57,0.46,0.65,16.02,21.09,0.35,0.11,1.43,0.78,0.67,0.3,0.37,0.48,0.61,2.63,1.35,0.74,0.07,1.46,0.13,0.48,0.02,0.02,0.06,0.72,0.52,0,0,0
205,Daichi Kamada,Crystal Palace,46,80.25,37.93,33.87,61.97,20,0,15b287da,34,15,1564,0.38,1.35,0.85,14.2,7.35,0.24,0.3,9.14,11.39,0.29,0.11,0.71,0.44,0.33,0.08,0.26,0.27,0.21,1.35,0.62,0.41,0,0.79,0.05,0.3,0.06,0.02,0.02,0.3,0.29,0.03,0,0
206,Jefferson Lerma Solís,Crystal Palace,68.91,75.3,53.33,52.38,49.38,31.67,0,9b5ce51a,33,26,2274,0.3,2.26,0.6,32.7,15.09,0.35,0.42,19.63,26.07,0.3,0.16,0.81,0.4,0.88,0.42,0.47,0.98,1.86,3.58,0.84,0.4,0.02,1.09,0.07,0.6,0.19,0.03,0.04,0.23,0.26,0,0,0
207,Jean-Philippe Mateta,Crystal Palace,71.57,65.12,43,20,66.67,42.57,0,50e6dc35,37,33,2648,0.98,1.13,2.65,16.07,8.7,1.57,0.98,6.33,9.72,1,0.43,0.39,0.26,0.41,0.09,0.33,0.04,0.5,1.48,0.35,0.28,0,1.41,0.22,1.48,0.63,0.29,0.05,0.63,0.48,0.46,0,0
208,Matheus França de Oliveira,Crystal Palace,60,0,0,0,0,0,0,077faf72,2,2,120,0,0,0,0,0,0,0,0,0,0,0,0,0,0,0,0,0,0,0,0,0,0,0,0,0,0,0,0,0,0,0,0,0
210,Tyrick Mitchell,Crystal Palace,83.57,72.05,42.27,54.24,60.52,25.81,0,5cbd1eb0,37,37,3092,1.62,1.79,4.38,44.97,21.03,0.97,0.77,25.03,34.74,0.97,0.41,2.33,1.41,1.74,0.31,1.44,0.49,2.77,4.31,1.18,0.54,0.05,1.85,0.18,0.31,0.08,0.03,0.09,1.05,0.92,0.05,0,0
211,Daniel Muñoz,Crystal Palace,87.24,75.67,37.41,56.47,65.12,38.14,0,778ef829,37,37,3228,1.63,2.55,5.42,52.89,21.21,1.45,0.53,29.71,39.26,1.47,0.55,3.24,2.11,1.05,0.16,0.89,1.16,2.84,4.5,2.55,1.11,0.03,2.24,0.29,0.97,0.37,0.13,0.09,1.21,1.05,0.39,0,0
213,Jesurun Rak-Sakyi,Crystal Palace,50.74,76.67,49.37,50.88,59.68,35.06,0,45685411,34,22,1725,1.22,0.67,2.58,12.25,7.12,0.88,0.62,5.98,7.8,1.58,0.78,0.62,0.37,0.38,0.05,0.33,0.18,0.13,1.17,0.57,0.28,0.02,1.18,0.08,0.77,0.27,0.1,0.06,0.48,0.5,0.08,0,0
214,Jeffrey Schlupp,Crystal Palace,53,0,0,0,0,36,0,3312f911,13,7,689,0,0,0,0,0,0,0,0,0,0,0,0,0.45,0,0,0,0.32,0,0,0,0,0,0,0,0.5,0.18,0,0,0,0,0.05,0,0
215,Joel Ward,Crystal Palace,35.5,58.33,0,0,0,0,0,8a7ff278,2,1,71,0,0.2,0.2,6.4,3,0,0,2.8,4.8,0.2,0,0.4,0,0,0,0,0,0.6,1.4,0,0,0,0.2,0,0,0,0,0,0.2,0,0,0,0
216,Adam Wharton,Crystal Palace,65.9,75.61,18.92,38.65,41.27,39.58,0,4b542852,20,16,1318,0.52,3.96,0.41,32.3,15.93,0.63,0.48,20.3,26.85,0.37,0.07,1.26,0.52,0.41,0.07,0.33,0.74,1,3.78,1.63,1,0,2.19,0.22,0.48,0.19,0.01,0.08,0.96,0.85,0,0,0
585,Ismaïla Sarr,Crystal Palace,71.34,66.05,27.69,32.08,44.68,49.21,0,bfdb33aa,38,30,2711,1.6,1.81,3.89,23.21,12.91,1.49,0.91,10.43,15.79,1.3,0.36,0.47,0.21,0.57,0.17,0.4,0.19,0.85,2.4,0.53,0.36,0,2.34,0.26,1.26,0.62,0.23,0.14,0.94,1,0.23,0,0
645,Justin Devenny,Crystal Palace,22.04,72.27,50,40,72.22,54.55,0,6c2b66fc,23,4,507,0.05,0.23,0.14,3,1.44,0.18,0.03,1.59,2.2,0.04,0.02,0.18,0.13,0.06,0.01,0.05,0,0.12,0.29,0.2,0.12,0,0.16,0.01,0.11,0.06,0.01,0,0.08,0.05,0.01,0,0
646,Asher Agbinone,Crystal Palace,54.83,0,0,0,0,33,0,6a10efb3,6,5,329,0,0,0,0,0,0,0,0,0,0,0,0,0.11,0,0,0,0,0,0,0,0,0,0,0,1,0.33,0,0,0,0,0,0,0
650,Maxence Lacroix,Crystal Palace,89.03,81.73,57.5,67.91,60.31,16.28,0,277c49ed,35,35,3116,0.23,1.86,0.2,55.26,29.43,0.6,0.17,34.49,42.2,0.4,0.23,1.94,1.17,1.37,0.63,0.74,1.54,5.91,3.71,1.34,0.43,0.06,0.8,0.11,0.86,0.14,0.1,0.03,0.23,0.17,0.03,0,0
666,Caleb Kporha,Crystal Palace,6.5,73.08,0,100,57.14,0,0,c80f8c9d,2,0,13,0.04,0,0,0.41,0.15,0,0.07,0.19,0.26,0,0,0.07,0.04,0,0,0,0,0.04,0.04,0.07,0,0,0,0,0,0,0,0,0,0.04,0,0,0
730,Romain Esse,Crystal Palace,19.71,76.3,31.58,100,65.52,100,0,87189f25,7,1,138,0.03,0.23,0.45,2.35,1.23,0.19,0.06,1.03,1.35,0.19,0.06,0.29,0.19,0.06,0,0.06,0.03,0.06,0.29,0.16,0,0,0.26,0.1,0.03,0.03,0.01,0.01,0.1,0.03,0,0,0
156,Armando Broja,Everton,33.4,72.6,50,0,33.33,0,0,97220da2,10,4,334,0.46,0.08,1,4.88,2.46,0.62,0.5,2.04,2.81,0.62,0.31,0.12,0.04,0.12,0,0.12,0.04,0.15,0.35,0,0,0,0.27,0,0.15,0,0,0,0.15,0.31,0.12,0,0
217,Abdoulaye Doucouré,Everton,77.7,80.3,53.39,32.74,58.73,29.27,0,02b29014,33,31,2564,1.11,2.16,2.53,30.55,15.89,1,1,19.08,23.76,1.18,0.63,1.26,0.74,0.82,0.16,0.66,0.26,0.53,3.95,1.13,0.76,0.03,1.53,0.08,0.82,0.24,0.11,0.04,0.74,0.68,0.26,0,0
218,Norberto Bercique Gomes Betuncal,Everton,51.13,58.25,50.68,60,44.44,46.81,0,ed5c0319,30,15,1534,0.29,0.31,1.48,10,5.13,1.37,0.71,3,5.15,0.73,0.37,0.27,0.12,0.23,0.04,0.19,0.08,0.46,0.77,0.15,0.06,0.02,0.5,0.02,0.94,0.44,0.16,0.01,0.23,0.23,0.31,0,0
219,Jarrad Branthwaite,Everton,90,0,0,0,0,0,0,c1949191,1,1,90,0,0,0,0,0,0,0,0,0,0,0,0,0,0,0,0,0,0,0,0,0,0,0,0,0,0,0,0,0,0,0,0,0
220,Dominic Calvert-Lewin,Everton,61.88,62.61,39.71,31.25,79.17,37.78,0,59e6e5bf,26,19,1609,0.62,0.54,3.03,14.05,7.57,2.08,0.89,4.89,7.81,0.68,0.27,0.24,0.19,0.19,0.05,0.14,0.19,0.62,0.95,0.16,0.11,0,0.7,0.11,1.35,0.51,0.18,0.02,0.19,0.22,0.73,0,0
221,Séamus Coleman,Everton,43,75.51,80,75,66.67,100,0,0420d84f,5,3,215,0.1,1.1,0.7,12.1,5.4,0.1,0.1,7.4,9.8,0.5,0.4,0.3,0.2,0.5,0.3,0.2,0.1,0.8,0.7,0.4,0.1,0,0.2,0.1,0.1,0.1,0.06,0,0,0.2,0,0,0
222,Idrissa Gueye,Everton,82.78,86.5,45.92,58.87,60.24,17.65,0,72c812f3,37,35,3063,0.68,3.62,0.68,45.02,21.52,0.8,0.95,30.75,35.55,0.98,0.45,3.32,2,1.2,0.22,0.98,1.2,0.9,4.85,2.48,1.02,0.02,1.5,0.1,0.68,0.12,0.03,0.05,0.48,0.68,0,0,0
223,James Garner,Everton,75.9,76.09,36.71,58.48,65.82,34,0,4e015693,21,17,1594,0.62,2.08,1.25,40.71,19.92,0.67,0.38,25.46,33.46,0.79,0.29,1.96,1.29,0.83,0.17,0.67,0.96,1.54,3.04,1.71,0.71,0,1.62,0.21,0.5,0.17,0.03,0.06,0.54,0.79,0,0,0
224,Jack Harrison,Everton,61.06,62.82,32,32.61,68.75,24.14,0,aa849a12,34,24,2076,1.46,1.02,2.54,18.96,10.48,1.04,0.82,8.28,13.18,1.5,0.48,0.64,0.44,0.36,0.04,0.32,0.2,0.7,1.46,0.92,0.62,0.04,1.14,0.08,0.58,0.14,0.07,0.06,0.66,0.72,0.08,0,0
225,Mason Holgate,Everton,6,100,0,0,0,0,0,d0042ab9,1,0,6,0,0,0,0.2,0.07,0.07,0,0.13,0.13,0,0,0,0,0,0,0,0,0,0,0,0,0,0,0,0,0,0,0,0,0,0,0,0
226,Tim Iroegbunam,Everton,31.89,72.78,40,60.87,48.28,0,0,84c5ceea,18,5,574,0.16,0.3,0.18,5.38,2.54,0.22,0.36,2.3,3.16,0.4,0.16,0.58,0.28,0.36,0.08,0.28,0.32,0.24,1.02,0.46,0.18,0.02,0.2,0.02,0.1,0,0,0,0.06,0.2,0,0,0
228,Michael Keane,Everton,74.93,82.77,0,53.19,74.67,40.32,0,c5b7c315,14,11,1049,0.06,0.88,0.19,32.06,14.31,0.12,0.12,19.5,23.56,0.06,0,0.75,0.56,0.88,0.62,0.25,1,4.06,1.62,0.94,0.44,0.12,0.38,0,0.62,0.25,0.04,0,0.12,0.06,0,0,0
230,Dwight McNeil,Everton,65.29,74.45,53.42,42.67,63.04,40.45,0,fc15fb84,21,15,1371,1.36,2.46,2.86,26.71,15.82,0.93,1.18,16.46,22.11,1.61,0.86,0.46,0.29,0.25,0,0.25,0.21,0.07,2.71,0.75,0.43,0.04,2.57,0.36,0.89,0.36,0.04,0.15,1.32,1.21,0.04,0,0
231,Vitalii Mykolenko,Everton,88.06,74.58,40.35,51.88,60.56,7.5,0,30d4a2e5,35,35,3082,0.94,3.14,2.83,47.94,19.91,0.66,0.31,28.17,37.77,0.57,0.23,1.8,1.09,0.71,0.29,0.43,1.26,4.14,2.51,1.6,0.77,0.06,1.23,0.11,0.4,0.03,0.01,0.06,0.69,0.8,0.09,0,0
232,Iliman Ndiaye,Everton,73.64,81.79,47.49,44.72,53.03,43.18,0,5ed97752,33,29,2430,2.15,1.48,3.05,27.1,15.52,1.38,1.1,15.05,18.4,3.58,1.7,1.32,0.7,0.75,0.12,0.62,0.5,0.6,4.3,1.23,0.68,0.02,1.62,0.2,0.88,0.38,0.16,0.03,0.45,1.1,0.12,0,0
234,Nathan Patterson,Everton,70.33,0,0,0,0,0,0,230f0471,3,3,211,0,0,0,0,0,0,0,0,0,0,0,0,0,0,0,0,0,0,0,0,0,0,0,0,0,0,0,0,0,0,0,0,0
235,Jordan Pickford,Everton,90,66.29,0,40,0,0,71.79,4806ec67,38,38,3420,0,0,0,44.95,26.03,0.05,0,27.82,41.97,0,0,0.03,0,0,0,0,0.03,0.79,0.95,0.05,0.03,0.05,0.34,0.05,0,0,0,0.01,0.05,0,0,4.29,3.08
236,James Tarkowski,Everton,88.55,81.02,71.43,61.86,62.37,26.67,0,15ea812b,33,33,2922,0.27,2.27,0.09,51.7,22.03,0.39,0.21,31.67,39.09,0.21,0.15,1.94,1.21,1.73,1.27,0.45,1.24,6.45,2.97,1.18,0.45,0.12,1.15,0.12,0.45,0.12,0.04,0.07,0.48,0.3,0.06,0,0
237,Youssef Ramalho Chermiti,Everton,64,0,0,0,0,0,0,890f108d,1,1,64,0,0,0,0,0,0,0,0,0,0,0,0,0,0,0,0,0,0,0,0,0,0,0,0,0,0,0,0,0,0,0,0,0
238,Ashley Young,Everton,58.59,70.87,34.15,61.21,56.78,50,0,be927d03,32,19,1875,0.49,1.84,0.65,24.37,9.94,0.22,0.02,14.45,20.39,0.41,0.14,1.18,0.67,0.29,0.08,0.2,0.51,1.31,1.53,1.16,0.45,0.04,0.96,0.12,0.12,0.06,0.01,0.06,0.53,0.53,0,0,0
450,Carlos Alcaraz Durán,Everton,50.93,80.64,50.72,26.19,45.24,42,0,4abac767,15,7,764,0.73,1.62,0.81,14.54,8.12,0.54,0.5,8.62,10.69,0.69,0.35,0.42,0.19,0.35,0.08,0.27,0.19,0.38,1.42,0.42,0.31,0,1.27,0.23,1,0.42,0.07,0.03,0.5,0.81,0.04,0,0
577,Jesper Lindstrøm,Everton,49.56,69.4,18.75,34.43,56,35.48,0,37dc1a48,25,15,1239,0.67,0.56,1.8,13.89,6.71,0.69,0.53,6.6,9.51,0.96,0.18,1,0.56,0.33,0.07,0.27,0.27,0.38,1.56,1.22,0.8,0,1.02,0.02,0.62,0.22,0.05,0.04,0.42,0.42,0.02,0,0
582,Jake O'Brien,Everton,78.55,79.61,40,68.42,65.25,51.85,0,25f2ef01,20,17,1571,0.32,2.27,1.14,40.91,17.77,0.23,0.23,26.23,32.95,0.45,0.18,1.18,0.77,0.77,0.18,0.59,0.18,4.23,2.36,1.14,0.36,0,0.73,0,0.27,0.14,0.04,0.01,0.27,0.27,0.14,0,0
603,Harrison Armstrong,Everton,16,46.81,100,0,0,0,0,de59e609,3,0,48,0.06,0.06,0,1.25,0.94,0.12,0.19,0.44,0.94,0.06,0.06,0,0,0,0,0,0,0.06,0.12,0.06,0.06,0,0.06,0,0.06,0,0.02,0,0.06,0.12,0,0,0
627,Roman Dixon,Everton,90,57.98,0,100,100,0,0,6fba4dba,1,1,90,0,0,0.33,12,5.33,0.67,0,3.67,6.33,1,0,1.67,1.67,0.33,0,0.33,0.33,1,2,1.33,0,0,0,0,0,0,0,0,0,0,0,0,0
651,Orel Mangala,Everton,66.37,89.18,58.33,62.5,50,37.5,0,a572e291,19,14,1261,0.24,1.36,0.76,24.84,11.92,0.48,0.48,17.48,19.6,0.96,0.56,0.64,0.32,0.32,0.12,0.2,0.84,0.96,1.96,0.32,0.12,0.04,0.96,0.04,0.64,0.24,0.04,0.02,0.32,0.24,0.08,0,0
10,Reiss Nelson,Fulham,44.27,86.62,37.11,38.98,75,49.09,0,c5bdb6e3,11,5,487,2.05,1.59,2.86,15.77,11.77,0.64,0.36,10.55,12.18,1.59,0.59,0.36,0.27,0.5,0,0.5,0.23,0.09,1.32,0.59,0.36,0,1.41,0.05,0.55,0.27,0.05,0.05,0.59,1.14,0.05,0,0
19,Emile Smith Rowe,Fulham,60.09,90.13,45.71,33.33,58.06,29.73,0,17695062,34,25,2043,1.06,2.52,2.54,24.46,15.58,0.72,0.36,18.44,20.46,0.7,0.32,0.62,0.36,0.44,0.04,0.4,0.22,0.32,1.5,0.48,0.32,0,1.46,0.24,0.74,0.22,0.09,0.04,0.48,0.8,0.08,0,0
191,Joachim Andersen,Fulham,89.07,82.69,66.67,62.65,66.67,21.21,0,e34fc66d,29,29,2583,0.55,3.86,0.07,80.55,46.55,0.21,0.1,57.03,68.97,0.21,0.14,0.93,0.62,1.28,0.97,0.31,1.17,6.48,4.21,0.83,0.31,0.03,1.21,0.07,0.66,0.14,0.03,0.02,0.14,0.48,0,0,0
239,Adama Traoré,Fulham,49.22,72.2,49.66,40,64.52,30,0,9a28eba4,36,18,1772,1.54,1.05,2.48,12.32,8.28,0.57,0.38,6.52,9.03,1.49,0.74,0.31,0.2,0.11,0,0.11,0.02,0.09,1.34,0.2,0.12,0.06,1.26,0.15,0.6,0.18,0.06,0.07,0.65,0.69,0.02,0,0
240,Andreas Hoelgebaum Pereira,Fulham,61,69.07,46.77,23.86,54,21.52,0,6639e500,33,25,2013,0.6,2.17,1.69,23.92,12.04,0.6,0.46,13.96,20.21,0.62,0.29,0.5,0.27,0.35,0.04,0.31,0.17,0.35,2.08,0.88,0.67,0.06,2.17,0.17,0.79,0.17,0.08,0.1,1.19,0.79,0.02,0,0
241,Calvin Bassey,Fulham,87.83,89.75,45.74,70.79,62.99,27.5,0,a36524bf,35,34,3074,1.11,3.31,0.43,70.37,44.89,0.97,0.23,55.26,61.57,0.94,0.43,1.54,0.97,1.14,0.49,0.66,0.57,3.37,4.8,0.89,0.26,0.23,0.66,0.09,0.4,0.11,0.03,0.01,0.09,0.57,0.06,0,0
243,Tom Cairney,Fulham,25.12,90.77,40,62.5,40,33.33,0,a8748947,25,3,628,0.2,0.6,0.37,7.67,5.12,0.07,0.04,6.39,7.04,0.15,0.06,0.15,0.06,0.08,0.01,0.07,0.04,0.03,0.58,0.08,0.03,0.01,0.37,0.03,0.12,0.04,0.01,0.01,0.12,0.19,0,0,0
244,Timothy Castagne,Fulham,68.71,81.85,41.03,57.93,63.51,38.46,0,197640fd,24,17,1649,0.55,2,2.16,37.55,17.65,0.48,0.16,25.16,30.74,0.39,0.16,1.48,0.94,0.48,0.19,0.29,0.71,2.68,1.84,1.45,0.61,0,0.81,0.1,0.26,0.1,0.01,0.02,0.29,0.48,0.03,0,0
245,Issa Diop,Fulham,63.76,87.45,42.86,72.58,45.56,41.18,0,a712ca2b,21,15,1339,0.21,0.86,0.1,31.14,18.38,0.31,0.07,22.86,26.14,0.07,0.03,0.9,0.41,0.34,0.24,0.1,0.31,2.48,1.55,0.62,0.17,0.07,0.21,0,0.17,0.07,0.02,0,0.1,0.07,0,0,0
247,Alex Iwobi,Fulham,78.45,75.05,49.56,64.56,56.86,42.41,0,6ca5ec4b,38,35,2981,3.35,4.95,5.72,43.28,30.51,1.44,0.93,26.74,35.63,2.26,1.12,1.02,0.58,0.6,0.02,0.58,0.33,0.67,3.26,0.79,0.28,0.02,2.84,0.37,1.58,0.67,0.11,0.16,1.37,2.44,0.12,0,0
248,Bernd Leno,Fulham,90,81.84,0,100,100,0,66.75,2628fd2b,38,38,3420,0,0,0,38.92,25.13,0,0,30.24,36.95,0,0,0.05,0.05,0.03,0,0.03,0,0.29,1.32,0.05,0,0.13,0.16,0.05,0,0,0,0,0.05,0,0,4.18,2.79
249,Saša Lukić,Fulham,78.13,87.29,48,41.98,57.5,11.32,0,c6e8cf1f,30,28,2344,1.15,2.88,0.97,43.91,24.26,0.68,0.24,32.35,37.06,0.5,0.24,2,1.15,0.59,0.21,0.38,0.82,1.03,3.21,1.62,0.94,0.03,1.62,0.12,0.53,0.06,0.04,0.04,0.76,1.18,0,0,0
251,Rodrigo Muniz Carvalho,Fulham,31.1,64.38,35,100,54.55,47.73,0,a755db8c,31,8,964,0.07,0.3,0.35,3.49,1.76,0.53,0.27,1.03,1.6,0.2,0.07,0.11,0.06,0.1,0.02,0.08,0.06,0.16,0.16,0.04,0,0,0.19,0.02,0.44,0.21,0.07,0,0.08,0.04,0.03,0,0
252,Raúl Jiménez,Fulham,65.63,71.22,41.67,35.71,68.66,32.4,0,b561db50,38,30,2494,0.67,1.19,2.4,19.21,10.56,1.42,0.87,8.81,12.37,0.96,0.4,0.67,0.46,0.4,0.1,0.31,0.19,0.44,1.54,0.42,0.27,0.06,1.27,0.13,1.79,0.58,0.23,0.04,0.46,0.46,0.29,0,0
254,Harrison Reed,Fulham,9,69.57,0,0,40,100,0,803ae100,12,0,108,0.01,0.03,0.06,0.65,0.26,0.02,0.02,0.32,0.46,0.02,0,0.05,0.02,0.01,0,0.01,0.01,0.02,0.08,0.02,0.02,0,0.01,0,0.02,0.02,0,0,0.01,0.01,0,0,0
255,Antonee Robinson,Fulham,87.97,76.83,45.89,47.35,64.02,13.64,0,289601e6,36,35,3167,3.28,3.64,7.61,70.08,37.31,1.22,0.56,44.31,57.67,2.31,1.06,2.64,1.69,1.19,0.25,0.94,1.72,3.69,4.36,2.64,1.39,0.06,2.22,0.31,0.44,0.06,0.02,0.11,1.19,1.69,0.19,0,0
256,Jay Stansfield,Fulham,72.51,0,0,0,0,38.84,0,b2626673,37,31,2683,0,0,0,0,0,0,0,0,0,0,0,0,0.73,0,0,0,0.13,0,0,0,0,0,0,0,2.24,0.87,0,0,0,0,0.27,0,0
257,Kenny Tete,Fulham,80.64,80.77,45.78,60.76,67.81,8,0,77d7c96f,22,21,1774,1.42,2.62,2.25,50.21,25.46,0.71,0.42,32.17,39.83,0.83,0.38,2.33,1.58,1.29,0.5,0.79,1.33,2.79,3.08,1.58,0.62,0,1.5,0.17,1,0.08,0.06,0.03,0.38,0.88,0.04,0,0
258,Carlos Vinícius Alves Morais,Fulham,5.33,33.33,100,0,0,100,0,8b529245,3,0,16,0.02,0,0.06,0.14,0.14,0.02,0,0.02,0.06,0.02,0.02,0,0,0.02,0,0.02,0,0,0,0.02,0.02,0,0.04,0,0.02,0.02,0,0,0,0,0,0,0
259,Harry Wilson,Fulham,46.48,73.25,38,68.42,69.05,38.89,0,c6dc9ecd,25,12,1162,0.46,1.06,2,12.46,7.12,0.4,0.12,6.79,9.27,0.5,0.19,0.42,0.29,0.31,0.02,0.29,0.15,0.21,1.15,0.38,0.12,0.02,0.92,0.06,0.9,0.35,0.09,0.02,0.42,0.38,0.02,0,0
579,Ryan Sessegnon,Fulham,36.25,78.48,38.89,45.1,47.83,58.33,0,6aa3e78b,16,7,580,0.46,0.56,1.51,9.31,4.62,0.49,0.21,4.85,6.18,0.54,0.21,0.69,0.33,0.33,0.03,0.31,0.08,0.46,0.77,0.51,0.28,0,0.62,0.1,0.36,0.21,0.04,0.03,0.31,0.36,0.03,0,0
586,Jorge Cuenca Barreno,Fulham,43.88,83.81,100,38,31.58,0,0,0abc51f2,8,4,351,0,0.62,0,13.38,5.56,0.12,0,9.06,10.81,0.12,0.12,0.38,0.12,0.25,0.25,0,0.12,1.62,0.62,0.5,0.31,0,0.06,0,0.06,0,0,0,0,0.06,0,0,0
604,Josh King,Fulham,16.25,84.83,50,0,68.75,0,0,86109b3b,8,1,130,0.07,0.2,0.36,1.98,1,0.02,0.14,1.23,1.45,0.18,0.09,0.16,0.11,0.07,0,0.07,0.02,0.02,0.11,0.07,0.07,0,0.18,0.05,0.07,0,0.01,0.02,0.07,0.09,0,0,0
605,Martial Godo,Fulham,12,70.8,25.93,0,0,0,0,e0eea46f,2,0,24,0.13,0.2,0.4,1.67,1.2,0,0,0.8,1.13,0.27,0.07,0,0,0.07,0,0.07,0.07,0,0.07,0,0,0,0.07,0,0,0,0,0.01,0.07,0,0,0,0
622,Sander Berge,Fulham,71.74,91.46,54.72,68.93,59.85,37.5,0,d0b6129f,31,26,2224,0.76,3.26,0.24,36.42,21.16,0.39,0.42,28.71,31.39,0.53,0.29,1.32,0.79,0.71,0.21,0.5,0.55,1,3.32,1.03,0.32,0.03,1.26,0.05,0.08,0.03,0.01,0.02,0.47,0.66,0,0,0
772,Willian Borges da Silva,Fulham,54.83,0,0,0,0,0,0,8b9ebd03,6,2,329,0,0,0,0,0,0,0,0,0,0,0,0,0,0,0,0,0,0,0,0,0,0,0,0,0,0,0,0,0,0,0,0,0
121,Julio Enciso,Ipswich,66.85,68.95,45.36,36.92,74.65,34.57,0,9cfbad36,13,12,869,1.35,1.65,2.59,23.88,12.06,1.41,1.76,10.06,14.59,3.88,1.76,0.71,0.53,0.47,0.06,0.41,0.06,0.35,2.53,0.65,0.41,0,1.71,0.24,1.88,0.65,0.1,0.06,0.76,1.47,0,0,0
260,Ali Al-Hamadi,Ipswich,12.18,83.78,55.56,0,0,0,0,8450467d,11,0,134,0.05,0.04,0.17,0.65,0.36,0.09,0.05,0.31,0.37,0.09,0.05,0.01,0,0,0,0,0,0.02,0.05,0.02,0.02,0,0.1,0,0.05,0,0,0,0.02,0.04,0.01,0,0
262,Nathan Broadhead,Ipswich,39,78.06,49.4,24.14,45.45,62.5,0,43309491,18,7,702,0.49,0.34,0.8,7.73,4.24,0.46,0.37,4.34,5.56,0.83,0.41,0.22,0.1,0.2,0.02,0.17,0.1,0.12,0.78,0.29,0.22,0,0.54,0.05,0.32,0.2,0.04,0.03,0.17,0.39,0.05,0,0
263,Cameron Burgess,Ipswich,85.61,80.88,0,81.97,71.28,19.64,0,da61ca98,18,16,1541,0.11,2.33,0.22,54.56,23.89,0.17,0,34.78,43,0,0,0.94,0.67,1.11,0.83,0.28,0.78,7.11,2.44,0.61,0.11,0.17,0.78,0.17,0.56,0.11,0.06,0.02,0.39,0.22,0.06,0,0
265,Conor Chaplin,Ipswich,38.95,73.67,50,42.86,33.33,18.75,0,4ec55b87,22,10,857,0.26,0.58,0.46,7.8,3.58,0.24,0.1,4.7,6.38,0.16,0.08,0.3,0.1,0.16,0.02,0.14,0.08,0.06,0.54,0.28,0.16,0,0.44,0.02,0.32,0.06,0.03,0.01,0.16,0.18,0,0,0
266,Harry Clarke,Ipswich,78.67,75.93,74.63,57.26,59.88,51.52,0,a64f2573,6,6,472,1.17,3.5,1.83,50.83,23,1.17,0.17,30.5,40.17,0.67,0.5,1.67,1,1.33,0.83,0.5,0.67,3.83,1.5,1.17,0.5,0,2,0,0.33,0.17,0.03,0.05,1,1.33,0,0,0
267,Leif Davis,Ipswich,83.12,71.57,33.94,62.77,58.78,13.04,0,8574c61f,33,32,2743,1.49,1.69,3.91,44.63,20.23,1.06,0.46,26.26,36.69,1.09,0.37,1.31,0.77,0.71,0.23,0.49,0.71,2.2,3.23,1.37,0.51,0.09,2.66,0.11,0.46,0.06,0.03,0.13,1.74,0.89,0.14,0,0
268,Liam Delap,Ipswich,70.08,61.32,46.45,12.5,73.91,44.29,0,dd897ee7,37,32,2593,1.3,0.64,2.34,14.51,9.47,2.21,1.28,4.66,7.6,1.83,0.85,0.23,0.17,0.17,0,0.17,0.04,0.6,1.45,0.32,0.28,0,1.32,0.15,1.4,0.62,0.2,0.03,0.45,0.98,0.3,0,0
269,George Edmundson,Ipswich,87.08,89.65,48,73.42,78.13,17.39,0,46ff3923,24,24,2090,0.71,3.79,0.04,71.58,43.25,0.38,0.08,55.96,62.42,0.25,0.12,0.96,0.75,0.71,0.42,0.29,0.92,5.04,4.04,0.79,0.21,0.12,0.54,0.08,0.46,0.08,0.1,0.01,0.12,0.62,0.08,0,0
270,Jacob Greaves,Ipswich,88.2,85.82,66.67,62.86,52.5,40,0,1f169636,25,25,2205,0.44,2.76,0.44,56.16,24.76,0.4,0.08,38.48,44.84,0.24,0.16,1.6,0.84,1.64,1.04,0.6,0.84,5.92,2.44,1.4,0.52,0.12,0.8,0.04,0.4,0.16,0.05,0.01,0.2,0.44,0.04,0,0
271,Marcus Myers-Harness,Ipswich,57.46,59.93,38,51.43,53.19,25,0,90e9ca3d,41,26,2356,0.41,1.27,1.73,16.36,7,0.94,0.72,6.58,10.98,0.5,0.19,0.94,0.5,0.59,0.11,0.48,0.2,0.52,1.66,0.7,0.34,0,0.86,0.11,0.56,0.14,0.06,0.03,0.39,0.36,0.09,0,0
272,George Hirst,Ipswich,25.42,56.39,28.57,25,100,53.33,0,78e87179,26,5,661,0.1,0.14,0.34,2.04,1.1,0.23,0.17,0.75,1.33,0.07,0.02,0.03,0.03,0.01,0.01,0,0.02,0.11,0.13,0.04,0.03,0,0.1,0.03,0.15,0.08,0.02,0,0.04,0.02,0.03,0,0
274,Omari Giraud-Hutchinson,Ipswich,83.32,77.96,37.35,26.9,40.21,40.44,0,bd9553e6,31,30,2583,2.94,2.27,4.82,38.15,23.61,2.42,1.76,20.91,26.82,4.15,1.55,0.97,0.39,0.82,0.06,0.76,0.33,0.45,3.33,1.45,1.06,0.03,2.45,0.18,1.36,0.55,0.09,0.08,0.94,1.18,0.18,0,0
275,Ben Johnson,Ipswich,58.87,71.57,33.33,48.72,57.8,45,0,9319781b,23,14,1354,0.46,0.77,0.94,17.89,7.4,0.66,0.49,8.51,11.89,0.69,0.23,1.09,0.63,0.63,0.14,0.49,0.37,1.54,1.63,1.17,0.6,0.03,0.69,0.14,0.2,0.09,0.03,0.03,0.34,0.34,0.03,0,0
277,Massimo Luongo,Ipswich,18.27,76.23,0,60,64.71,0,0,967ac6e1,11,2,201,0,0.11,0.02,1.61,0.85,0.04,0.06,0.93,1.22,0,0,0.17,0.11,0.07,0.04,0.04,0.04,0.04,0.19,0.15,0.06,0,0,0,0,0,0,0,0,0,0,0,0
278,Sam Morsy,Ipswich,83.36,86.44,59.04,43.5,60.31,24.32,0,a23c0949,33,31,2751,0.63,3.43,0.37,48.09,24.34,0.49,0.37,35.69,41.29,0.83,0.49,1.94,1.17,0.97,0.37,0.6,0.83,1.34,4.49,1.77,1,0.14,1.46,0.06,0.37,0.09,0.01,0.04,0.69,0.69,0,0,0
281,Jack Taylor,Ipswich,26.88,82.95,40,44,47.37,22.22,0,48eed8d5,32,4,860,0.1,0.4,0.21,4.99,2.37,0.09,0.06,3.26,3.93,0.1,0.04,0.19,0.09,0.11,0.03,0.08,0.08,0.22,0.5,0.25,0.14,0,0.21,0.02,0.18,0.04,0.01,0.01,0.05,0.09,0,0,0
282,Axel Tuanzebe,Ipswich,77.73,83.78,40,65.38,61.29,0,0,2baec6ce,22,20,1710,0.4,2.44,0.6,38.84,16.08,0.44,0.04,27.28,32.56,0.4,0.16,1.24,0.76,0.84,0.4,0.44,0.92,2.24,1.96,1.04,0.36,0.04,0.76,0.08,0.16,0,0.01,0.01,0.2,0.28,0,0,0
283,Christian Walton,Ipswich,90,69.42,0,0,0,0,51.35,c666574f,7,7,630,0,0,0,38.86,20.43,0,0,25.29,36.43,0,0,0,0,0,0,0,0,0.29,0.86,0.14,0.14,0.14,0.29,0,0,0,0,0,0.14,0,0,5.57,2.86
284,Luke Woolfenden,Ipswich,79.13,88.26,0,37.93,66.04,0,0,e28e9bec,15,12,1187,0.41,0.88,0,40.82,21.65,0.24,0,29.18,33.06,0,0,0.53,0.35,1.24,0.82,0.41,1.12,4.47,2.24,0.29,0.18,0,0.12,0,0.06,0,0,0,0,0.18,0.06,0,0
359,Kalvin Phillips,Ipswich,65.11,79.14,41.3,38.67,54.07,19.05,0,4f565d77,19,14,1237,0.15,1.96,0.15,28.42,11.92,0.96,0.38,16.77,21.19,0.46,0.19,1.35,0.73,1.35,0.23,1.12,0.73,1.42,2.62,1.5,0.92,0.08,0.65,0.12,0.42,0.08,0.02,0.02,0.19,0.19,0,0,0
568,Arijanet Muric,Ipswich,90,71.71,0,0,0,0,66.91,99aa1a84,18,18,1620,0,0.06,0,38.28,22.5,0.17,0.06,25.22,35.17,0,0,0,0,0,0,0,0,0.56,1.44,0.11,0.11,0.28,0.06,0,0,0,0,0,0,0,0,5.56,3.72
569,Jaden Philogene,Ipswich,47.4,72.53,28,53.01,50,41.79,0,19f4d211,10,5,474,0.72,0.56,2,12.22,7.06,0.61,0.56,5.28,7.28,1,0.28,0.78,0.39,0.61,0.06,0.56,0.56,0.5,1.28,0.83,0.39,0.06,0.5,0,0.67,0.28,0.11,0.01,0.28,0.17,0.06,0,0
583,Conor Townsend,Ipswich,55.83,63,0,72.95,72.95,0,0,4dc4f138,6,3,335,0.22,0.89,1.44,19.11,5.89,0.22,0.22,8.89,14.11,0,0,1.22,0.89,0.89,0.67,0.22,0.44,1.78,0.89,1.22,0.33,0,0.56,0.11,0.11,0,0,0.02,0.44,0.22,0,0,0
611,Sam Szmodics,Ipswich,49.6,74.19,33.33,26.39,63.64,56.9,0,39944392,20,13,992,0.44,0.53,1.31,8.83,4.97,0.67,0.47,4.14,5.58,0.33,0.11,0.44,0.28,0.28,0.06,0.22,0.17,0.39,1.17,0.72,0.53,0,0.28,0,0.58,0.33,0.09,0.01,0.14,0.22,0.22,0,0
619,Jens Cajuste,Ipswich,65.3,82.62,52.71,43.33,50.47,6.9,0,928a4a61,30,25,1959,0.63,1.44,0.49,24.8,11.73,0.56,0.41,15.78,19.1,1.29,0.68,1.07,0.54,0.61,0.24,0.37,0.68,0.8,2.61,1.2,0.68,0.05,0.88,0.05,0.29,0.02,0.02,0.02,0.32,0.56,0,0,0
630,Dara O'Shea,Ipswich,89.2,78.16,50,64.95,63.57,9.52,0,1d042188,35,35,3122,0.09,2.29,0.23,57.77,25.63,0.34,0.11,35.26,45.11,0.06,0.03,1.4,0.89,1.77,1.43,0.34,0.94,6.43,3.14,0.97,0.34,0.11,0.69,0.11,0.63,0.06,0.04,0.02,0.09,0.06,0.09,0,0
631,Jack Clarke,Ipswich,36.91,76.79,50,50,63.41,13.64,0,e16932d8,32,12,1181,0.5,0.56,0.73,7.09,3.99,0.32,0.28,3.87,5.04,0.64,0.32,0.41,0.26,0.12,0,0.12,0.09,0.37,0.96,0.44,0.22,0.03,0.64,0.06,0.22,0.03,0.02,0.02,0.36,0.27,0.04,0,0
632,Chiedozie Ogbene,Ipswich,47.6,74.48,14.1,50,42.31,0,0,788c0277,5,3,238,0.78,0,1.67,7.78,4.56,0.44,0.22,3.56,4.78,0.78,0.11,0.78,0.33,0.11,0,0.11,0.11,0.33,0.67,0.44,0.22,0,0.33,0,0,0,0,0,0.22,0.22,0.11,0,0
715,Ben Godfrey,Ipswich,53,82.46,0,100,0,0,0,9f7c837d,3,2,159,0.4,0.8,0.2,13.6,6.6,0.4,0.2,9.4,11.4,0,0,0.2,0,0.2,0.2,0,0.4,0.6,0.4,0.2,0,0,0.2,0,0,0,0,0,0,0.4,0,0,0
764,Alex Palmer,Ipswich,90,70.68,0,0,0,0,60.62,6ea97fd5,13,13,1170,0,0.08,0,36.15,16.15,0.15,0,23,32.54,0,0,0,0,0,0,0,0,0.92,1.31,0,0,0,0.23,0,0,0,0,0,0.08,0,0,5.46,3.31
117,Facundo Buonanotte,Leicester,49.13,76.4,33.78,31.67,60,32.81,0,468a7a91,31,14,1523,0.7,0.96,1.32,15.61,8.55,1.04,0.7,7.8,10.21,1.48,0.5,0.95,0.57,0.61,0.11,0.5,0.21,0.25,1.41,1.2,0.82,0,0.91,0.09,0.64,0.21,0.07,0.04,0.43,0.46,0.05,0,0
192,Jordan Ayew,Leicester,54.6,74.23,40.46,29.79,56.36,25.4,0,da052c14,30,19,1638,1,0.94,1.76,16.29,9.78,1.29,0.82,8.18,11.02,1.31,0.53,0.55,0.31,0.43,0.04,0.39,0.24,0.39,1.9,0.47,0.33,0,0.84,0.04,0.63,0.16,0.07,0.03,0.33,0.76,0.14,0,0
198,Odsonne Edouard,Leicester,7.25,75,50,0,100,0,0,0562b7f1,4,0,29,0,0.02,0.04,0.41,0.22,0.14,0.04,0.12,0.16,0.04,0.02,0.02,0.02,0,0,0,0,0.02,0.02,0,0,0,0.04,0,0,0,0,0,0.02,0,0,0,0
285,Boubakary Soumaré,Leicester,70.03,86.95,60,63.53,53.68,0,0,ae59b359,31,25,2171,0.87,2.69,0.59,36.95,21.72,0.62,0.56,27.51,31.64,1.15,0.69,0.95,0.51,0.56,0.26,0.31,0.69,0.87,3.59,0.85,0.31,0.1,0.9,0.08,0.18,0,0.01,0.03,0.28,0.49,0,0,0
287,Hamza Choudhury,Leicester,69.06,80.46,66.67,62.5,67.65,20,0,7d2d3329,16,13,1105,0.15,2.15,0.5,37.7,19.3,0.45,0.15,24.5,30.45,0.3,0.2,1.7,1.15,0.75,0.3,0.45,1.4,1.75,2.7,1.2,0.45,0.05,0.4,0,0.25,0.05,0.01,0,0.05,0.35,0,0,0
288,Conor Coady,Leicester,77.91,91.14,50,50,69.23,100,0,2928dca2,22,19,1714,0.12,1.28,0,48.4,31.56,0.16,0.12,39.08,42.88,0.08,0.04,0.52,0.36,1.28,0.96,0.32,0.52,2.84,2.48,0.24,0.12,0.08,0.24,0,0.08,0.08,0.02,0.02,0.04,0.12,0.04,0,0
289,Patson Daka,Leicester,32,72.17,13.04,39.29,53.33,26.09,0,ca45605e,23,6,736,0.17,0.12,0.56,3.94,2.2,0.31,0.19,1.66,2.3,0.23,0.03,0.3,0.16,0.11,0.02,0.09,0.02,0.19,0.28,0.28,0.17,0,0.16,0.02,0.23,0.06,0.02,0,0.02,0.11,0.05,0,0
290,Bobby De Cordova-Reid,Leicester,32.35,70.34,0,27.27,42.86,45.45,0,0f7533cd,23,9,744,0.22,0.24,0.76,4.32,2.76,0.17,0.16,2.3,3.27,0.16,0,0.14,0.06,0.1,0.02,0.08,0,0.16,0.46,0.22,0.16,0,0.21,0.05,0.11,0.05,0.01,0,0.1,0.08,0.06,0,0
291,Wout Faes,Leicester,82.79,87.98,82.35,51.88,61.54,9.09,0,9c221d14,34,30,2815,0.33,2.39,0.03,52.94,30.75,0.47,0.17,38.22,43.44,0.17,0.14,1.17,0.72,1.33,0.97,0.36,0.72,5.14,2.5,1.33,0.64,0.11,0.47,0,0.33,0.03,0.04,0.01,0.11,0.36,0.03,0,0
293,Mads Hermansen,Leicester,88.33,60.95,100,100,100,0,63.94,c924b17d,27,27,2385,0,0.04,0,42.48,27.19,0.04,0,24.22,39.74,0.04,0.04,0.04,0.04,0.04,0,0.04,0,0.48,0.63,0.04,0,0.15,0.11,0,0,0,0,0,0,0,0,5.74,3.67
295,James Justin,Leicester,80.89,78.19,29.33,58.7,63.45,24.19,0,fb614c44,36,34,2912,0.98,2.28,2.4,48.7,21.65,0.78,0.38,30.12,38.52,0.75,0.22,1.45,0.92,1.2,0.42,0.78,1.15,3.52,2.2,1.38,0.57,0.08,0.82,0.05,0.62,0.15,0.04,0.02,0.35,0.68,0.05,0,0
296,Victor Kristiansen,Leicester,82.73,77.45,44.64,53.87,58.46,0,0,505486d6,30,29,2482,1.25,2.19,2.44,50.44,25.5,0.47,0.41,31.97,41.28,0.56,0.25,2.72,1.59,1.19,0.47,0.72,1.31,2.34,3.09,2.84,1.31,0.09,1.31,0.09,0.09,0,0.01,0.05,0.56,0.81,0.09,0,0
298,Stephy Mavididi,Leicester,53.83,75.04,36.84,33.33,55.88,26.92,0,30144daa,30,16,1615,1.82,1.14,2.76,17.26,11.66,0.78,0.7,9.2,12.26,1.9,0.7,0.68,0.38,0.52,0.04,0.48,0.22,0.3,1.66,0.84,0.56,0,1,0.14,0.52,0.14,0.04,0.07,0.44,0.8,0.06,0,0
299,Kasey McAteer,Leicester,47.33,72.6,24.32,48.24,69.12,55.26,0,b2c66859,18,9,852,0.56,0.41,2.09,11.15,6.59,0.59,0.47,5.38,7.41,0.74,0.18,0.68,0.47,0.53,0.06,0.47,0.15,0.44,1.32,0.85,0.44,0,0.59,0.06,0.38,0.21,0.03,0.02,0.26,0.32,0.09,0,0
300,Wilfred Ndidi,Leicester,83,80.3,39.09,49.26,60.07,36.99,0,6b47c5db,28,28,2324,0.6,2.33,2.5,46.67,22.33,1.23,1.1,27.97,34.83,1.1,0.43,2.83,1.7,1.57,0.63,0.93,1.03,2.67,4.23,2.03,1.03,0,1.03,0.13,0.73,0.27,0.07,0.05,0.57,0.77,0.1,0,0
301,Caleb Okoli,Leicester,59.21,86.26,0,60.94,56.18,50,0,8ec109e6,19,12,1125,0.11,1.14,0.07,28.79,16.71,0.36,0.07,19.96,23.14,0,0,0.89,0.5,0.86,0.5,0.36,0.54,2.82,1.57,0.64,0.25,0.11,0.14,0,0.14,0.07,0.02,0.01,0,0.21,0,0,0
302,Ricardo Barbosa Pereira,Leicester,38.8,83.49,66.67,50.82,61.4,44.44,0,75a72a99,10,4,388,0.13,0.78,0.22,12.87,6.57,0.13,0.04,9,10.78,0.39,0.26,0.57,0.35,0.35,0.13,0.22,0.17,0.48,0.83,0.61,0.3,0,0.13,0,0.09,0.04,0,0,0,0.13,0,0,0
304,Jakub Stolarczyk,Leicester,90,0,0,0,0,0,0,a4a76b3d,1,1,90,0,0,0,0,0,0,0,0,0,0,0,0,0,0,0,0,0,0,0,0,0,0,0,0,0,0,0,0,0,0,0,0,0
305,Luke Thomas,Leicester,79.29,78.39,50,51.28,80.68,0,0,fc027d02,14,13,1110,0.33,2.47,1.07,51.67,24.73,0.8,0.27,32.87,41.93,0.4,0.2,2.07,1.67,1,0.4,0.6,1.4,3.27,2.8,2.73,1.33,0.07,1.07,0.07,0.33,0,0.03,0.03,0.6,0.53,0,0,0
306,Jamie Vardy,Leicester,80.66,66.4,47.46,30.3,67.35,40.97,0,45963054,35,35,2823,0.74,0.56,3.08,15.03,7.31,0.87,0.36,6.62,9.97,0.59,0.28,0.49,0.33,0.21,0.1,0.1,0.13,0.62,1,0.33,0.23,0,1.21,0.26,1.44,0.59,0.29,0.07,0.49,0.33,0.69,0,0
307,Jannik Vestergaard,Leicester,77.28,90.72,100,60,45.45,66.67,0,1900032e,18,16,1391,0.15,1.6,0.1,54.6,33.6,0.1,0,43.5,47.95,0.2,0.2,1.1,0.5,1.05,0.7,0.35,0.8,3.7,2.3,0.75,0.3,0.05,0.35,0,0.15,0.1,0,0,0.15,0.15,0,0,0
308,Danny Ward,Leicester,67.5,77.36,0,0,0,0,40,d3ce0e89,2,1,135,0,0,0,27.5,22,0,0,20.5,26.5,0.5,0,0,0,0,0,0,0,0.5,0.5,0,0,0,0,0,0,0,0,0,0,0,0,5,2
309,Harry Winks,Leicester,69.91,87.08,25.58,42.99,45.35,38.89,0,2f7acede,22,17,1538,0.68,3.61,0.39,41.36,24.86,0.46,0.29,32.5,37.32,0.43,0.11,0.86,0.39,0.68,0.25,0.43,0.32,0.71,3.79,1.07,0.61,0,1.39,0.11,0.36,0.14,0.01,0.05,0.61,0.46,0,0,0
501,Oliver Skipp,Leicester,47.04,83.42,59.26,60.61,19.15,18.18,0,6250083a,24,10,1129,0.36,0.78,0.42,13.6,7.71,0.27,0.16,9.31,11.16,0.27,0.16,0.47,0.09,0.51,0.16,0.36,0.24,0.24,1.02,0.33,0.13,0.04,0.33,0,0.11,0.02,0.01,0.01,0.2,0.16,0,0,0
570,Abdul Fatawu,Leicester,52.64,62.43,42.04,58.49,70.94,38.89,0,bceda5ff,11,6,579,2.33,0.94,3.33,18.11,12.06,1,0.67,6.83,10.94,3.83,1.61,1.17,0.83,0.39,0,0.39,0.22,0.67,2.11,1.06,0.44,0,0.94,0.17,0.72,0.28,0.02,0.08,0.33,1.33,0.11,0,0
635,Bilal El Khannouss,Leicester,68.19,75.07,56.64,52.63,59.66,23.94,0,f7042636,32,27,2182,1.74,3.05,2.12,30.19,17.43,0.9,0.9,19,25.31,1.43,0.81,1.19,0.71,0.52,0.1,0.43,0.14,0.24,2.19,0.76,0.36,0.07,1.86,0.17,0.71,0.17,0.03,0.07,1,1.07,0.02,0,0
726,Woyo Coulibaly,Leicester,27.25,84.25,0,100,67.39,53.33,0,beb6e3a6,4,1,109,0.31,0.23,0.15,5.85,3.69,0.31,0,3.69,4.38,0.08,0,0.46,0.31,0.23,0.08,0.15,0.38,0.08,1.08,0.15,0,0,0,0,0.15,0.08,0,0,0,0.15,0,0,0
310,Alisson Ramses Becker,Liverpool,89.57,82.8,100,0,0,0,73.11,7a2e46a8,28,28,2508,0,0.04,0,36.11,23.46,0.04,0,28.36,34.25,0.04,0.04,0.04,0,0,0,0,0,0.46,1.68,0.04,0.04,0.04,0.25,0.04,0,0,0,0.01,0.04,0,0,3.57,2.61
311,Trent Alexander-Arnold,Liverpool,71.67,73.48,45.56,46.48,69.32,18.18,0,cd1acf9d,33,28,2365,1.24,5.66,2.29,54.95,28.88,0.46,0.37,35.32,48.07,0.9,0.41,1.76,1.22,0.63,0.22,0.41,0.76,1.34,3.22,2.56,1.37,0.1,2.39,0.24,1.1,0.2,0.05,0.18,1.27,0.88,0.02,0,0
313,Conor Bradley,Liverpool,39.68,83.79,39.66,49.02,69.7,30.43,0,bbd67769,19,7,754,0.81,0.77,0.91,15.42,8.58,0.3,0.12,10.6,12.65,0.58,0.23,0.33,0.23,0.21,0.05,0.16,0.09,0.72,1.19,0.51,0.26,0,0.44,0.09,0.23,0.07,0.02,0.03,0.16,0.51,0.02,0,0
316,Darwin Núñez Ribeiro,Liverpool,37.77,70.99,34.38,40,83.33,37.5,0,4d77b365,30,8,1133,0.32,0.38,1.1,5.15,2.83,0.34,0.3,2.3,3.24,0.32,0.11,0.3,0.25,0.08,0,0.08,0.06,0.17,0.58,0.25,0.15,0,0.44,0.06,0.48,0.18,0.08,0.01,0.15,0.27,0.17,0,0
317,Diogo Teixeira da Silva,Liverpool,46,69.68,33.33,36.84,57.14,25.49,0,178ae8f8,26,14,1196,0.74,0.68,1.76,9.7,5.26,0.8,0.44,4.32,6.2,0.66,0.22,0.28,0.16,0.18,0,0.18,0.16,0.12,0.82,0.38,0.24,0,0.74,0.18,1.02,0.26,0.16,0.02,0.22,0.46,0.02,0,0
319,Harvey Elliott,Liverpool,20.61,82.35,41.67,20,66.67,22.73,0,b9e1436c,18,2,371,0.13,0.56,0.38,4.35,2.41,0.06,0.05,3.08,3.74,0.12,0.05,0.06,0.04,0.09,0.03,0.06,0.01,0.04,0.19,0.1,0.08,0.01,0.27,0.04,0.22,0.05,0.02,0.01,0.13,0.14,0.01,0,0
320,Endo Wataru,Liverpool,13.65,93.92,100,62.5,66.67,0,0,c149016b,20,1,273,0.01,0.15,0.06,1.81,0.84,0.05,0.02,1.39,1.48,0.02,0.02,0.09,0.06,0.06,0.01,0.05,0.05,0.07,0.11,0.08,0.03,0,0.05,0,0,0,0,0,0.02,0.02,0,0,0
321,Cody Gakpo,Liverpool,55.29,75.71,50.46,53.33,58,38.24,0,1971591f,35,23,1935,1.05,0.93,4.96,15.86,10.8,0.8,0.43,8.57,11.32,1.09,0.55,0.5,0.29,0.41,0.05,0.36,0.21,0.34,1.38,0.45,0.21,0.02,1.43,0.14,1.02,0.39,0.13,0.07,0.68,0.61,0.09,0,0
322,Joe Gomez,Liverpool,57.67,88.7,0,68.42,76.34,66.67,0,7a11550b,9,6,519,0.36,2.5,0.14,34.36,21.64,0.07,0.14,26.93,30.36,0,0,0.93,0.71,0.64,0.43,0.21,0.5,1.43,2.43,1.14,0.36,0.14,0.36,0.07,0.21,0.14,0.02,0.01,0.14,0.14,0,0,0
323,Ryan Gravenberch,Liverpool,85.41,89.15,45.54,57.14,50.55,24.53,0,b8e740fb,37,37,3160,1.84,4.76,1.45,61.66,36.74,1.45,0.68,45.21,50.71,2.13,0.97,1.82,0.92,0.92,0.26,0.66,1.58,1.55,5.08,1.47,0.63,0.05,1.79,0.16,0.53,0.13,0.03,0.09,0.68,1.97,0,0,0
324,Curtis Jones,Liverpool,51.88,93.04,53.85,61.7,57.35,38.33,0,4fb9c88f,33,19,1712,0.53,2.05,1.39,22.6,13.84,0.46,0.63,17.91,19.25,0.39,0.21,0.68,0.39,0.39,0.16,0.23,0.12,0.18,1.7,0.47,0.18,0.05,0.91,0.14,0.6,0.23,0.08,0.03,0.39,0.4,0.02,0,0
325,Caoimhin Kelleher,Liverpool,90,75.65,100,0,0,0,64.86,62d7ef38,10,10,900,0,0,0,39.8,29,0.1,0,28.9,38.2,0.1,0.1,0,0,0,0,0,0,0.1,1.8,0,0,0.2,0.3,0.1,0,0,0,0,0,0,0,3.7,2.4
326,Ibrahima Konaté,Liverpool,82.58,90.18,50,71.7,65.29,15.52,0,5ed9b537,31,30,2560,0.76,3.48,0.09,66.21,39.09,0.24,0.06,52.06,57.73,0.18,0.09,1.21,0.79,0.88,0.45,0.42,0.52,4.03,2.97,1.06,0.3,0.09,0.94,0.21,0.58,0.09,0.05,0.03,0.3,0.45,0,0,0
327,Luis Díaz,Liverpool,66.64,84.18,45.45,38.27,66.67,41.89,0,4a1a9578,36,28,2399,2.25,2.29,6.1,24.67,16.25,1.15,1.02,15.33,18.21,2.42,1.1,0.81,0.54,0.4,0,0.4,0.15,0.15,2.19,0.81,0.5,0.02,2.44,0.33,1.48,0.62,0.25,0.09,1.17,1.15,0.21,0,0
328,Mohamed Salah,Liverpool,88.71,70.61,42.38,46.67,52.73,41.51,0,e342ad68,38,38,3371,4.05,3.79,12.84,44.61,30.24,3.05,1.76,23.47,33.24,3.61,1.53,0.55,0.29,0.32,0,0.32,0.24,0.13,2.66,0.45,0.24,0,4.45,0.71,3.18,1.32,0.66,0.24,2.32,1.55,0.47,0,0
329,Alexis Mac Allister,Liverpool,74.26,83.52,38,52.82,61.06,34.44,0,83d074ff,35,30,2599,0.86,4.21,1.9,44.29,21.76,0.74,0.52,30.31,36.29,1,0.38,2.26,1.38,1.45,0.14,1.31,0.52,0.69,3.52,2.48,1.17,0.02,2.86,0.36,0.9,0.31,0.07,0.13,1.07,1.02,0.05,0,0
333,Jarell Quansah,Liverpool,38.08,90.82,30,69.7,67.5,0,0,4125cb98,13,4,495,0.1,0.63,0.13,15.47,8.93,0.17,0.07,11.87,13.07,0.1,0.03,0.4,0.27,0.33,0.23,0.1,0.23,0.93,0.63,0.33,0.1,0.03,0.1,0,0.03,0,0,0.01,0.07,0.13,0,0,0
335,Andrew Robertson,Liverpool,75.21,82.7,39.13,61.07,56,13.16,0,2e4f5f03,33,29,2482,1.64,4.51,2.77,53.44,28.38,0.64,0.33,39.97,48.33,0.46,0.18,1,0.56,0.26,0.1,0.15,0.54,1.38,2.69,1.31,0.51,0.05,2.05,0.1,0.38,0.05,0.03,0.11,1.03,1.33,0.08,0,0
336,Dominik Szoboszlai,Liverpool,69.19,84.27,51.69,37.76,51.81,32.88,0,934e1968,36,29,2491,1.57,2.85,2.76,34.43,17.5,0.8,0.5,24.22,28.74,0.89,0.46,0.83,0.43,0.85,0.11,0.74,0.2,0.41,2.89,0.98,0.61,0.04,2.59,0.35,1.46,0.48,0.16,0.13,1.22,1.07,0.09,0,0
337,Konstantinos Tsimikas,Liverpool,46.5,84.1,42.86,61.76,64.84,50,0,f315ca93,18,9,837,0.5,2.24,1.26,21.79,10.82,0.18,0.12,16.18,19.24,0.35,0.15,0.91,0.59,0.15,0.06,0.09,0.32,0.59,0.91,0.68,0.26,0,0.91,0.06,0.12,0.06,0.01,0.07,0.47,0.24,0.03,0,0
339,Virgil van Dijk,Liverpool,90,91.58,57.14,59.32,52.43,30.14,0,e06683ca,37,37,3330,0.59,5.35,0.16,89.19,50.16,0.27,0.14,72.62,79.3,0.14,0.08,1.03,0.54,0.73,0.43,0.3,1.51,5.14,3.11,0.59,0.24,0.11,1.3,0.11,0.73,0.22,0.06,0.03,0.32,0.65,0,0,0
636,Federico Chiesa,Liverpool,18,87.38,0,0,0,41.18,0,b0f7e36c,6,1,108,0.1,0.1,0.23,1.53,1.03,0.1,0.13,0.9,1.03,0.07,0,0.03,0,0.03,0,0.03,0,0.03,0.2,0.07,0.07,0.03,0.2,0.03,0.17,0.07,0.01,0.01,0.07,0.03,0,0,0
660,Vítezslav Jaros,Liverpool,12,75.44,0,0,0,0,100,12bb4d6a,1,0,12,0,0,0,1.14,1,0,0,0.86,1.14,0,0,0,0,0,0,0,0,0,0,0,0,0,0,0,0,0,0,0,0,0,0,0.14,0.14
709,Jayden Danns,Liverpool,11,100,0,0,0,0,0,003cf4d1,1,0,11,0,0,0,0.25,0.12,0,0.12,0.12,0.12,0,0,0,0,0,0,0,0,0,0,0.12,0.12,0,0,0,0,0,0,0,0,0,0,0,0
340,Manuel Akanji,Man City,77.46,93.58,100,64.91,63.49,14,0,89ac64a6,26,23,2014,1.53,5.27,0.23,62.7,41.8,0.17,0.17,54.4,58.13,0.07,0.07,0.63,0.4,0.37,0.27,0.1,0.3,2.13,3.43,0.57,0.2,0.1,1.23,0.1,0.5,0.07,0.05,0.04,0.3,2.13,0,0,0
341,Nathan Aké,Man City,67.8,93.91,100,67.39,78.26,0,0,eaeca114,10,8,678,0.92,3.85,0.15,45.85,31,0.31,0.23,39.15,41.69,0.08,0.08,0.69,0.54,0.54,0.15,0.38,0.23,1.69,1.85,0.46,0.15,0.08,0.62,0,0.23,0,0.02,0.02,0.08,0.92,0,0,0
342,Bernardo Veiga de Carvalho e Silva,Man City,80.91,86.76,46.15,44.87,66.03,34.83,0,3eb22ec9,33,29,2670,2.81,3.72,5.56,57.06,35.78,0.69,0.94,42.97,49.53,1.69,0.78,1.56,1.03,1,0.19,0.81,0.64,0.89,2.97,1.56,0.86,0.08,2.56,0.22,0.89,0.31,0.11,0.12,1.47,1.81,0.08,0,0
343,Oscar Bobb,Man City,60,0,0,0,0,0,0,eed2427e,1,1,60,0,0,0,0,0,0,0,0,0,0,0,0,0,0,0,0,0,0,0,0,0,0,0,0,0,0,0,0,0,0,0,0,0
345,Kevin De Bruyne,Man City,60.79,75.93,38.55,21.43,53.66,26.62,0,e46012d4,28,19,1702,1.24,3.83,3.66,33.37,19.8,0.63,0.68,22.15,29.17,0.83,0.32,0.41,0.22,0.2,0,0.2,0.17,0.24,1.56,0.56,0.44,0.02,2.76,0.27,1.39,0.37,0.12,0.16,1.39,1.24,0.12,0,0
346,Jérémy Doku,Man City,52.28,79.16,53.17,54.84,71.43,30.51,0,fffea3e5,29,16,1516,4.35,1.41,5.84,20.96,16.24,1.2,1.2,12.31,15.55,4.1,2.18,0.63,0.45,0.22,0.02,0.2,0.08,0.04,1.29,0.31,0.14,0,1.61,0.29,0.59,0.18,0.03,0.08,0.65,1.94,0.1,0,0
347,Ederson Santana de Moraes,Man City,89.23,87.86,0,0,0,0,68,3bb7b8b4,26,26,2320,0,0.08,0,37.5,25.15,0.04,0,31.19,35.5,0,0,0,0,0,0,0,0.04,0.42,1.62,0.08,0.08,0.15,0.23,0.15,0,0,0,0.01,0.15,0,0,3,2.04
348,Phil Foden,Man City,63.46,84.04,32.73,39.13,39.39,29.71,0,ed1e53f3,28,20,1777,1.28,2.64,3.28,29.21,18.51,0.92,0.79,20.28,24.13,1.1,0.36,0.33,0.13,0.33,0.03,0.31,0.23,0.18,1.56,0.46,0.28,0.03,2.26,0.23,1.38,0.41,0.13,0.14,1.1,0.77,0.08,0,0
349,Jack Grealish,Man City,36.05,87.64,45.76,40,55.56,32.26,0,b0b4fd3e,20,7,721,1.41,1.06,2.41,10.63,7.67,0.2,0.33,7.8,8.9,0.59,0.27,0.18,0.1,0.24,0.04,0.2,0.04,0.12,0.53,0.1,0.06,0.02,0.96,0.04,0.31,0.1,0.02,0.03,0.49,0.47,0,0,0
350,Joško Gvardiol,Man City,88.57,90.18,58.62,52.78,66.88,29.63,0,5ad50391,37,36,3277,2.46,7.14,3.27,83.86,53.97,0.78,0.43,66.32,73.54,1.16,0.68,1.57,1.05,1.14,0.54,0.59,1.19,3.3,3.7,1.08,0.51,0.22,2.05,0.19,1.08,0.32,0.12,0.08,0.7,2.76,0.08,0,0
351,Erling Haaland,Man City,88.26,66.97,36.21,38.46,54.29,52.84,0,1f44ac21,31,31,2736,0.77,0.65,4,20.61,10,1.45,0.87,8.23,12.29,1.16,0.42,0.35,0.19,0.39,0.03,0.35,0.16,0.74,1.1,0.26,0.16,0,2.29,0.29,3.35,1.77,0.71,0.06,0.94,0.48,0.13,0,0
354,Mateo Kovačić,Man City,70.9,92.56,53.33,47.9,54.8,26.96,0,79c0821a,31,25,2198,1.44,4.21,0.41,54.44,37.05,0.49,0.74,44.67,48.26,1.05,0.56,1.77,0.97,0.51,0,0.51,0.62,0.54,2.92,1.67,0.87,0.03,1.87,0.21,1.15,0.31,0.05,0.08,0.85,2,0,0,0
355,Rico Lewis,Man City,67.61,91.54,42.11,61.4,62.96,18.52,0,b57e066e,28,21,1893,1.05,2.89,2.11,39.92,23.38,0.54,0.51,32.46,35.46,0.57,0.24,0.81,0.51,0.76,0.19,0.57,0.35,1.22,2.57,0.57,0.22,0.03,0.84,0.08,0.27,0.05,0.04,0.03,0.19,1.11,0,0,0
356,Matheus Luiz Nunes,Man City,64.38,86.29,46.49,42.45,62.89,44,0,e6af02e0,26,19,1674,1.75,2.19,4.86,39.33,24.06,0.89,0.36,29.58,34.28,1.14,0.53,0.97,0.61,0.47,0.11,0.36,0.42,1.06,1.94,1.06,0.61,0.06,1.28,0.22,0.25,0.11,0.03,0.09,0.64,1.03,0.17,0,0
357,James McAtee,Man City,23.27,79.63,25,16.67,33.33,33.33,0,96593e89,15,3,349,0.12,0.12,0.55,2.9,1.66,0.09,0.02,1.72,2.16,0.12,0.03,0.09,0.03,0.14,0,0.14,0.03,0.02,0.14,0.12,0.1,0,0.07,0.02,0.21,0.07,0.05,0.01,0.05,0.1,0,0,0
358,Stefan Ortega Moreno,Man City,84.62,81.25,0,0,0,0,65.97,c1242d4e,13,12,1100,0,0,0,37.85,24.85,0,0,28.69,35.31,0,0,0,0,0,0,0,0,0.85,0.62,0.08,0.08,0.08,0,0,0,0,0,0,0,0,0,3.85,2.54
360,Rodrigo 'Rodri' Hernandez,Man City,24.33,94.17,0,0,50,0,0,6434f10d,3,1,73,0.09,0.36,0.09,6.73,3.55,0,0,5.82,6.18,0.09,0,0.18,0.09,0.09,0,0.09,0.09,0.09,0.64,0,0,0,0.18,0,0,0,0,0.01,0.09,0.18,0,0,0
361,Rúben Gato Alves Dias,Man City,84.11,93.52,63.64,54.35,63.93,33.33,0,31c69ef1,27,25,2271,1.54,5.71,0.29,89.25,63.39,0.29,0.04,77.39,82.75,0.11,0.07,0.61,0.39,0.82,0.71,0.11,0.71,2.54,2.79,0.46,0.21,0.14,0.93,0.04,0.75,0.25,0.05,0.04,0.18,2.32,0,0,0
362,John Stones,Man City,49.82,91.09,100,100,34.38,100,0,5eecec3d,11,6,548,0.53,1.11,0.11,23.26,15.37,0.11,0,19.32,21.21,0.11,0.11,0.32,0.11,0.26,0.16,0.11,0.21,1,1.16,0.26,0,0.05,0.42,0.11,0.11,0.11,0.02,0.01,0.11,0.74,0,0,0
363,Kyle Walker,Man City,59.91,87.64,70.45,76.42,52.83,0,0,86dd77d1,11,7,659,0.69,2,1.19,30.75,19.38,0.38,0.25,23.12,26.38,0.44,0.31,1.06,0.56,0.56,0.31,0.25,0.56,0.94,2.31,1.06,0.25,0.06,0.62,0,0.12,0,0,0.03,0.38,0.31,0,0,0
571,Sávio 'Savinho' Moreira de Oliveira,Man City,60.9,80.86,46.1,53.33,72.73,38.17,0,fe6e7156,29,21,1766,3.26,1.6,5.86,26.07,18.64,1,0.9,16.48,20.38,2.69,1.24,0.55,0.4,0.33,0.05,0.29,0.14,0.21,1.88,0.45,0.21,0.02,2.64,0.36,1.31,0.5,0.12,0.15,1.1,1.07,0.07,0,0
607,Nico O'Reilly,Man City,58.67,86.41,60,50,44.93,37.1,0,91ca4a16,9,6,528,1.23,1.31,2,32.23,19.15,1.08,1.15,23.46,27.15,1.15,0.69,0.69,0.31,0.38,0.08,0.31,0.31,0.92,2.38,0.62,0.31,0,0.92,0.15,0.62,0.23,0.1,0.05,0.31,1.15,0.08,0,0
625,Ilkay Gündogan,Man City,67.36,89.56,41.94,41.82,52.63,26.23,0,819b3158,33,25,2223,1.45,2.89,2.18,43,25.41,0.66,0.57,34.66,38.7,0.93,0.39,0.57,0.3,0.34,0,0.34,0.3,0.52,2.64,0.55,0.32,0,2,0.3,0.61,0.16,0.07,0.1,1,1.3,0.02,0,0
672,Jahmai Simpson-Pusey,Man City,48,93.06,0,0,0,0,0,383b10fd,2,1,96,0.33,1,0,41,26.33,0.33,0,35.67,38.33,0.33,0,0.33,0,0.33,0.33,0,0,0.67,1,0.33,0.33,0,0,0,0,0,0,0,0,0,0,0,0
698,Divin Mubama,Man City,28,67,0,0,0,0,0,92868cb5,1,0,28,0,0.33,0,1.67,0.67,0,0.33,0.67,1,0,0,0,0,0,0,0,0,0,0.33,0,0,0,0,0,0.33,0,0,0,0,0,0,0,0
703,Max Alleyne,Man City,0,0,0,0,0,0,0,defcfd32,0,0,0,0,0,0,0,0,0,0,0,0,0,0,0,0,0,0,0,0,0,0,0,0,0,0,0,0,0,0,0,0,0,0,0,0
732,Abdukodir Khusanov,Man City,83.83,91.14,0,66,80.72,0,0,d17ce930,6,6,503,0.17,4.17,0.33,74.17,45.67,0.33,0.17,60,65.83,0.33,0,0.83,0.67,0.83,0.67,0.17,0.5,4.83,4.5,0.5,0.17,0.17,0.83,0,0.17,0,0,0.02,0.33,0.17,0,0,0
733,Vitor de Oliveira Nunes dos Reis,Man City,1,100,100,0,0,0,0,c4ce0ab5,1,0,1,0,0,0,0.03,0.02,0,0,0.02,0.02,0.01,0.01,0,0,0,0,0,0,0.01,0,0,0,0,0,0,0,0,0,0,0,0,0,0,0
755,Omar Marmoush,Man City,73.44,79.21,43.39,50,61.76,34.5,0,0e0102eb,16,14,1175,1.53,1.95,4.11,26.53,16.84,2.37,1,13.26,16.74,2.42,1.05,0.68,0.42,0.79,0.05,0.74,0.32,0.16,1.95,0.84,0.42,0,2.05,0.11,2.58,0.89,0.29,0.11,0.79,1.05,0.53,0,0
765,Nico González,Man City,69.09,92,16.28,54.43,37.72,21.88,0,2c56a792,11,9,760,0.64,3.57,0.79,50.93,30.36,0.57,0.79,41.07,44.64,0.43,0.07,1.14,0.43,0.64,0,0.64,0.57,1.5,2.21,0.79,0.36,0,1.07,0.21,0.64,0.14,0.04,0.04,0.07,0.86,0,0,0
364,Amad Diallo,Man Utd,73.12,83.75,46.55,59,81.51,36.05,0,9dc96f10,26,20,1901,3.41,1.88,6.25,37.72,24.44,1.31,1.09,24.84,29.66,2.75,1.28,1.19,0.97,0.47,0.06,0.41,0.34,0.59,3.41,1,0.41,0.03,3.03,0.56,1.47,0.53,0.15,0.13,1.53,1.66,0.28,0,0
365,Antony Matheus dos Santos,Man Utd,80.12,81,37.95,36.21,43.94,39.38,0,99127249,17,15,1362,4.95,3.53,8.26,51.68,34.89,2.79,1.05,32.74,40.42,3.32,1.26,1.32,0.58,0.63,0.05,0.58,0.53,0.47,3.84,1.16,0.74,0.05,4.05,0.47,2.26,0.89,0.15,0.15,1.89,4.05,0.05,0,0
366,Bruno Borges Fernandes,Man Utd,83.83,76.14,42.05,40.18,59.73,27.76,0,507c7bdf,36,35,3018,2.03,8.55,3.39,69.71,40.58,1.13,1.13,44.92,59,1.76,0.74,2.21,1.32,0.92,0.16,0.76,0.68,0.92,5.61,2.24,1.34,0.08,5.08,0.34,2.45,0.68,0.26,0.21,2.39,1.71,0.05,0,0
367,Altay Bayindir,Man Utd,90,60.53,0,0,0,0,47.06,072e68ed,4,4,360,0,0,0,42,27.5,0,0,23,38,0,0,0,0,0,0,0,0,2.25,0.75,0.25,0.25,0.25,0,0,0,0,0,0,0,0,0,4.25,2
368,Carlos Henrique Casimiro,Man Utd,62.25,78.78,50,61.01,60.25,30.85,0,4d224fe8,24,18,1494,0.12,2.47,0.82,36.76,19.41,0.35,0.29,22.94,29.12,0.18,0.09,2.44,1.47,1.15,0.29,0.85,0.41,1.5,3.03,2.18,0.85,0.09,1.56,0.12,0.94,0.29,0.06,0.06,0.65,0.29,0.12,0,0
369,Diogo Dalot Teixeira,Man Utd,85.27,80.51,50.64,65.36,59,20.27,0,d9565625,33,31,2814,1.82,3.03,4.94,58.32,33.12,1.12,0.62,39.62,49.21,1.56,0.79,2,1.18,0.65,0.26,0.38,1.09,2.12,4.91,1.53,0.53,0,2.18,0.15,0.74,0.15,0.06,0.07,0.76,1.09,0.12,0,0
370,Christian Eriksen,Man Utd,46.13,78.79,0,40.98,46.51,6.25,0,980522ec,23,11,1061,0.3,1.25,0.66,19.32,10.75,0.3,0.11,13.41,17.02,0.09,0,0.43,0.2,0.34,0.11,0.23,0.16,0.18,1.41,0.61,0.36,0,1.27,0.16,0.32,0.02,0.03,0.06,0.7,0.32,0,0,0
371,Jonny Evans,Man Utd,45,88.45,100,51.16,75.44,50,0,f8fcd2a5,7,3,315,0.21,0.71,0.21,17.86,10.21,0.07,0,13.71,15.5,0.07,0.07,0.57,0.43,0.21,0.14,0.07,0.36,1.07,1.14,0.43,0.21,0,0.14,0,0.14,0.07,0.01,0,0,0.14,0,0,0
372,Alejandro Garnacho,Man Utd,61.08,78.88,29.17,32.86,59.65,34.81,0,7aa8adfe,36,23,2199,2.66,1.06,5.47,21.87,15.85,1.21,0.91,12.25,15.53,1.68,0.49,0.57,0.34,0.36,0,0.36,0.25,0.21,2.04,0.7,0.47,0.04,1.57,0.11,1.58,0.55,0.14,0.05,0.7,1.36,0.19,0,0
375,Rasmus Højlund,Man Utd,62.63,74.7,27.4,0,28.57,40.85,0,491a433d,32,23,2004,0.62,0.4,2.24,11.44,6.84,1.4,0.73,5.58,7.47,0.73,0.2,0.07,0.02,0.13,0,0.13,0.04,0.13,0.78,0.11,0.11,0,0.76,0.02,0.71,0.29,0.12,0.02,0.36,0.29,0.29,0,0
376,Victor Lindelöf,Man Utd,44,93.78,0,75,27.27,0,0,f5deef4c,16,6,704,0.16,0.81,0.12,14.12,8.22,0.03,0.03,11.31,12.06,0,0,0.22,0.06,0.19,0.12,0.06,0.25,1.12,0.91,0.12,0.03,0.06,0.12,0,0,0,0,0,0.09,0.12,0,0,0
377,Harry Maguire,Man Utd,65.11,85.54,35.71,74.19,50.62,39.02,0,d8931174,27,19,1758,0.19,1.38,0.19,35.89,21.14,0.27,0.05,26.08,30.49,0.14,0.05,0.81,0.41,0.41,0.32,0.08,1.08,2.11,1.84,0.62,0.16,0.03,0.54,0,0.41,0.16,0.05,0.01,0.24,0.24,0.05,0,0
378,Kobbie Mainoo,Man Utd,66.04,86.46,46.26,60.17,62.96,13.64,0,c6220452,25,19,1651,0.65,1.91,1.38,31.21,19.18,1.06,1.06,21.26,24.59,1.47,0.68,1.35,0.85,0.47,0.06,0.41,0.56,0.41,2.59,1.18,0.47,0.03,1,0.09,0.44,0.06,0.02,0.05,0.41,0.5,0.09,0,0
379,Tyrell Malacia,Man Utd,48.13,89.6,32.81,100,26.58,0,0,6b6c793c,8,3,385,1.29,2.14,2,24.14,13.71,0.36,0.21,18.43,20.57,0.64,0.21,0.79,0.21,0.29,0,0.29,0.29,0.71,1.29,0.5,0,0,1.29,0.14,0.21,0,0.01,0.06,0.43,0.57,0,0,0
380,Lisandro Martínez,Man Utd,87.55,89.42,85.71,58.33,60,35.29,0,bac46a10,20,20,1751,1.15,5.85,0.35,76.2,50.85,0.05,0.15,60,67.1,0.35,0.3,2,1.2,1.1,0.4,0.7,1.6,2.85,4.05,1.8,0.75,0.05,1.3,0.1,0.85,0.3,0.06,0.06,0.45,1.15,0,0,0
382,Mason Mount,Man Utd,36.59,81.85,8.33,75.86,32.43,44.9,0,9674002f,17,8,622,0.37,0.8,1,8.27,5.24,0.39,0.22,5.05,6.17,0.24,0.02,0.37,0.12,0.27,0.02,0.24,0.1,0.1,0.44,0.29,0.07,0,0.54,0,0.49,0.22,0.08,0.01,0.2,0.27,0.02,0,0
383,André Onana,Man Utd,90,72.59,100,50,100,0,66.75,e9c0c1b2,34,34,3060,0,0.03,0,40.32,28.26,0.03,0,27.88,38.41,0.03,0.03,0.06,0.06,0,0,0,0,0.32,1,0.12,0.06,0.12,0.12,0,0,0,0,0.01,0.03,0,0,3.88,2.59
387,Luke Shaw,Man Utd,49.86,85.85,0,100,75.76,0,0,9c94165b,7,4,349,0.58,2,0.58,26.42,18.83,0.17,0,20.75,24.17,0.08,0,0.33,0.25,0.5,0.08,0.42,0.17,0.58,0.75,0.17,0,0,0.83,0,0.08,0,0,0.07,0.42,0.67,0,0,0
389,Joshua Zirkzee,Man Utd,43.81,71.16,31.48,46.67,54.55,39.53,0,028e70b9,32,14,1402,0.22,0.68,1.06,9.03,5.03,0.63,0.46,4.49,6.31,0.54,0.17,0.22,0.12,0.23,0.06,0.17,0.09,0.12,0.88,0.15,0.08,0.02,0.48,0.05,0.43,0.17,0.07,0.02,0.18,0.32,0.05,0,0
572,Leny Yoro,Man Utd,55.48,92.41,50,67.86,37.65,20,0,6763f716,21,12,1165,0.56,1.53,0.12,26.29,18.06,0.09,0.12,20.82,22.53,0.12,0.06,0.85,0.32,0.15,0.09,0.06,0.53,1.26,1.35,0.56,0.18,0,0.26,0,0.15,0.03,0.02,0.01,0.06,0.38,0.03,0,0
593,Matthijs de Ligt,Man Utd,73.21,89.93,54.55,71.43,73.26,50.98,0,d6e53a3a,29,25,2123,0.2,1.57,0.17,45.94,30.8,0.14,0.09,35.46,39.43,0.11,0.06,0.86,0.63,0.83,0.6,0.23,0.94,2.74,1.94,0.91,0.26,0,0.4,0.03,0.51,0.26,0.07,0.01,0.17,0.09,0.06,0,0
594,Noussair Mazraoui,Man Utd,76.7,85.68,53.57,63.01,59.18,23.33,0,b74277a0,37,34,2838,0.98,2.67,1.35,49.74,27.26,0.58,0.4,35.49,41.42,1.12,0.6,2.67,1.58,0.84,0.21,0.63,0.79,2.21,3.47,2.19,0.81,0.02,1.3,0.02,0.3,0.07,0.02,0.04,0.47,0.74,0.09,0,0
613,Toby Collyer,Man Utd,90,0,0,0,0,0,0,4f9091bc,2,2,180,0,0,0,0,0,0,0,0,0,0,0,0,0,0,0,0,0,0,0,0,0,0,0,0,0,0,0,0,0,0,0,0,0
652,Manuel Ugarte,Man Utd,61.55,87.91,56.58,44.44,63.93,22.22,0,c9817014,29,22,1785,0.38,1.45,0.48,27.64,15.9,0.76,0.6,19.05,21.67,0.76,0.43,1.83,1.17,0.79,0.1,0.69,0.64,0.4,2.9,1.62,0.9,0.05,0.74,0.1,0.45,0.1,0.02,0.02,0.24,0.38,0,0,0
658,Ayden Heaven,Man Utd,45,0,0,0,0,0,0,64e17fab,1,1,45,0,0,0,0,0,0,0,0,0,0,0,0,0,0,0,0,0,0,0,0,0,0,0,0,0,0,0,0,0,0,0,0,0
670,Harry Amass,Man Utd,82.6,0,0,0,0,0,0,7b47100c,10,10,826,0,0,0,0,0,0,0,0,0,0,0,0,0,0,0,0,0,0,0,0,0,0,0,0,0,0,0,0,0,0,0,0,0
766,Patrick Dorgu,Man Utd,70.17,80.99,22.99,69.28,77.29,19.4,0,e6536124,12,10,842,2.73,2.27,5.53,40.13,23.6,0.8,0.67,26.67,32.93,0.87,0.2,2.07,1.6,0.73,0,0.73,0.27,1.53,2.47,1.53,0.47,0.13,1.6,0.07,0.67,0.13,0.03,0.09,0.8,1.13,0.2,0,0
776,Chido Obi-Martin,Man Utd,90,0,0,0,0,0,0,0c9bfc3b,4,4,360,0,0,0,0,0,0,0,0,0,0,0,0,0,0,0,0,0,0,0,0,0,0,0,0,0,0,0,0,0,0,0,0,0
777,Tyler Fredricson,Man Utd,82.5,90.16,100,50,60,0,0,58630379,2,2,165,1,4,0,70.5,43,1,0,55,61,0.5,0.5,2.5,1.5,1,0,1,0.5,5.5,6,1,0.5,0,1.5,0,0,0,0,0,0,0.5,0,0,0
391,Miguel Almirón Rejala,Newcastle,87.45,81.43,55.66,39.56,60.99,29.31,0,862a1c15,22,22,1924,3.05,6.82,6.95,51.77,36.77,2.09,1.23,33.5,41.14,3.18,1.77,1.41,0.86,0.77,0,0.77,0.41,0.27,4.18,0.91,0.55,0.09,3.59,0.41,2.32,0.68,0.28,0.15,1.18,2.09,0.45,0,0
392,Harvey Barnes,Newcastle,53.18,78.08,37.93,25,55.17,31.3,0,3ea50f67,33,17,1755,1.69,1.51,3.49,14.73,10.2,0.6,0.42,8.62,11.04,1.16,0.44,0.29,0.16,0.15,0.04,0.11,0.11,0.27,1,0.2,0.15,0.02,1.16,0.16,1.15,0.36,0.13,0.08,0.47,0.87,0.09,0,0
393,Sven Botman,Newcastle,59,0,0,0,0,0,0,ccce7025,1,1,59,0,0,0,0,0,0,0,0,0,0,0,0,0,0,0,0,0,0,0,0,0,0,0,0,0,0,0,0,0,0,0,0,0
394,Bruno Guimarães Rodriguez Moura,Newcastle,86.08,82.36,43.5,48.02,56.81,28.7,0,82518f62,38,38,3271,1.64,6.95,2.46,56.74,35.9,1.44,1.95,37.97,46.1,2,0.87,2.13,1.21,0.92,0.26,0.67,0.74,1.13,4.82,1.77,0.92,0.13,3.41,0.46,1.15,0.33,0.11,0.14,1.33,1.18,0.05,0,0
395,Dan Burn,Newcastle,90,88.44,72.73,55.67,61.9,30.65,0,b2d31e83,37,37,3330,0.32,2.03,0.38,64.49,36.38,0.65,0.08,47.95,54.22,0.11,0.08,1.05,0.65,0.97,0.7,0.27,0.73,5.32,2.78,0.97,0.43,0.11,0.73,0.11,0.62,0.19,0.05,0.03,0.24,0.22,0.14,0,0
396,Martin Dúbravka,Newcastle,90,79.58,0,0,0,0,70.73,3a949a25,10,10,900,0,0,0,35,20.2,0,0,26.5,33.3,0,0,0,0,0,0,0,0,0.3,1.8,0,0,0,0,0,0,0,0,0,0,0,0,4.1,2.9
398,Anthony Gordon,Newcastle,71.59,73.31,36.73,31.82,56.58,27.94,0,2bd83368,34,28,2434,2.88,2.33,5.1,30.17,19.48,0.86,0.9,17.14,23.38,2.45,0.9,0.76,0.43,0.6,0.05,0.55,0.17,0.21,2.31,0.88,0.6,0.07,2.4,0.29,1.36,0.38,0.19,0.12,1.21,1.48,0.19,0,0
399,Lewis Hall,Newcastle,81.07,81.66,52.78,54.12,70.5,7.89,0,da011f18,27,24,2189,1.41,4.24,2.76,62.76,32.76,1.14,0.69,44.83,54.9,0.72,0.38,2,1.41,1.14,0.62,0.52,0.62,2.59,4.1,2.55,1.17,0.1,2.17,0.21,0.38,0.03,0.01,0.13,1.17,0.76,0.03,0,0
401,Alexander Isak,Newcastle,81.06,75.35,46.34,34.15,43.75,43.19,0,8e92be30,34,34,2756,2.24,2.38,5.86,27.7,16.62,1.78,1.49,14.03,18.62,2.46,1.14,0.32,0.14,0.49,0.05,0.43,0.08,0.46,1.49,0.41,0.27,0.03,2.49,0.38,2.57,1.11,0.55,0.1,1.11,1.14,0.54,0,0
402,Jacob Murphy,Newcastle,67.43,68.53,50.67,45.83,67.21,35.48,0,de112b84,35,31,2360,1.72,1.8,5.02,27.63,15.93,0.7,0.8,14.96,21.83,1.5,0.76,0.61,0.41,0.67,0,0.67,0.28,0.76,2.13,0.96,0.52,0.02,1.78,0.33,0.93,0.33,0.12,0.13,0.91,0.87,0.07,0,0
403,Joelinton Cássio Apolinário de Lira,Newcastle,82.52,82.73,32.43,57.04,61.41,28.97,0,c17bfb65,29,29,2393,1.29,3.74,3.55,43.87,23.52,1.26,1.71,27.84,33.65,1.48,0.48,1.84,1.13,1.19,0.23,0.97,0.74,1.52,4.81,1.42,0.61,0.06,1.97,0.29,1.45,0.42,0.13,0.07,0.74,0.84,0.23,0,0
404,Lloyd Kelly,Newcastle,84.42,83.06,0,77.33,73.6,13.79,0,f31def1e,12,11,1013,0.83,3,2.17,66.42,36.08,0.75,0.25,46.58,56.08,0.08,0,1.25,0.92,0.92,0.5,0.42,0.17,4.67,4.58,0.75,0.17,0.25,1,0,0.58,0.08,0.03,0.02,0.25,0.75,0,0,0
405,Emil Krafth,Newcastle,28.5,78.45,0,62.5,45.45,0,0,77cf6852,12,2,342,0.14,0.22,0.08,5.38,2.22,0.05,0.05,3.35,4.27,0.03,0,0.11,0.05,0.14,0.11,0.03,0.05,0.43,0.51,0.08,0.03,0,0.08,0,0.03,0,0,0,0.03,0.16,0,0,0
409,Tino Livramento,Newcastle,76.76,85.4,44.62,54.01,66.67,35.71,0,afed6722,37,32,2840,1.93,3.67,2.77,45.67,23.79,0.74,0.91,32.63,38.21,1.3,0.58,1.26,0.84,0.86,0.26,0.6,0.53,2.51,4.4,1.37,0.63,0.02,1.05,0.05,0.14,0.05,0.01,0.06,0.58,0.98,0.05,0,0
410,Sean Longstaff,Newcastle,31.92,84.37,30,66.67,58.97,11.11,0,a2b105e0,25,8,798,0.06,0.57,0.31,6.2,3.54,0.13,0.1,4.21,4.99,0.1,0.03,0.39,0.23,0.24,0.07,0.17,0.1,0.11,0.44,0.39,0.13,0,0.2,0.03,0.09,0.01,0.01,0,0.06,0.14,0,0,0
411,Lewis Miley,Newcastle,22.36,87.98,40,52,80,80,0,2c6835e5,14,1,313,0.04,0.3,0.14,4.2,2,0.14,0.02,3,3.41,0.05,0.02,0.25,0.2,0.09,0.02,0.07,0.04,0.09,0.29,0.25,0.12,0.04,0.07,0,0.05,0.04,0.01,0.01,0.02,0.04,0,0,0
413,Nick Pope,Newcastle,90,73.54,0,0,0,0,71.56,4b40d9ca,28,28,2520,0,0.04,0,31.14,15.68,0,0.04,20.54,27.93,0,0,0,0,0.04,0,0.04,0.04,1.14,0.86,0,0,0.18,0.25,0,0,0,0,0,0.04,0,0,4.29,3.07
415,Fabian Schär,Newcastle,86.29,83.66,62.16,40,58.25,27.19,0,c8aa95da,34,33,2934,0.51,3.37,0.63,66.26,41.09,0.34,0.17,47.26,56.49,0.37,0.23,1.03,0.6,1.09,0.71,0.37,1.29,3.94,3.83,1,0.6,0.09,1.06,0.11,1.14,0.31,0.11,0.03,0.14,0.77,0.11,0,0
416,Matt Targett,Newcastle,52,0,0,0,0,0,0,e514ab62,2,2,104,0,0,0,0,0,0,0,0,0,0,0,0,0,0,0,0,0,0,0,0,0,0,0,0,0,0,0,0,0,0,0,0,0
417,Sandro Tonali,Newcastle,73.06,83.69,53.57,49.14,62.93,33.75,0,0db169ae,36,28,2630,0.84,2.91,1.2,41.32,22.25,0.68,0.52,29.2,34.89,0.84,0.45,1.16,0.73,0.77,0.25,0.52,0.77,0.75,4.02,1.16,0.59,0.05,1.77,0.2,0.8,0.27,0.1,0.06,0.64,0.91,0.05,0,0
418,Kieran Trippier,Newcastle,45,0,0,0,0,0,0,21512407,1,1,45,0,0,0,0,0,0,0,0,0,0,0,0,0,0,0,0,0,0,0,0,0,0,0,0,0,0,0,0,0,0,0,0,0
420,Joe Willock,Newcastle,33.94,82.64,33.33,59.46,55.56,19.05,0,a3b03921,32,11,1086,0.45,0.49,1.02,6.35,3.87,0.44,0.27,3.57,4.32,0.42,0.14,0.36,0.2,0.29,0.07,0.21,0.07,0.08,0.48,0.37,0.15,0,0.54,0.05,0.21,0.04,0.02,0.01,0.26,0.33,0.04,0,0
421,Callum Wilson,Newcastle,20.56,75,11.11,0,100,12.5,0,c596fcb0,18,2,370,0.06,0.05,0.22,1.22,0.6,0.21,0.15,0.51,0.68,0.09,0.01,0.03,0.03,0.03,0,0.03,0.01,0.01,0.14,0.03,0.03,0,0.13,0,0.08,0.01,0.01,0,0.04,0.05,0.04,0,0
590,William Osula,Newcastle,9.57,63.64,40,0,0,33.33,0,7b355808,14,0,134,0.04,0.03,0.13,0.43,0.28,0.05,0.05,0.14,0.22,0.05,0.02,0.02,0,0,0,0,0.03,0.02,0.02,0.02,0.02,0,0.03,0,0.03,0.01,0,0,0.02,0.01,0.01,0,0
26,Álex Moreno Lopera,Nott'm Forest,63.67,71.98,38,38.71,72.27,0,0,16e9d0ea,15,11,955,1.24,1.62,1.62,26.62,10.9,0.62,0.29,14.67,20.38,1,0.38,1.19,0.86,0.52,0.24,0.29,0.71,2.05,2.38,1.86,1.14,0,0.76,0.1,0.29,0,0.01,0.05,0.38,0.76,0,0,0
422,Ola Aina,Nott'm Forest,85.57,73.51,46,56.18,76.47,19.35,0,246d153b,35,35,2995,1.86,2.97,1.86,47.44,20.81,1.22,0.61,27.61,37.56,2,0.92,1.53,1.17,0.94,0.33,0.61,0.92,3.19,5.28,1.78,0.78,0.11,1.72,0.11,0.31,0.06,0.02,0.06,0.44,1.28,0.06,0,0
423,Elliot Anderson,Nott'm Forest,73.73,78.28,47.9,43.32,60.78,17.98,0,de31038e,37,33,2728,1.16,3.18,2.11,40.71,20.71,1.33,1.09,24.11,30.8,1.67,0.8,2.04,1.24,1.07,0.2,0.87,0.69,1.69,4.6,2.47,1.4,0.09,1.93,0.22,0.89,0.16,0.05,0.08,0.82,0.71,0.09,0,0
424,Taiwo Awoniyi,Nott'm Forest,16,63.64,50,66.67,50,42.86,0,e5478b87,26,3,416,0.04,0.05,0.14,1.14,0.62,0.13,0.13,0.42,0.66,0.06,0.03,0.04,0.02,0.01,0,0.01,0,0.05,0.12,0.03,0.01,0,0.06,0.01,0.07,0.03,0.01,0,0.01,0.03,0.01,0,0
425,Willy Boly,Nott'm Forest,25,78.68,0,100,17.24,100,0,a4ac4b8f,6,1,150,0,0.1,0,4.62,1.67,0.05,0,2.62,3.33,0,0,0.29,0.05,0.19,0.1,0.1,0.14,0.57,0.24,0.19,0,0,0,0,0.05,0.05,0,0,0,0,0,0,0
428,Eric da Silva Moreira,Nott'm Forest,15,86.57,0,34,100,0,0,0a4f579a,2,0,30,0.08,0,0.08,1.08,0.33,0.08,0,0.58,0.67,0.08,0,0.17,0.17,0,0,0,0.08,0,0.17,0.5,0.33,0,0,0,0,0,0,0,0,0,0,0,0
429,Danilo dos Santos de Oliveira,Nott'm Forest,21,69.23,100,0,0,0,0,a816dbfb,1,0,21,0,0.25,0,3.5,2.25,0,0.25,2.25,3.25,0.5,0.5,0,0,0,0,0,0,0,1,0,0,0,0,0,0,0,0,0.02,0,0,0,0,0
431,Nicolás Domínguez,Nott'm Forest,57.74,86.68,35.29,47.55,52.47,42.5,0,20b3a502,34,23,1963,0.3,1.57,0.62,22.98,8.89,0.43,0.23,15.49,17.87,0.17,0.06,1.62,0.85,0.72,0.23,0.49,0.55,1.02,2.15,1.43,0.75,0.02,0.72,0,0.4,0.17,0.03,0.03,0.25,0.26,0.02,0,0
432,Anthony Elanga,Nott'm Forest,65.82,65.29,30.06,27.27,72.97,54.65,0,2fba6108,38,31,2501,2,1.24,4.49,21.86,11.76,1.55,0.84,10.59,16.22,1.63,0.49,0.37,0.27,0.22,0.02,0.2,0.12,0.49,1.75,0.33,0.24,0,2,0.35,0.86,0.47,0.09,0.1,0.98,0.88,0.35,0,0
433,Morgan Gibbs-White,Nott'm Forest,82.44,78.25,40.38,51.69,50.86,34.55,0,32f60ed8,34,34,2803,1.86,4.43,3.68,43.95,24.95,1.89,1.19,26.84,34.3,2.08,0.84,1.16,0.59,0.49,0.14,0.35,0.62,0.78,3.43,0.89,0.43,0.03,3.11,0.51,1.65,0.57,0.17,0.13,1.38,1.41,0.19,0,0
434,Callum Hudson-Odoi,Nott'm Forest,70.77,81.96,58.64,67.39,64.29,46.32,0,15f3ec41,31,25,2194,3.33,1.82,4.85,26.54,16.44,1.15,0.59,17.72,21.62,1.62,0.95,0.56,0.36,0.28,0,0.28,0.33,0.31,2.36,0.46,0.15,0.03,2.41,0.28,0.95,0.44,0.06,0.07,1.13,1.56,0.21,0,0
436,Murillo Santiago Costa dos Santos,Nott'm Forest,88.56,78.48,72.82,58.59,68.03,24.64,0,1704b0b8,36,36,3188,0.61,3.19,0.14,53.28,22.81,0.53,0.28,31.61,40.28,1.03,0.75,1.47,1,1.92,1.25,0.67,1,6.92,3.94,1.28,0.53,0.08,1.22,0.06,0.69,0.17,0.04,0.03,0.36,0.69,0,0,0
437,Neco Williams,Nott'm Forest,74.11,75.54,39.09,61.46,63.55,19.32,0,dd323728,35,28,2594,1.62,2.12,2.45,37.26,15.48,0.86,0.5,20.07,26.57,1.1,0.43,2.14,1.36,1,0.24,0.76,0.74,3.26,2.62,2.05,0.79,0.07,1.21,0.14,0.88,0.17,0.05,0.04,0.43,0.67,0.05,0,0
442,Ibrahim Sangaré,Nott'm Forest,45.38,85.45,0,47.06,50,100,0,bced0375,13,7,590,0.04,1.08,0.16,16.28,6.84,0.2,0.16,11.04,12.92,0.04,0,1.12,0.56,0.4,0.16,0.24,0.24,0.52,1.68,0.68,0.36,0.04,0.32,0,0.04,0.04,0,0.01,0.16,0.08,0,0,0
443,Matz Sels,Nott'm Forest,90,52.02,0,100,100,0,72.12,834b5c4c,38,38,3420,0.03,0.05,0,29,13.89,0,0,13.66,26.26,0,0,0.03,0.03,0,0,0,0,0.68,0.45,0.03,0,0.03,0.16,0,0,0,0,0.01,0.05,0.03,0,4.34,3.13
444,Harry Toffolo,Nott'm Forest,34.25,70.15,0,75,60,0,0,a105d46a,4,1,137,0,0.2,0.4,8.8,1.7,0,0,4.7,6.7,0,0,0.5,0.3,0.2,0.2,0,0.2,1.2,0.2,0.4,0.1,0,0,0,0.1,0,0,0,0,0,0,0,0
447,Chris Wood,Nott'm Forest,82.19,64.33,30.3,25,86.67,49.1,0,4e9a0555,36,35,2959,0.36,1.08,2.41,19.74,9.64,1.92,0.72,8.08,12.56,0.33,0.1,0.15,0.13,0.31,0.18,0.13,0.13,0.74,1.28,0.28,0.21,0.03,1.13,0.13,1.67,0.82,0.34,0.04,0.56,0.28,0.72,0,0
449,Ryan Yates,Nott'm Forest,54.71,81.5,50,46.15,50,27.59,0,c1fe2a48,35,18,1915,0.32,0.93,0.28,18.26,7.44,0.42,0.32,10.84,13.3,0.32,0.16,0.74,0.37,0.67,0.18,0.49,0.46,1.07,1.82,0.65,0.35,0.02,0.67,0.05,0.58,0.16,0.04,0.01,0.32,0.32,0.12,0,0
573,Nikola Milenković,Nott'm Forest,90,82.27,100,79.35,56.52,28.21,0,bee704fc,37,37,3330,0.08,1.38,0.16,38.16,14.78,0.11,0.05,22.97,27.92,0.03,0.03,1.38,0.78,1.11,0.65,0.46,0.73,5.65,2.3,0.92,0.19,0.03,0.57,0.08,0.78,0.22,0.11,0.01,0.24,0.08,0.05,0,0
596,João Pedro Ferreira Silva,Nott'm Forest,27.55,60.31,29.41,22.22,51.85,30.43,0,4d77e622,31,5,854,0.21,0.18,0.58,3.53,1.73,0.24,0.12,1.17,1.94,0.34,0.1,0.27,0.14,0.09,0.01,0.08,0.12,0.17,0.43,0.27,0.21,0,0.29,0.03,0.23,0.07,0.02,0.02,0.14,0.13,0.08,0,0
620,Ramón Sosa,Nott'm Forest,31.8,72.41,16.28,0,50,0,0,2d3417a1,5,0,159,0.64,0.71,1.93,7.43,4.07,0.57,0.29,3.57,4.93,0.86,0.14,0.14,0.07,0.07,0,0.07,0,0.29,0.57,0.21,0.21,0,0.57,0.29,0.21,0,0.01,0.04,0.36,0.21,0.07,0,0
653,Felipe Rodrigues da Silva morato,Nott'm Forest,34.88,77.01,100,61.29,63.64,33.33,0,0f41e2ee,26,6,907,0.01,0.28,0.01,6.82,2.45,0.09,0.04,3.55,4.61,0.03,0.03,0.33,0.21,0.21,0.07,0.13,0.15,1.16,0.54,0.31,0.12,0.03,0.04,0,0.03,0.01,0,0,0,0.03,0,0,0
14,Aaron Ramsdale,Southampton,90,63.28,0,0,0,0,63.8,466fb2c5,30,30,2700,0,0,0,43.8,26.2,0.1,0,25.8,40.77,0,0,0,0,0,0,0,0.07,0.33,0.77,0.1,0.1,0.1,0.1,0,0,0,0,0,0,0,0,6.27,4
27,Cameron Archer,Southampton,41.17,81.82,40.82,25,64.71,35.14,0,05e8ca6d,35,13,1441,0.29,0.18,0.87,5.24,2.97,0.53,0.34,2.7,3.3,0.49,0.2,0.17,0.11,0.07,0.01,0.05,0.03,0.14,0.46,0.12,0.09,0,0.26,0,0.37,0.13,0.08,0.01,0.07,0.13,0.11,0,0
188,Lesley Ugochukwu,Southampton,63.65,85.01,67.95,50,48.2,10.71,0,1df4a109,26,18,1655,0.81,1.36,0.56,24.42,13.31,0.33,0.36,16.67,19.61,0.78,0.53,1.39,0.67,0.75,0.28,0.47,0.39,0.64,1.86,1,0.5,0.06,0.67,0.03,0.28,0.03,0.02,0.02,0.39,0.42,0,0,0
397,Ryan Fraser,Southampton,38.25,74.83,64.71,66.67,33.33,100,0,d56543a0,8,4,306,0.56,0.44,1,7.28,4.11,0.22,0.11,4.28,5.72,0.17,0.11,0.33,0.11,0.06,0.06,0,0.06,0.5,0.56,0.33,0.11,0,0.28,0,0.06,0.06,0,0.01,0.11,0.28,0.06,0,0
452,Joe Aribo,Southampton,62.91,88.81,43.12,48.72,70.19,42.11,0,328f7d51,32,21,2013,0.8,1.67,1.44,28.24,16.56,0.6,0.42,20.64,23.24,1.09,0.47,1.04,0.73,0.62,0.24,0.38,0.44,0.71,2.49,0.78,0.4,0.07,0.82,0.02,0.38,0.16,0.06,0.03,0.36,0.64,0.02,0,0
453,Adam Armstrong,Southampton,63,77.78,52.33,60.87,78.05,37.61,0,68c720b5,16,12,1008,0.64,0.5,2.09,12.64,7.73,0.73,0.55,6.86,8.82,0.86,0.45,0.41,0.32,0.18,0.05,0.14,0,0.09,1.14,0.23,0.09,0,0.77,0.05,1.09,0.41,0.17,0.02,0.32,0.55,0.36,0,0
455,Jan Bednarek,Southampton,84.37,92.72,100,51.55,52.68,37.5,0,4115ce4e,30,30,2531,0.16,1.88,0.06,64.03,32.69,0.28,0.09,48.88,52.72,0.09,0.09,1.12,0.59,1.47,1.12,0.34,1.75,5.94,3.31,0.97,0.47,0.16,0.5,0,0.16,0.06,0.02,0.03,0.16,0.16,0,0,0
456,Armel Bella-Kotchap,Southampton,82.75,90.18,0,50,71.43,0,0,a39d11bc,4,2,331,0,1.25,0,65.75,46.5,0.25,0,50.5,56,0.25,0,1.75,1.25,0.5,0.5,0,1.25,5.25,4.75,1.5,0.75,0.25,0.5,0,0.25,0,0.08,0,0,0,0,0,0
457,James Bree,Southampton,63.24,83.45,51.52,40.38,73.42,23.53,0,c07b7c5c,17,13,1075,0.54,1.42,1.79,28.92,15.12,0.38,0.21,20.83,24.96,0.33,0.17,0.79,0.58,0.42,0.12,0.29,0.38,1.21,2.71,1.04,0.62,0,0.67,0.04,0.17,0.04,0,0.03,0.42,0.5,0,0,0
461,Taylor Harwood-Bellis,Southampton,83.09,87.44,100,54.64,71.79,39.29,0,47327321,34,32,2825,0.81,3.47,0.25,68.75,39.81,0.44,0.14,52.56,60.11,0.08,0.08,0.78,0.56,1.81,1.19,0.61,0.83,3.92,3.42,0.97,0.44,0.17,1.03,0.06,0.56,0.22,0.05,0.02,0.39,0.75,0,0,0
462,Kamaldeen Sulemana,Southampton,53.92,79.88,37.92,65.71,78.43,28.36,0,a62f8bf1,26,17,1402,1.47,0.63,2.02,13.65,8.84,1.16,0.58,6.63,8.3,2.4,0.91,0.51,0.4,0.37,0.09,0.28,0.14,0.21,1.47,0.35,0.12,0,0.7,0.07,0.67,0.19,0.03,0.02,0.23,0.86,0.07,0,0
463,Adam Lallana,Southampton,25.79,84.87,40,16,58.82,0,0,99813635,14,5,361,0.12,0.5,0.21,6.62,3.71,0.21,0.12,4.6,5.42,0.25,0.1,0.17,0.1,0.08,0.02,0.06,0.1,0.1,0.4,0.25,0.21,0,0.19,0.04,0.06,0,0,0.01,0.08,0.17,0,0,0
466,Joe Lumley,Southampton,90,0,0,0,0,0,0,bdf3a08e,1,1,90,0,0,0,0,0,0,0,0,0,0,0,0,0,0,0,0,0,0,0,0,0,0,0,0,0,0,0,0,0,0,0,0,0
467,Ryan Manning,Southampton,90,0,0,0,0,0,0,847b53eb,1,1,90,0,0,0,0,0,0,0,0,0,0,0,0,0,0,0,0,0,0,0,0,0,0,0,0,0,0,0,0,0,0,0,0,0
469,Alex McCarthy,Southampton,90,75,0,0,0,0,64.86,36c2ca73,5,5,450,0,0,0,34.6,20,0,0,23.4,31.2,0,0,0,0,0,0,0,0,0.2,0.8,0,0,0.8,0,0,0,0,0,0,0,0,0,7.4,4.8
470,Paul Onuachu,Southampton,42,60.89,30.61,38.46,30.77,43.75,0,c06d1086,25,11,1050,0.13,0.25,0.75,8.3,4.04,0.94,0.68,3.02,4.96,0.49,0.15,0.13,0.04,0.13,0.04,0.09,0.02,0.3,0.36,0.13,0.08,0.02,0.17,0.02,0.64,0.28,0.07,0.01,0.15,0.09,0.19,0,0
471,Will Smallbone,Southampton,38.33,75.83,71.43,30.77,64.58,11.76,0,5e105217,18,6,690,0.12,0.64,0.6,10.26,4.6,0.29,0.14,6.43,8.48,0.14,0.1,0.48,0.31,0.19,0,0.19,0.05,0.33,0.55,0.52,0.36,0.05,0.38,0,0.17,0.02,0.01,0.02,0.24,0.21,0,0,0
472,Jack Stephens,Southampton,73.11,92.05,0,56.15,58.78,52.94,0,6adbc307,19,17,1389,0.61,2.74,0.09,47.7,27.43,0.13,0.13,38.22,41.52,0.17,0,1.48,0.87,0.87,0.57,0.3,0.57,2.3,1.91,1.3,0.57,0.09,0.57,0,0.17,0.09,0.03,0.01,0.13,0.52,0.04,0,0
473,Ross Stewart,Southampton,32.42,70.49,60,37.5,66.67,22.22,0,18986367,12,4,389,0.09,0.06,0.3,4.24,1.94,0.21,0.27,2.03,2.88,0.15,0.09,0.18,0.12,0.09,0,0.09,0.03,0.21,0.18,0.24,0.15,0,0.15,0,0.27,0.06,0.03,0,0,0,0.03,0,0
474,Sugawara Yukinari,Southampton,51.9,80.04,44.74,61.67,58.33,37.04,0,580bcd18,30,16,1557,0.63,1.38,1.5,20.5,10.85,0.35,0.1,13.71,17.13,0.38,0.17,0.6,0.35,0.4,0.19,0.21,0.21,1.02,0.85,0.6,0.23,0.06,0.75,0.02,0.27,0.1,0.01,0.05,0.33,0.31,0.08,0,0
475,Charlie Taylor,Southampton,44.5,87.88,100,72.73,70.45,0,0,cc2d7ad5,8,3,356,0.19,0.56,0.44,17.44,7.25,0.06,0.06,12.25,13.94,0.12,0.12,0.44,0.31,0.5,0.31,0.19,0.31,1.94,0.62,0.44,0.12,0.06,0.12,0.06,0,0,0,0.01,0.06,0.19,0,0,0
476,Kyle Walker-Peters,Southampton,88.42,88.19,41.22,45.28,66.17,29.51,0,984a5a64,33,33,2918,3.45,4.21,4.36,61.27,38.52,0.97,1.18,45.24,51.3,2.79,1.15,1.33,0.88,0.82,0.45,0.36,0.58,2.73,4.09,1.06,0.58,0.03,1.91,0.21,0.61,0.18,0.02,0.07,0.73,2.18,0.06,0,0
477,Nathan Wood-Gordon,Southampton,70.27,93.26,67.44,73.42,57,0,0,4ccf2d5b,11,9,773,0.14,1.21,0,40.29,22.36,0.36,0.07,31.71,34,0.43,0.29,1,0.57,0.64,0.43,0.21,0.36,2.79,1.43,0.79,0.21,0.14,0.21,0,0.14,0,0.01,0,0.07,0.43,0,0,0
518,Flynn Downes,Southampton,79.67,90.42,40.3,41.67,50.92,30.3,0,69fdb896,27,25,2151,0.97,2.2,0.97,44.63,21.37,0.5,0.57,33.43,36.97,0.67,0.27,1.63,0.83,0.93,0.3,0.63,1.07,1.7,2.77,1.2,0.7,0.13,1.03,0.07,0.33,0.1,0.02,0.05,0.5,0.7,0,0,0
584,Ben Brereton Díaz,Southampton,44.9,77.11,25,11.11,66.67,9.09,0,57827369,10,4,449,0.6,0.45,2.1,10.3,6.8,0.45,0.2,6.4,8.3,0.2,0.05,0.15,0.1,0.1,0.05,0.05,0,0.2,0.8,0.45,0.4,0,0.45,0,0.55,0.05,0.04,0,0.15,0.65,0.05,0,0
608,Tyler Dibling,Southampton,56.79,81.29,41.04,62,58.46,31.48,0,bdcc89ae,33,20,1874,1.33,1.23,1.85,16.69,10.73,0.85,1.06,9.69,11.92,2.12,0.87,0.65,0.38,0.37,0.1,0.27,0.15,0.31,1.54,0.5,0.19,0.02,1.08,0.08,0.54,0.17,0.05,0.03,0.38,0.96,0.04,0,0
623,Mateus Gonçalo Espanha Fernandes,Southampton,80.81,79.89,45.22,45.56,54.05,33.33,0,ef491564,36,34,2909,1.9,3.62,2.7,44,22.42,1.45,0.9,27.18,34.02,2.72,1.23,2.22,1.2,1.08,0.2,0.88,0.7,0.88,4.47,1.8,0.98,0.18,1.95,0.18,1.05,0.35,0.1,0.09,0.85,1.75,0.1,0,0
718,Welington Damascena Santos,Southampton,48.2,78.03,56,63.21,42.74,0,0,a7f95b1f,10,6,482,0.28,0.61,1.06,15.33,5.56,0.5,0.22,8.06,10.33,0.5,0.28,1.17,0.5,0.28,0.06,0.22,0.39,2,1.17,1.06,0.39,0,0.39,0.06,0.17,0,0,0.01,0.17,0.22,0.06,0,0
719,Joachim Kayi-Sanda,Southampton,7,100,0,0,0,0,0,e2b2a181,2,0,14,0,0.04,0,0.76,0.56,0.04,0,0.6,0.6,0,0,0,0,0,0,0,0.08,0,0,0,0,0,0,0,0,0,0,0,0,0,0,0,0
734,Albert Grønbæk,Southampton,50.81,62.81,29.55,36,52,40.51,0,0da5076f,16,9,813,0.82,1.07,2.07,13.79,7.79,1.18,0.54,5.54,8.82,1.32,0.39,0.75,0.39,0.32,0.04,0.29,0.14,0.21,0.86,1,0.64,0,1.04,0.18,0.79,0.32,0.05,0.03,0.68,0.54,0,0,0
82,Dominic Solanke-Mitchell,Spurs,81.52,70.6,33.52,25.45,61.29,40.89,0,e77dc3b2,27,25,2201,1.07,1.62,3.03,22.59,13.28,2.38,1.76,8.79,12.45,1.76,0.59,0.62,0.38,0.69,0.31,0.38,0.03,0.79,1.31,0.55,0.41,0,1.28,0.28,2.03,0.83,0.38,0.04,0.48,0.79,0.17,0,0
479,Brandon Austin,Spurs,90,68.7,0,0,0,0,50.38,5e253986,1,1,90,0,0,0,12,7.33,0,0,7.33,10.67,0,0,0,0,0,0,0,0,0.33,0.33,0,0,0,0,0,0,0,0,0,0,0,0,1.33,0.67
480,Rodrigo Bentancur,Spurs,63.27,87.92,47.17,47.75,54.95,22.95,0,3b8674e6,26,21,1645,0.78,2.78,0.94,36.17,21.22,0.53,0.56,26.28,29.89,0.53,0.25,1.11,0.61,0.69,0.22,0.47,1.11,1.06,3.36,1.11,0.58,0.03,1.25,0.08,0.61,0.14,0.04,0.03,0.28,0.67,0.03,0,0
481,Lucas Bergvall,Spurs,44.89,87.4,46.99,52.54,48.61,18.18,0,a109e5c8,27,11,1212,0.61,0.91,0.57,16.39,9.83,0.37,0.35,11.65,13.33,0.83,0.39,0.72,0.35,0.33,0.15,0.19,0.44,0.41,1.35,0.59,0.28,0.06,0.41,0.07,0.22,0.04,0.01,0.01,0.2,0.39,0,0,0
482,Yves Bissouma,Spurs,50.29,88.62,31.82,55.88,63.27,36.36,0,6c203af0,28,16,1408,0.3,1.5,0.06,20.78,12.2,0.5,0.3,15.1,17.04,0.44,0.14,0.98,0.62,0.22,0.12,0.1,0.36,0.8,1.7,0.68,0.3,0.08,0.32,0,0.22,0.08,0.01,0.01,0.12,0.34,0,0,0
484,Ben Davies,Spurs,78.29,87.59,100,52.81,65.17,19.23,0,44781702,17,14,1331,0.74,2.74,0.32,62.42,34.95,0.26,0,47.16,53.84,0.05,0.05,0.89,0.58,1.47,1,0.47,0.63,4.26,2.16,0.89,0.42,0.05,0.42,0,0.26,0.05,0.02,0.03,0.11,0.53,0,0,0
486,Radu Drăgușin,Spurs,78.25,85.24,0,50.75,58.93,21.43,0,620922ed,16,14,1252,0.39,2.06,0.11,53.39,34.61,0.44,0.11,39.78,46.67,0.11,0,0.56,0.33,1.22,0.89,0.33,0.83,2.72,2.67,0.67,0.33,0.22,0.44,0.06,0.28,0.06,0.01,0.01,0.22,0.17,0,0,0
488,Fraser Forster,Spurs,90,84.84,100,0,0,0,64.33,c3e39f12,7,7,630,0,0,0,32.57,16.14,0.14,0,24,28.29,0.14,0.14,0,0,0,0,0,0,1,0.14,0.14,0.14,0.43,0,0,0,0,0,0,0,0,0,6,3.86
489,Archie Gray,Spurs,62.54,87.42,56.25,40.48,50,100,0,f58515f5,28,19,1751,0.18,1,0.42,32.15,21.95,0.3,0.28,25.02,28.62,0.32,0.18,0.4,0.2,0.55,0.28,0.28,0.48,1.25,1.72,0.42,0.25,0.05,0.15,0,0.02,0.02,0,0,0.08,0.12,0,0,0
491,Brennan Johnson,Spurs,65.97,70.38,42.86,47.37,66.67,36.67,0,0cd31129,33,24,2177,1.33,1.58,4.38,18.96,12.09,0.58,0.38,9.98,14.18,0.98,0.42,0.87,0.58,0.56,0.07,0.49,0.09,0.31,1.4,0.76,0.4,0,1.02,0.16,1.2,0.44,0.23,0.04,0.42,0.51,0.27,0,0
492,Dejan Kulusevski,Spurs,74.66,73.7,32.47,37.31,51.69,36.29,0,df3cda47,32,27,2389,3.16,3.26,5.53,33.58,21.66,2.03,1.95,17.32,23.5,3.08,1,1.18,0.61,0.89,0.13,0.76,0.34,0.26,3.18,1.34,0.84,0.03,3.37,0.24,1.24,0.45,0.11,0.1,1.71,1.76,0.13,0,0
494,James Maddison,Spurs,58.35,81.29,42.68,30.65,60.61,43.37,0,ee38d9c5,31,21,1809,0.96,3.49,2.02,31.15,21.83,0.49,0.53,21.72,26.72,1.64,0.7,0.66,0.4,0.32,0.09,0.23,0.26,0.4,1.62,0.62,0.43,0.02,2.02,0.38,0.83,0.36,0.12,0.13,0.87,0.83,0.09,0,0
495,Pedro Porro,Spurs,79.09,73.19,35.19,57.21,74.16,20.95,0,27d0a506,33,28,2610,1.76,4.16,2.95,60.46,32.08,0.68,0.49,37.43,51.14,1.08,0.38,1.78,1.32,1.19,0.46,0.73,0.97,2.27,4.11,2.08,0.89,0.05,2.92,0.22,1.05,0.22,0.04,0.12,1.54,1.16,0.03,0,0
496,Sergio Reguilón,Spurs,49,68.4,33.72,39.44,75.44,0,0,3353737a,4,1,196,0.71,1.86,1.71,23.86,12.57,0.29,0.14,13.29,19.43,0.86,0.29,0.57,0.43,1,0,1,0.57,1.14,2,0.71,0.43,0,0.14,0,0.29,0,0.01,0.04,0.14,0.29,0,0,0
497,Richarlison de Andrade,Spurs,33.6,60.08,5,0,66.67,42.86,0,fa031b34,15,4,504,0.2,0.28,0.55,4.32,2.22,0.22,0.2,1.55,2.58,0.4,0.02,0.12,0.08,0.02,0.02,0,0,0.2,0.28,0.08,0.08,0,0.2,0.02,0.42,0.18,0.09,0.02,0.1,0.2,0.08,0,0
498,Cristian Romero,Spurs,78.67,89.45,25,70,82.86,50,0,a3d94a58,18,18,1416,0.6,3.55,0.15,68.85,44.8,0.5,0.25,54.7,61.15,0.2,0.05,1.75,1.45,0.9,0.15,0.75,1.05,2.85,4.5,1.5,0.45,0.1,1,0.2,0.8,0.4,0.08,0.04,0.35,0.9,0.1,0,0
499,Pape Matar Sarr,Spurs,53.14,86.41,36,47.62,73.17,38.6,0,feb5d972,36,22,1913,0.55,1.47,0.88,20.88,12.87,0.48,0.37,14.82,17.15,0.5,0.18,0.82,0.6,0.43,0.17,0.27,0.5,0.42,1.92,0.42,0.22,0.02,0.75,0.12,0.57,0.22,0.06,0.01,0.25,0.62,0.03,0,0
500,Dane Scarlett,Spurs,39.6,62.7,35.29,0,0,59.26,0,21945a9e,20,7,792,0.16,0.18,0.84,4.84,2.89,0.84,0.4,1.53,2.44,0.51,0.18,0.07,0,0,0,0,0.13,0.18,0.47,0.11,0.11,0,0.22,0.02,0.27,0.16,0.02,0.01,0.09,0.18,0.24,0,0
503,Son Heung-min,Spurs,70.33,78.92,34.86,18.31,53.33,43.45,0,92e7e919,30,24,2110,2.53,2.92,6.97,29.84,20.03,0.66,0.84,19.21,24.34,2.18,0.76,0.45,0.24,0.29,0,0.29,0.13,0.45,2.24,0.71,0.58,0.03,3.08,0.39,1.45,0.63,0.19,0.13,1.32,1.29,0.32,0,0
504,Djed Spence,Spurs,71.68,85.45,50.2,76.29,72.37,31.25,0,9bc9a519,25,19,1792,1.9,3.39,2.26,46.06,25.61,0.9,1.06,32,37.45,2.45,1.23,1.52,1.1,0.9,0.29,0.61,0.68,2.39,3.52,0.97,0.23,0.06,0.94,0.16,0.32,0.1,0.02,0.05,0.35,1.42,0.06,0,0
505,Destiny Udogie,Spurs,76.96,87.18,40.91,68.67,62.55,17.65,0,7cd520e8,25,24,1924,1.86,4.17,3.24,47.45,26.14,1.28,0.66,33.52,38.45,1.1,0.45,2.59,1.62,1.38,0.21,1.17,0.76,1.24,3.83,1.66,0.52,0.03,1.24,0.1,0.17,0.03,0.01,0.04,0.55,1.38,0.1,0,0
506,Micky van de Ven,Spurs,78.08,90.89,50.88,57,60.56,32.56,0,8fe2a392,13,12,1015,0.57,3.64,0.07,63.93,44.29,0.36,0.36,52.07,57.29,0.57,0.29,0.71,0.43,0.86,0.57,0.29,0.71,2.79,4.5,1,0.43,0.07,0.79,0.14,0.43,0.14,0.04,0.05,0.14,0.71,0,0,0
508,Guglielmo Vicario,Spurs,90,87.4,100,0,0,0,65.65,77d6fd4d,24,24,2160,0,0.04,0,38.67,27.54,0,0,31.83,36.42,0.04,0.04,0,0,0,0,0,0.04,0.58,1.33,0,0,0.25,0.17,0,0,0,0,0,0,0,0,4.25,2.79
509,Timo Werner,Spurs,28.67,66.98,52.94,21.74,63.64,35.71,0,49fe9070,18,4,516,0.75,0.54,1.59,5.32,3.84,0.25,0.11,2.82,4.21,0.34,0.18,0.11,0.07,0.18,0.02,0.16,0.02,0.12,0.32,0.23,0.18,0,0.32,0.05,0.14,0.05,0.02,0.03,0.18,0.43,0.09,0,0
610,Mikey Moore,Spurs,62.5,0,0,0,0,0,0,00953a9d,2,2,125,0,0,0,0,0,0,0,0,0,0,0,0,0,0,0,0,0,0,0,0,0,0,0,0,0,0,0,0,0,0,0,0,0
612,Wilson Odobert,Spurs,53.13,77.34,36.97,57.69,36.54,31.25,0,35516eac,16,9,850,1.67,1,2.44,14.11,9.81,0.78,0.63,7.85,10.15,1.19,0.44,0.52,0.19,0.22,0,0.22,0.15,0.19,1.26,0.52,0.22,0.04,0.59,0.04,0.48,0.15,0.06,0.03,0.22,0.93,0.04,0,0
699,Alfie Dorrington,Spurs,71.25,0,0,0,0,35,0,ac1ef440,12,8,855,0,0,0,0,0,0,0,0,0,0,0,0,0.47,0,0,0,0.8,0,0,0,0,0,0,0,0.2,0.07,0,0,0,0,0.07,0,0
716,Antonín Kinsky,Spurs,90,76.94,0,100,34,0,71.86,b38ac6a4,6,6,540,0.17,0.17,0,39.5,24,0,0,27.83,36.17,0,0,0.5,0.17,0,0,0,0,1.5,1,0.17,0,0.17,0.17,0,0,0,0,0,0.17,0,0,5.33,3.83
767,Kevin Danso,Spurs,84.2,86.49,66.67,54.55,71.43,42.86,0,6e33125f,10,9,842,1.1,1.9,0.1,67.6,44.8,0.8,0.3,48,55.5,0.3,0.2,0.7,0.5,1.5,1.4,0.1,0.6,7.1,2.7,1.1,0.5,0.1,0.9,0.2,0.7,0.3,0.04,0.01,0.2,0.5,0,0,0
768,Mathys Tel,Spurs,70.08,69.55,28.4,38.27,38,36.23,0,829aa60c,13,11,911,1.75,1.31,4.5,25.88,16.62,1.75,0.94,11.56,16.62,3.31,0.94,1,0.38,0.5,0.06,0.44,0.12,0.5,2.38,0.81,0.5,0.12,1.75,0.12,1.38,0.5,0.19,0.09,0.88,1.44,0.06,0,0
123,Evan Ferguson,West Ham,19.5,75.73,57.14,0,37.5,21.43,0,4596da74,8,1,156,0.03,0.03,0.19,1.83,0.86,0.22,0.14,0.78,1.03,0.14,0.08,0.08,0.03,0.06,0.03,0.03,0.03,0.03,0.22,0,0,0,0.11,0,0.14,0.03,0.02,0.01,0.06,0.03,0,0,0
388,Aaron Wan-Bissaka,West Ham,87.61,81.1,52.51,71.91,70.1,31.82,0,9e525177,36,35,3154,3.06,4.14,4.64,62.67,30.33,0.97,0.61,40.89,50.42,3.39,1.78,1.94,1.36,1.03,0.31,0.72,1.83,3.47,4.83,0.89,0.25,0,2.58,0.28,0.44,0.14,0.03,0.08,0.92,1.81,0.14,0,0
511,Edson Álvarez,West Ham,63.29,85.85,42.35,48.89,53.91,9.68,0,8b3ab7ad,28,20,1772,0.62,2.18,0.46,31.77,17.62,0.69,0.38,22.08,25.72,0.85,0.36,1.28,0.69,0.59,0.21,0.38,0.46,1.18,2.26,0.9,0.46,0.03,0.72,0.05,0.31,0.03,0.01,0.02,0.31,0.56,0.1,0,0
512,Michail Antonio,West Ham,59.71,60.67,33.33,64.29,100,21.11,0,ac05f970,14,11,836,1.38,0.86,2.81,14.1,8.24,1.67,0.9,5.43,8.95,1.29,0.43,0.1,0.1,0.29,0,0.29,0,0.1,1.05,0.14,0.05,0,1.05,0.19,0.9,0.19,0.1,0.04,0.43,0.62,0.19,0,0
513,Alphonse Areola,West Ham,86.92,69.56,0,66.67,100,0,66.97,2f965a72,26,25,2260,0,0.04,0,40.35,23.12,0,0,26.46,38.04,0,0,0.08,0.08,0,0,0,0,0.58,1.12,0.12,0.04,0.12,0.12,0,0,0,0,0,0,0,0,4.42,2.96
514,Jarrod Bowen,West Ham,87.44,71.67,33.77,47.46,62.81,41.9,0,79c84d1c,34,34,2973,3.21,2.68,6.24,36.82,21.79,2.06,2.26,17.18,23.97,3.82,1.29,1.21,0.76,0.65,0.12,0.53,0.47,0.74,3.79,1.18,0.62,0,3.32,0.44,2.53,1.06,0.25,0.19,1.5,1.35,0.29,0,0
516,Vladimír Coufal,West Ham,48.5,78.6,31.58,45.45,69.09,27.78,0,fdf3cb77,22,11,1067,0.65,0.98,0.82,18.4,7.45,0.3,0.2,11.75,14.95,0.38,0.12,0.55,0.38,0.32,0.28,0.05,0.2,0.98,0.98,0.55,0.3,0.02,0.45,0.02,0.18,0.05,0.01,0.02,0.2,0.25,0,0,0
517,Aaron Cresswell,West Ham,45.78,82.62,50,80.65,64.52,0,0,4f974391,18,10,824,0.17,1.03,0.11,19.63,8.31,0.11,0,14.4,17.43,0.06,0.03,0.31,0.2,0.26,0.11,0.14,0.23,1.06,1.03,0.31,0.06,0,0.43,0,0.14,0,0.01,0.05,0.26,0.23,0,0,0
520,Emerson Palmieri dos Santos,West Ham,68.16,79.94,33.33,56.67,52,45,0,e0bc6fdc,31,26,2113,1.18,1.65,2.08,33.12,13.88,0.6,0.18,21.52,26.92,0.75,0.25,1.5,0.78,0.8,0.2,0.6,0.52,1.48,2.1,1.2,0.52,0,1.02,0.05,0.4,0.18,0.05,0.06,0.4,0.62,0,0,0
521,Łukasz Fabiański,West Ham,82.86,67.06,100,0,0,0,70.4,9328b835,14,13,1160,0,0,0,35.33,19,0,0,22.13,33,0.2,0.2,0,0,0,0,0,0,0.33,0.33,0.07,0.07,0.07,0.2,0,0,0,0,0,0,0,0,4.73,3.33
523,Danny Ings,West Ham,18.93,68.46,60,25,50,35,0,07802f7f,15,1,284,0.08,0.07,0.41,1.96,0.89,0.08,0.08,0.89,1.3,0.1,0.06,0.06,0.03,0.07,0,0.07,0.01,0.06,0.13,0.04,0.03,0,0.17,0.03,0.2,0.07,0.03,0,0.08,0,0,0,0
524,Max Kilman,West Ham,88.11,86.67,72.41,84.51,61.17,14.71,0,d0f72bf1,38,38,3348,0.82,2.97,0.16,62.47,33.42,0.45,0.11,44.66,51.53,0.58,0.42,1.03,0.63,1.53,1.05,0.47,1,5.58,3.84,0.71,0.11,0.16,0.84,0.13,0.34,0.05,0.04,0.03,0.42,0.37,0.05,0,0
525,Mohammed Kudus,West Ham,80.94,83.63,44.28,36.36,60.55,28.04,0,b62878a5,32,31,2590,2.8,2.26,6.17,36.4,24.06,2.2,2.66,20.43,24.43,5.94,2.63,1.09,0.66,0.69,0.03,0.66,0.11,0.23,3.94,0.77,0.49,0.06,3.06,0.29,2.14,0.6,0.2,0.08,0.89,1.69,0.51,0,0
526,Luis Guilherme Lira dos Santos,West Ham,12.5,85.9,53.33,0,0,20,0,b7672d43,12,1,150,0.05,0.06,0.19,1.15,0.59,0.05,0.03,0.67,0.78,0.15,0.08,0.01,0,0.08,0,0.08,0.03,0.02,0.08,0.03,0.03,0,0.12,0,0.05,0.01,0,0,0.03,0.03,0,0,0
527,Lucas Tolentino Coelho de Lima,West Ham,72.12,77.33,44.35,49.25,55.9,7.37,0,9b6f7fd5,33,27,2380,0.63,3.78,2.07,43.8,22.46,1.32,1.24,27.46,35.51,1.15,0.51,1.61,0.9,0.71,0.1,0.61,0.44,0.9,3.63,1.34,0.68,0.15,2,0.15,0.95,0.07,0.13,0.08,0.88,0.83,0.15,0,0
528,Konstantinos Mavropanos,West Ham,61.97,86.32,52.78,59.65,68.92,28.95,0,00963611,33,21,2045,0.36,1.3,0.04,32.6,18.38,0.26,0,23.23,26.91,0.36,0.19,0.74,0.51,0.53,0.38,0.15,0.85,2.68,1.64,0.57,0.23,0.02,0.34,0,0.38,0.11,0.03,0.01,0.11,0.21,0.06,0,0
530,Tomáš Souček,West Ham,73.34,73.78,48.28,59.05,45.45,30.53,0,6613c819,35,30,2567,0.21,1.76,1.62,30.48,12.05,0.48,0.36,17.02,23.07,0.29,0.14,1.1,0.5,0.98,0.5,0.48,0.48,2.02,1.5,1.05,0.43,0.02,1.05,0.07,1.31,0.4,0.16,0.03,0.33,0.29,0.1,0,0
531,James Ward-Prowse,West Ham,44.44,79.72,0,100,27.27,54.55,0,3515d404,9,5,400,0.06,0.89,0.17,11.39,5.11,0.17,0.17,8.06,10.11,0,0,0.22,0.06,0.17,0.11,0.06,0.28,0.44,1.06,0.11,0,0,0.56,0.11,0.11,0.06,0.01,0.04,0.22,0.17,0,0,0
576,Andy Irving,West Ham,16.6,87.83,100,22.22,53.85,57.14,0,b1be9fc0,10,1,166,0,0.17,0.07,2.78,1.35,0.02,0.06,2.02,2.3,0.02,0.02,0.13,0.07,0.09,0.02,0.07,0.02,0.09,0.19,0.09,0.07,0,0.09,0,0.07,0.04,0,0,0.02,0.02,0,0,0
587,Crysencio Summerville,West Ham,41.37,76.29,33.68,31.82,53.13,29.41,0,df04eb4b,19,7,786,0.71,0.44,1.73,9.07,5.05,0.49,0.39,4.73,6.2,0.95,0.32,0.32,0.17,0.32,0.1,0.22,0,0.17,0.93,0.22,0.15,0,0.85,0.02,0.34,0.1,0.04,0.04,0.41,0.37,0.1,0,0
588,Guido Rodríguez,West Ham,49.96,84.37,46.67,51.25,52.27,10,0,34e393f2,23,16,1149,0.1,0.8,0.17,17.29,7.98,0.1,0.17,11.71,13.88,0.15,0.07,0.88,0.46,0.56,0.22,0.34,0.32,0.85,1.29,0.8,0.39,0.02,0.29,0.02,0.2,0.02,0,0,0.1,0.12,0.05,0,0
589,Niclas Füllkrug,West Ham,43.89,67.09,13.64,72.73,72.73,43.18,0,4f16405e,18,6,790,0.19,0.39,0.86,7.69,3.42,0.5,0.19,3.69,5.5,0.22,0.03,0.11,0.08,0.03,0,0.03,0.03,0.44,0.5,0.11,0.03,0,0.61,0.06,0.44,0.19,0.06,0.01,0.39,0.11,0.28,0,0
591,Jean-Clair Todibo,West Ham,67.59,87.9,56.52,71.84,59.7,0,0,88f130ed,27,20,1825,0.26,1.09,0.14,37.06,21.71,0.4,0.31,27.17,30.91,0.46,0.26,1.34,0.8,0.71,0.37,0.34,0.74,2.37,2.26,1.03,0.29,0.09,0.14,0,0.14,0,0.01,0,0.06,0.14,0,0,0
643,Kaelan Casey,West Ham,85.73,0,0,0,0,0,0,cd4b2c5f,11,11,943,0,0,0,0,0,0,0,0,0,0,0,0,0,0,0,0,0,0,0,0,0,0,0,0,0,0,0,0,0,0,0,0,0
654,Carlos Soler,West Ham,45.45,85.14,43.33,31.58,69.23,31.71,0,fed17f5a,31,14,1409,0.28,0.92,0.61,13.02,6.02,0.23,0.23,9.34,10.97,0.3,0.13,0.26,0.18,0.31,0.1,0.21,0.13,0.34,1.05,0.38,0.26,0.03,0.84,0.03,0.41,0.13,0.03,0.03,0.3,0.28,0,0,0
677,Ollie Scarles,West Ham,80.14,0,0,0,0,0,0,242e5e6d,7,6,561,0,0,0,0,0,0,0,0,0,0,0,0,0,0,0,0,0,0,0,0,0,0,0,0,0,0,0,0,0,0,0,0,0
701,Lewis Orford,West Ham,88.71,0,0,0,0,0,0,40aaa04c,17,17,1508,0,0,0,0,0,0,0,0,0,0,0,0,0,0,0,0,0,0,0,0,0,0,0,0,0,0,0,0,0,0,0,0,0
204,Sam Johnstone,Wolves,90,66.2,0,0,0,0,59.07,9e5708be,7,7,630,0,0,0,43.71,28,0,0,26.29,39.71,0,0,0,0,0,0,0,0,1,1.29,0.14,0.14,0,0.29,0,0,0,0,0,0.14,0,0,5.57,3.29
533,Rayan Aït-Nouri,Wolves,84.03,84.18,46.15,61.45,64.04,28.26,0,9b398aea,37,37,3109,2.28,2.77,4.51,55.08,28.95,1.33,1.21,37.15,44.13,3.51,1.62,2.28,1.46,1.08,0.15,0.92,0.67,1.92,3.72,1.79,0.69,0.05,2.33,0.31,0.92,0.26,0.07,0.1,1.18,1.59,0.15,0,0
534,Boubacar Traoré,Wolves,38.5,0,0,0,0,0,0,999ceb5f,2,2,77,0,0,0,0,0,0,0,0,0,0,0,0,0,0,0,0,0,0,0,0,0,0,0,0,0,0,0,0,0,0,0,0,0
535,Jean-Ricner Bellegarde,Wolves,47.91,79.28,23.4,70.97,61.67,23.53,0,10f0fdd3,35,20,1677,0.8,0.66,1.37,12.97,8.12,0.65,0.45,7.31,9.22,0.94,0.22,0.6,0.37,0.29,0.05,0.25,0.15,0.28,0.95,0.31,0.09,0.02,0.88,0.17,0.34,0.08,0.02,0.04,0.42,0.58,0.02,0,0
536,Daniel Bentley,Wolves,90,75.38,0,0,0,0,66.67,68db6358,2,2,180,0,0,0,34.5,19.5,0,0,24.5,32.5,0,0,0,0,0,0,0,0,0.5,2,0,0,0,0,0,0,0,0,0,0,0,0,6,4
541,Matheus Santos Carneiro Da Cunha,Wolves,78.7,71.59,44.59,33.33,57.28,40.07,0,dc62b55d,33,29,2597,3.03,3.89,4.35,42.19,24.43,2.16,1.49,21.92,30.62,3.7,1.65,1.03,0.59,0.57,0.03,0.54,0.46,0.62,3.38,1.05,0.7,0,3.57,0.43,2.97,1.19,0.23,0.14,1.51,2.57,0.22,0,0
542,Craig Dawson,Wolves,64.73,86.58,20,80,20,20,0,3e9e06cb,15,10,971,0.3,1,0.25,33.55,19.5,0.1,0,24.2,27.95,0.25,0.05,0.75,0.15,0.8,0.55,0.25,0.45,2.6,1.75,0.75,0.15,0.05,0.35,0.1,0.25,0.05,0.02,0,0.1,0.05,0.1,0,0
543,Matt Doherty,Wolves,70.3,82.81,52.73,68.18,55,30.77,0,d557d734,30,25,2109,0.76,2.08,1.08,40.37,21.71,0.29,0.13,28.37,34.26,0.55,0.29,1,0.55,0.74,0.39,0.34,0.58,2.68,2.79,0.66,0.21,0.08,0.66,0.08,0.26,0.08,0.03,0.03,0.32,0.53,0.05,0,0
544,Tommy Doyle,Wolves,20.33,81.89,62.5,42.86,60,25,0,5526deb1,24,3,488,0.06,0.38,0.04,4.37,2.45,0.08,0.04,3.03,3.7,0.08,0.05,0.1,0.06,0.1,0.05,0.06,0.05,0.1,0.41,0.14,0.08,0.01,0.16,0.03,0.08,0.02,0.01,0,0.07,0.03,0,0,0
548,Gonçalo Manuel Ganchinho Guedes,Wolves,34.31,74.29,32.43,23.81,33.33,30.56,0,e6bc67d7,29,10,995,0.54,0.53,1.04,6.37,4,0.5,0.24,3.41,4.59,0.37,0.12,0.21,0.07,0.14,0,0.14,0.07,0.05,0.47,0.21,0.16,0,0.39,0.11,0.36,0.11,0.04,0.01,0.18,0.36,0.04,0,0
550,Hwang Hee-chan,Wolves,31.48,81.47,13.04,30,70,62.5,0,169fd162,21,5,661,0.25,0.2,0.7,4.52,2.65,0.23,0.17,2.77,3.4,0.23,0.03,0.1,0.07,0.15,0,0.15,0.03,0.18,0.47,0.1,0.07,0,0.15,0.02,0.08,0.05,0.01,0,0.05,0.08,0,0,0
553,João Victor Gomes da Silva,Wolves,82.61,85.01,46.11,43.62,61.28,20,0,8b57ad2c,36,35,2974,1.51,4.23,1.95,51.23,27.15,1.1,1.31,35.38,41.62,1.67,0.77,2.97,1.82,1.08,0.1,0.97,0.64,0.85,5.13,2.82,1.59,0,1.72,0.1,0.9,0.18,0.07,0.05,0.59,1.31,0.03,0,0
554,José Malheiro de Sá,Wolves,89.97,64.06,100,100,100,0,59.06,903b6e8b,29,29,2609,0,0.07,0,33.97,21.72,0.03,0,20.41,31.86,0.28,0.28,0.07,0.07,0,0,0,0,0.52,1.28,0.07,0,0.03,0.17,0,0,0,0,0,0.1,0,0,4.03,2.38
556,Tom King,Wolves,89.97,64.06,100,100,100,0,59.06,903b6e8b,29,29,2609,0,0.07,0,33.97,21.72,0.03,0,20.41,31.86,0.28,0.28,0.07,0.07,0,0,0,0,0.52,1.28,0.07,0,0.03,0.17,0,0,0,0,0,0.1,0,0,4.03,2.38
557,Mario Lemina,Wolves,66.67,0,0,0,0,33.33,0,2b471f99,12,9,800,0,0,0,0,0,0,0,0,0,0,0,0,0.56,0,0,0,0.81,0,0,0,0,0,0,0,0.75,0.25,0,0,0,0,0.06,0,0
558,Yerson Mosquera,Wolves,88.2,85.42,0,64.29,63.64,0,0,1e159d70,5,5,441,0,1.4,0,58.8,33.6,0.8,0.2,41,48,0,0,2.2,1.4,2.6,2,0.6,2,2.8,4.8,2.8,1,0,1,0,0.4,0,0.06,0,0.4,0.2,0.2,0,0
559,Nélson Cabral Semedo,Wolves,75,0,0,0,0,0,0,d04b94db,1,1,75,0,0,0,0,0,0,0,0,0,0,0,0,0,0,0,0,0,0,0,0,0,0,0,0,0,0,0,0,0,0,0,0,0
561,Pedro Cardoso de Lima,Wolves,23.33,73.91,33.33,33.33,0,100,0,b2f4cad5,3,1,70,0.36,0.36,1,4.36,2,0.09,0,2.55,3.45,0.27,0.09,0.09,0,0,0,0,0.18,0.45,0.27,0.27,0.18,0,0.36,0,0.09,0.09,0.01,0.01,0.18,0.27,0.09,0,0
562,Daniel Castelo Podence,Wolves,24,68.56,100,0,0,0,0,7fcc71d8,2,0,48,0.14,0.29,0.43,2.86,1.86,0,0,1.57,2.29,0.29,0.29,0,0,0,0,0,0,0,0.14,0.14,0.14,0,0,0,0.14,0,0,0,0,0.14,0,0,0
563,Rodrigo Martins Gomes,Wolves,32.4,68.53,31.82,56.67,66.67,40,0,8dcf77c0,25,7,810,0.33,0.39,1.17,6.04,3.14,0.3,0.13,3.07,4.48,0.22,0.07,0.33,0.22,0.12,0.01,0.1,0.1,0.29,0.41,0.3,0.13,0.01,0.32,0.01,0.1,0.04,0.01,0.01,0.17,0.26,0,0,0
564,Santiago Bueno,Wolves,58.17,87.98,0,78,51.61,50,0,edc98fac,29,18,1687,0.02,0.64,0.02,23.3,12.61,0.05,0.05,16.84,19.14,0.09,0,0.93,0.48,0.82,0.48,0.34,0.34,1.59,0.98,0.5,0.11,0,0.27,0.09,0.14,0.07,0.01,0,0,0.05,0,0,0
565,Pablo Sarabia,Wolves,35.39,69.23,38.46,64.29,50,48.28,0,9744ff80,23,7,814,0.26,1.03,1.07,9.52,5.6,0.38,0.24,5.31,7.67,0.26,0.1,0.28,0.14,0.17,0,0.17,0.07,0.12,0.59,0.28,0.1,0.02,0.48,0.09,0.29,0.14,0.05,0.03,0.26,0.26,0.09,0,0
566,Jørgen Strand Larsen,Wolves,73.91,64.52,39.58,14.06,58.33,61.24,0,f553b2b3,35,30,2587,0.4,0.69,2.67,17.52,8.21,2.14,0.81,7.02,10.88,0.48,0.19,0.24,0.14,0.45,0.1,0.36,0.14,0.69,1,0.64,0.55,0,1,0.14,1.29,0.79,0.25,0.02,0.5,0.33,0.38,0,0
567,Toti António Gomes,Wolves,84.32,85.95,62.89,80.58,70.27,28.57,0,f0caab96,31,30,2614,0.82,2.61,0.55,61.42,36.52,0.61,0.45,44.64,51.94,0.97,0.61,1.85,1.3,0.88,0.52,0.36,0.76,4.61,3.52,1.39,0.27,0.15,0.64,0.03,0.21,0.06,0.02,0.02,0.27,0.61,0.12,0,0
642,André Trindade da Costa Neto,Wolves,74.91,92.91,50,58.64,60.52,11.54,0,ec604e2c,33,31,2472,0.26,2.79,0.28,41.62,23.38,0.77,0.54,31.97,34.41,0.82,0.41,2.33,1.41,1.08,0.21,0.87,0.95,0.77,4.97,1.62,0.67,0.03,1.26,0.08,0.26,0.03,0.01,0.02,0.46,0.44,0,0,0
655,Carlos Roberto Forbs Borges,Wolves,23.9,65.85,59.38,68.75,63.64,0,0,8a310070,10,1,239,0.27,0.22,0.76,3.27,2.03,0.19,0.11,1.62,2.46,0.32,0.19,0.22,0.14,0.08,0,0.08,0.03,0.05,0.3,0.16,0.05,0.03,0.14,0.03,0.05,0,0,0,0.03,0.08,0,0,0
664,Alfie Pond,Wolves,80,0,0,0,0,0,0,039c3d96,11,11,880,0,0,0,0,0,0,0,0,0,0,0,0,0,0,0,0,0,0,0,0,0,0,0,0,0,0,0,0,0,0,0,0,0
720,Emmanuel Agbadou,Wolves,88.13,85.42,76.54,64.8,63.3,27.27,0,75f1ed80,16,16,1410,0.38,1.94,0.12,73.25,47.38,0.38,0.25,53.44,62.56,0.81,0.62,1.88,1.19,1.19,0.81,0.38,0.75,5.62,5.19,1.25,0.44,0,1.06,0.19,0.44,0.12,0.05,0.02,0.25,0.25,0.06,0,0
769,Nasser Djiga,Wolves,13.2,83.69,0,0,0,0,0,1a7a4d84,5,1,66,0,0.09,0.06,1.71,0.94,0.03,0.06,1.18,1.41,0,0,0,0,0,0,0,0.06,0.12,0.06,0.03,0.03,0.03,0,0,0,0,0,0,0,0.03,0,0,0
770,Marshall Munetsi,Wolves,77,71.7,27.54,56.94,41.33,31.88,0,2acf0cd7,14,12,1078,0.56,0.62,2.19,22.75,9.25,2,0.75,9.5,13.25,0.69,0.19,1.5,0.62,0.88,0.06,0.81,0.38,1.12,2.19,1.44,0.62,0,1.31,0.06,1.38,0.44,0.21,0.07,0.56,0.25,0.19,0,0
784,Mateus Mané,Wolves,25,0,0,0,0,0,0,c15cb409,1,0,25,0,0,0,0,0,0,0,0,0,0,0,0,0,0,0,0,0,0,0,0,0,0,0,0,0,0,0,0,0,0,0,0,0